:1010000000000420751300005D13000075680000E7
:10101000611300006313000065130000000000006E
:10102000000000000000000000000000497D0200F8
:1010300069130000000000006D7D02006D130000C8
:1010400085C600006F13000095C6000099280100B6
:10105000B12801006F130000E1C00000B5130100CA
:10106000551001006D100100851001005968000045
:101070006F1300006F1300006F1300006F13000068
:10108000E92D0100898202006F1300006F13000038
:101090006F1300006F1300006F1300006F13000048
:1010A0006F1300006F1300006F1300006F13000038
:1010B0006F1300006F13000000000000000000002C
:1010C0006F1300006F1300006F130000BD310100AB
:1010D0006F1300006F1300006F130000B1F70000E2
:1010E0006F130000A9D400006F130000000000007F
:1010F000000000006F130000000000006F130000EC
:1011000000000000000000000000000000000000DF
:1011100000000000000000000000000000000000CF
:1011200000000000000000000000000000000000BF
:1011300000000000000000000000000000000000AF
:10114000000000000000000000000000000000009F
:10115000000000000000000000000000000000008F
:10116000000000000000000000000000000000007F
:10117000000000000000000000000000000000006F
:10118000000000000000000000000000000000005F
:10119000000000000000000000000000000000004F
:1011A000000000000000000000000000000000003F
:1011B000000000000000000000000000000000002F
:1011C000000000000000000000000000000000001F
:1011D000000000000000000000000000000000000F
:1011E00000000000000000000000000000000000FF
:1011F00000000000000000000000000000000000EF
:10120000354936480A1A02D0072291438D4634499F
:1012100034480A1A06D00722914381F30988022232
:1012200082F3148830483149314A00F044F831489B
:101230003149324A00F03FF831483249324A00F031
:101240003AF832483249334A00F035F832483349E7
:10125000334A00F030F833483349344A00F02BF871
:1012600033483449344A00F026F8344834490022DF
:1012700000F02CF833483449002200F027F83348B6
:101280003349091A082902DB002202604160314A11
:1012900090471F481F49884205D00268043003B4B4
:1012A000904703BCF7E700208646EC46002000216B
:1012B000294A9047FEE7884207D0521A05D00378A2
:1012C00001300B700131013AF9D17047884202D0E8
:1012D00002700130FAE770470000042000E00320AC
:1012E0000000042000000420201704000800002053
:1012F00050040020D0130000D0130000B4BB020043
:10130000201704000800002008000020B4BB0200E1
:10131000B4BB0200B4BB0200B4BB0200B4BB020009
:10132000B4BB0200B4BB0200B4BB0200201704002F
:10133000681B0400500400205004002050040020CA
:101340009C4B01209C4B0120A44B0120A44B01206D
:10135000A46B01209D130000CD510100FEE7FEE7C4
:10136000FEE7FEE7FEE7FEE7FEE7FEE7FEE7FEE755
:1013700000F002B8FFF7FCBF0F484FF007018843A9
:1013800085460E4880470E48016841F470010160AF
:10139000BFF34F8FBFF36F8FFFF732BF09480A4982
:1013A0000A4A884207D0521A05D0037801300B70E0
:1013B0000131013AF9D17047000004207158020050
:1013C00088ED00E0B4BB0200080000200800002007
:1013D00000487047944B012086B00390029101921F
:1013E00001238DF817309DF81730204A039B1360B6
:1013F0001E4A029B53601D4A019B9360039B44F26B
:101400000102934212D0039B44F20202934220D184
:10141000019B164AD360154BDB681B68134A936126
:10142000124BDB685B68114AD36112E0019B0F4AE3
:1014300013610E4B1B699B680C4A53610B4B1B6974
:101440001B680A4A9361094B1B695B68074AD361B1
:1014500000BF72B600BF00BF9DF81730DBB2002B93
:10146000FAD162B600BF00BF06B07047500400203A
:1014700000B583B002900091019244F201007146E0
:101480006A4600F003F803B000BD00BF10B588B095
:1014900005900491039272B600BF059B44F20102CD
:1014A00093420FD0059B44F20202934221D1039B49
:1014B0000793079B5968079B1B681A4615481FF03E
:1014C00025F917E0039B0693069B9C68069B9B6887
:1014D000184606F0CBF9069B5968069B1B68049AD0
:1014E000019200930B46024621460B481FF00EF96D
:1014F00000E000BF094B1B6803F00103002B00D084
:1015000000BE039A04990598FFF766FF00BF08B074
:1015100010BD00BFB4BB0200D0BB0200F0ED00E084
:10152000024BD3F88034DBB218467047007002409B
:10153000024BD3F88434DBB2184670470070024087
:1015400008B50EF03BFA0023184608BD00B585B07B
:1015500003468DF807300B468DF8063013468DF89C
:1015600005309DF8073003F01F029DF806305B013F
:1015700003F060031A439DF80530DB01DBB213432F
:101580000393039BFF2B04D905494FF4AC7005F07E
:10159000D5F9039BDBB2184605B05DF804FB00BF2C
:1015A000F8BB020082B00190019B1B7A184602B082
:1015B0007047000000B585B001900B468DF80330F0
:1015C000019B002B04D10F494FF4887005F0B6F948
:1015D0000198FFF7E7FF03461A469DF80330934250
:1015E00001D3002309E0019B093303939DF80320F5
:1015F00013465B001344039A1344184605B05DF884
:1016000004FB00BF64BC020082B00190019B1B7808
:10161000184602B0704782B00190019B5B78184673
:1016200002B0704700B585B001900B468DF80330CD
:10163000019B002B04D10D4940F2431005F07EF9C7
:10164000019B5B789DF803209A4201D3002309E0B7
:10165000019B9B781A46019B134403939DF803302A
:10166000039A1344184605B05DF804FB64BC0200FD
:1016700082B00190019B1B78184602B0704782B07F
:101680000190019B1B68184602B0704700B583B0FB
:101690000190019B002B04D1064940F2432005F044
:1016A0004DF90198FFF7EBFF03461B68184603B09E
:1016B0005DF804FBD4BC020000B583B00190019B2F
:1016C000002B04D1064940F25F2005F037F901985C
:1016D000FFF7D5FF03465B68184603B05DF804FBCF
:1016E000D4BC020000B583B00190019B002B04D153
:1016F000064940F27B2005F021F90198FFF7BFFF72
:1017000003465B68184603B05DF804FBD4BC0200D6
:10171000014B1846704700BFC8BE02004FF080431F
:10172000D3F838341846704708B5FFF7F7FF03467B
:1017300003F00103002B14BF01230023DBB2184682
:1017400008BD08B5FFF7EAFF034603F00203002BCC
:1017500014BF01230023DBB2184608BD00B583B0D7
:1017600001900091019B002B04D1114940F20F1010
:1017700005F0E4F8019B5B68002B04D10C494FF4A1
:10178000887005F0DBF8019B5B681B68002B04D1B7
:10179000074940F2111005F0D1F8019B5B681B6806
:1017A0000099019898470346184603B05DF804FB7A
:1017B00038BD020000B583B001900091019B002B61
:1017C00004D1114940F2191005F0B8F8019B1B68CB
:1017D000002B04D10C494FF48D7005F0AFF8019B3C
:1017E0001B689B68002B04D1074940F21B1005F0D1
:1017F000A5F8019B1B689B68009A52881046984781
:1018000000BF03B05DF804FB38BD020000B583B033
:1018100001900B468DF80330074B1B68002B06D058
:10182000054B1B689DF8032011460198984700BF9F
:1018300003B05DF804FB00BF3006002000B583B0A4
:1018400003468DF80730074B5B68002B05D0054B2E
:101850005B689DF807201046984700BF03B05DF80D
:1018600004FB00BF3006002010B58EB0039001933A
:101870000B468DF80B3013468DF80A300023099380
:1018800000230D9302E00D9B01330D93039B5B68D6
:101890005C6809A8012300220399A0470346002B96
:1018A000F1D100238DF8233000230C9300238DF811
:1018B0002F30002306934FE0039B5B685C680DF1BB
:1018C000230206A801230399A047039B5B685C6879
:1018D0000DF1170206A801230399A0479DF81730C0
:1018E0009DF80B209A4227D19DF82F209DF80A30B1
:1018F0009A421CD19DF823301A46109B1A60019B16
:101900005A1C01929DF823201A70019B5A1C0192C7
:101910009DF80B201A70039B5B685C689DF8233070
:10192000023B06A8019A0399A047002319E09DF8FD
:101930002F3001338DF82F30039B5B685C689DF876
:101940002330023B06A800220399A0479DF82330CC
:101950001A460C9B13440C930C9A0D9B9A42ABD3E2
:10196000052318460EB010BD00B585B003468DF8AE
:1019700007309DF90730002B14DA9DF8073003F08B
:101980000F038DF80E309DF80E30082B04D9114945
:101990004FF4CC7004F0D2FF9DF80E30DB000E4AFD
:1019A000134413E09DF8073003F00F038DF80F3058
:1019B0009DF80F30082B04D906494FF4CF7004F07E
:1019C000BDFF9DF80F30DB00044A1344184605B0F4
:1019D0005DF804FB38BD020090050020D80500200A
:1019E00000B583B003468DF807309DF807301846E0
:1019F000FFF7BAFF03461B68184603B05DF804FB07
:101A000000B585B0034600918DF807309DF807308A
:101A10001846FFF7A9FF0390039B009A1A60009BEA
:101A2000002B10D19DF80730002B03D09DF8073014
:101A3000802B04D108494FF4E17004F07FFF039B31
:101A400000225A6004E0009B5B681A68039B5A609E
:101A500000BF05B05DF804FB38BD020000B583B0DF
:101A60000190064B5B68054A126801991046984739
:101A70000346184603B05DF804FB00BFD8050020FC
:101A800000B589B00190019B0793079B1B78052B3C
:101A90001AD1FFF74DFD03468DF81730FFF740FDD3
:101AA00003468DF81630002200210020FFF74EFD7E
:101AB00003461A469DF81630934205D19DF817301B
:101AC000052B01D1334B0793079B1B78002B27D1A4
:101AD00001F052F8069007E007990698FFF76AFEB2
:101AE0000698FFF7FFFD0690069B002BF4D100201F
:101AF00004F04EFE284B1B68002B03D1079B5A882D
:101B0000264B1A800121244805F05FF8002004F0DC
:101B100053FE01210798FFF779FE1F4B1B6835E044
:101B20001F4A02AB1946104604F0C6FF0490049BFE
:101B3000002B2BD0049A079B1B681360002004F035
:101B400027FE164B1A88144B1B689BB2D31A9BB204
:101B500001339AB2049BDA8000210F4805F006F8A1
:101B600003469AB2049B9A80002004F025FE0C4A9A
:101B700002AB1946104604F0B8FF03468DF80F304B
:101B80009DF80F3019460798FFF740FE09B05DF841
:101B900004FB00BFA8BD0200880500208C050020C2
:101BA0007805002000B583B003468DF807309DF816
:101BB0000730022B0ED0022B10DC002B02D0012BA1
:101BC00004D00BE00A48FFF75BFF0DE00948FFF780
:101BD00057FF09E00848FFF753FF05E0074940F2C7
:101BE000622004F0ABFE00BF00BF03B05DF804FB51
:101BF0009CBD0200A0BD0200A4BD020038BD0200D1
:101C000000B583B001900198FFF73AFF00BF03B021
:101C10005DF804FB00B583B003468DF807309DF8EE
:101C20000730002B04D0064940F27B2004F086FEEA
:101C30000448FFF725FF00BF03B05DF804FB00BFB9
:101C400038BD0200ACBD020082B003468DF80730FB
:101C50009DF80730082B27D801A252F823F000BFC7
:101C6000851C0000891C00008D1C0000911C0000D8
:101C7000951C0000991C00009D1C0000A11C000088
:101C8000A51C0000002310E000230EE001230CE05F
:101C900000230AE0002308E0012306E0012304E01A
:101CA000012302E0012300E00023184602B0704740
:101CB00082B003468DF807309DF80730082B27D8EF
:101CC00001A252F823F000BFED1C0000F11C00003F
:101CD000F51C0000F91C0000FD1C0000011D0000A7
:101CE000051D0000091D00000D1D0000002310E06F
:101CF00000230EE001230CE000230AE0002308E0AB
:101D0000002306E0002304E0002302E0012300E0BA
:101D10000023184602B07047014B1B7818467047E5
:101D20002C06002010B582B003468DF807309DF8D0
:101D300007301846FFF788FF03461C461C4B1B78EC
:101D40001846FFF781FF03469C420DD09DF80730EF
:101D50001846FFF779FF0346002B03D0154808F01B
:101D60007FFC01E008F0CCFC9DF807301846FFF737
:101D70009FFF03461C460E4B1B781846FFF798FF43
:101D800003469C420CD09DF807301846FFF790FFA1
:101D90000346002B02D00DF099FF01E00DF08CFFFF
:101DA000034A9DF80730137000BF02B010BD00BF9A
:101DB0002C0600200800002000B587B001900B46DB
:101DC0008DF8033013468DF802300198FFF7EAFBD7
:101DD00003461A469DF80330934204D91B4940F24A
:101DE000F92004F0ABFD9DF80230002B01D0072351
:101DF00028E09DF8033019460198FFF7DBFB0490BB
:101E00000498FFF708FC03468DF80F3000238DF887
:101E1000173010E09DF8173019460498FFF702FCC0
:101E20000290029B1B78184600F06EFE9DF817305A
:101E300001338DF817309DF817209DF80F309A4226
:101E4000E8D30023184607B05DF804FB38BD020054
:101E500000B587B001900B468DF803300198FFF76D
:101E6000A1FB03461A469DF80330934204D9194951
:101E70004FF4467004F062FD9DF803301946019856
:101E8000FFF798FB04900498FFF7C5FB03468DF815
:101E90000F3000238DF8173010E09DF817301946E9
:101EA0000498FFF7BFFB0290029B1B78184600F0D6
:101EB00049FE9DF8173001338DF817309DF8172033
:101EC0009DF80F309A42E8D300BF00BF07B05DF81D
:101ED00004FB00BF38BD020000B589B0019008F0D6
:101EE000F5FA0346002B04D1484940F2313004F0A2
:101EF00025FD474808234FF48472464904F0A9FDA4
:101F00000690069B002B01D003237BE042480DF096
:101F1000D1FC0690069B002B01D0069B72E03F4B44
:101F200000221A703E4B00221A603E4B00221A60BB
:101F3000482200213C4828F018FD482200213B4857
:101F400028F013FD019B002B09D1394B00221A60A8
:101F5000374B00225A60364B00221A7204E0344B91
:101F6000019A07CA83E80700002008F065FC069084
:101F7000069B002B08D0069B852B05D0234A40F2F8
:101F80005F310698FFF774FAFFF7C2FB0590002354
:101F90008DF81F3018E000238DF81E3007E00398FD
:101FA000FFF766FB034605991846FFF729FD9DF8E4
:101FB0001E305A1C8DF81E2019460498FFF732FB7C
:101FC0000390039B002BEAD19DF81F305A1C8DF81B
:101FD0001F2019460598FFF7EDFA0490049B002B8B
:101FE000D9D10B238DF8083002AB19460598FFF7BD
:101FF000B5FB0690069B002B03D0FFF7A1FA069BCA
:1020000000E00023184609B05DF804FB38BD02006B
:102010007805002070040020011C00002C06002020
:10202000200600202406002090050020D80500206E
:102030003006002000B587B008F02FFCFFF780FACB
:102040000490274B05930BE0059B1B681846FFF790
:1020500016FB03460193059B00221A60019B059322
:10206000059B1B68002BEFD11E4B05930CE0059BD5
:102070001B681846FFF703FB034604330293059BD6
:1020800000221A60029B0593059B1B68002BEED172
:10209000154B05930CE0059B1B681846FFF7EFFAFC
:1020A000034604330393059B00221A60039B0593A8
:1020B000059B1B68002BEED1482200210B4828F01D
:1020C00054FC482200210A4828F04FFC0C22002131
:1020D000084828F04AFC049B184607B05DF804FB4A
:1020E000200600202406002028060020900500205D
:1020F000D80500203006002000B583B00DF056FD55
:10210000034683F00103DBB2002B04D10DF05AFD2E
:102110000346002B01D008230FE00A4808F0AEFB6D
:102120000190019B0093009B002B05D0064A40F2D2
:10213000C2310098FFF79CF90023184603B05DF800
:1021400004FB00BFB0BD020038BD020008B50DF0B1
:102150004DFC00BF08BD08B50DF0B0FC00BF08BDC8
:1021600008B50DF02FFD0346002B0DD10D494FF49E
:10217000767004F0E3FB07E0FFF7D6FA034683F03E
:102180000103DBB2002B0BD1FFF7DBFA034683F030
:102190000103DBB2002BEFD10348FFF771FC00E035
:1021A00000BF08BD38BD0200B4BD020000B583B059
:1021B00082238DF8043001AB1846FFF761FC00BFA5
:1021C00003B05DF804FB000000B587B0019004F097
:1021D00026FB0346052B04D8DD4940F22C4004F0D1
:1021E000ADFB019B1B78852B00F26A8201A252F89D
:1021F00023F000BF0D25000069250000F725000031
:102200008B250000BB2500001F2600002F260000A4
:10221000C126000097260000A5260000B326000076
:10222000C1260000C1260000C1260000C126000012
:1022300011260000C1260000C1260000C1260000B2
:10224000C1260000C1260000C1260000C1260000F2
:10225000C1260000C1260000C1260000C1260000E2
:10226000C1260000C1260000C1260000C1260000D2
:10227000C1260000C1260000C1260000C1260000C2
:10228000C1260000C1260000C1260000C1260000B2
:10229000C1260000C1260000C1260000C1260000A2
:1022A000C1260000C1260000C1260000C126000092
:1022B000C1260000C1260000C1260000C126000082
:1022C000C1260000C1260000C1260000C126000072
:1022D000C1260000C1260000C1260000C126000062
:1022E000C1260000C1260000C1260000C126000052
:1022F000C1260000C1260000C1260000C126000042
:10230000C1260000C1260000C1260000C126000031
:10231000C1260000C1260000C1260000C126000021
:10232000C1260000C1260000C1260000C126000011
:10233000C1260000C1260000C1260000C126000001
:10234000C1260000C1260000C1260000C1260000F1
:10235000C1260000C1260000C1260000C1260000E1
:10236000C1260000C1260000C1260000C1260000D1
:10237000C1260000C1260000C1260000C1260000C1
:10238000C1260000C1260000C1260000C1260000B1
:10239000C1260000C1260000C1260000C1260000A1
:1023A000C1260000C1260000C1260000C126000091
:1023B000C1260000C1260000C1260000C126000081
:1023C000C1260000C1260000C1260000C126000071
:1023D000C1260000C1260000C1260000C126000061
:1023E000C1260000C1260000C1260000C126000051
:1023F000C12600008B2400000D24000051240000A1
:10240000BF240000DF240000272600005148FFF70A
:1024100025FB504800F03AFC0D20FFF70FFA00F0C2
:1024200059FD01F032FC4C4B1B68002B03D14B4B88
:102430001B7A002B01D0012300E0002303F00103ED
:10244000DBB218460DF05AFB0120FFF76BFC44E1AC
:1024500000F040FD0DF086FB0020FFF763FC4048D4
:1024600000F014FC3E48FFF7F9FA0E20FFF7E6F9FA
:10247000FFF752FC03461846FFF7E6FB0346002B26
:1024800000F0248108F03CF920E1FFF745FC034609
:10249000072B0ED0072B10DC052B02D0062B04D007
:1024A0000BE00220FFF73EFC08E00820FFF73AFCB3
:1024B00004E00220FFF736FC00E000BF0DE1FFF76B
:1024C0002BFC0346032B40F003810DF087FB0346F2
:1024D000002B00F0FD800420FFF724FCF8E0FFF75C
:1024E0001BFC0346032B07D10DF078FB0346002BA2
:1024F00002D00420FFF716FC0DF0A0FB0346002BD2
:1025000000F0E8800620FFF70DFCE3E0FFF704FC95
:102510000346032B04D0FFF7FFFB0346082B02D131
:102520001048FFF751FE0020FFF788F900F01EFB6E
:10253000059008E001990598FFF710F903900598B8
:10254000FFF7BAF80590059B002BF3D1C5E000BF5B
:1025500038BD0200B8BD020024060020300600206D
:10256000BCBD0200C0BD020000F0B4FC01F084FB61
:102570000220FFF7D7FB0120FFF760F90198FFF772
:102580006DFA019800F082FBA7E0FFF7C5FB034658
:10259000082B05D10220FFF7C5FB0DF0A1FB02E0DF
:1025A0000520FFF7BFFB0320FFF748F90198FFF76D
:1025B00055FA019800F06AFB8FE00320FFF73EF91F
:1025C0004848FFF74BFA474800F060FBFFF7A4FBD1
:1025D0000346062B02D0082B04D007E00720FFF7A4
:1025E000A1FB07E00220FFF79DFB03E00220FFF7BD
:1025F00099FB72E071E00320FFF794FB0220FFF7E4
:102600001DF9019800F042FB0198FFF727FA64E0FA
:102610000F20FFF713F9019800F038FB5DE00198F7
:10262000FFF71CFA59E00198FFF718FA55E0019BF3
:102630009B781846FFF798F90490049B1B68002BC1
:1026400004D1294940F2025004F078F9049B5B68F8
:10265000002B04D1244940F2035004F06FF9049B8D
:102660005B68049A12680199104698470346002B4C
:1026700032D0019B9B7803F00F03002B2CD0019BE1
:102680009B7803F00803002B26D1019B9B7818460A
:102690000DF08DFD20E00820FFF7D0F8019800F044
:1026A000F5FA1AE00920FFF7C9F8019800F0EEFAF0
:1026B00013E00A20FFF7C2F8019800F0E7FA0CE0F7
:1026C000094940F2265004F039F906E000BF04E061
:1026D00000BF02E000BF00E000BF00BF07B05DF830
:1026E00004FB00BFC4BD020038BD020000B583B0CA
:1026F00000230193354B1B68002B07D1344B354920
:10270000184604F006FA0346304A13602F4B1B6844
:10271000002B32D02D4B1B689B88002B1ED02B4BDF
:102720001B68DB88B3F5006F03D3284B1B680022BE
:10273000DA80264B1B68DA88511C89B2D98013468F
:10274000ADF80630214B1B689A88013A92B29A8004
:1027500001AB1846FFF738FD012333E01B4B1B6824
:102760001846FFF731FD1A4B1A49184604F0EAF9EA
:10277000164B00221A60012324E0174B1B68002B24
:102780001FD0002004F004F8144B1B88B3F5006F31
:1027900002D3124B00221A80104B1B885A1C91B294
:1027A0000E4A1180ADF8063001210B4804F025FADD
:1027B000002004F001F801AB1846FFF705FD0123E6
:1027C00000E00023184603B05DF804FB3C0600203F
:1027D0007805002040060020880500208C05002098
:1027E00000B589B00190019B002B04D15A4940F2F9
:1027F0006A5004F0A3F8019B5B68002B04D1564992
:1028000040F26B5004F09AF8019B5B681B68002B48
:1028100004D1514940F26C5004F090F80198FEF751
:102820002EFF03461B68002B04D04B4940F26D502D
:1028300004F084F80DF0C6F9034683F00103DBB21F
:10284000002B04D00DF0B2F90346002B04D142490D
:1028500040F2715004F072F800238DF81F301CE034
:1028600000238DF81E300BE00398FEF701FF0346AE
:102870001846FFF7B5F80346002B01D0112367E097
:102880009DF81E305A1C8DF81E2019460598FEF73B
:10289000C9FE0390039B002BE6D19DF81F305A1C04
:1028A0008DF81F2019460198FEF784FE0590059BC0
:1028B000002BD5D100238DF81F3018E000238DF8B0
:1028C0001D3007E00498FEF7D3FE03460199184631
:1028D000FFF796F89DF81D305A1C8DF81D201946FB
:1028E0000598FEF79FFE0490049B002BEAD19DF80B
:1028F0001F305A1C8DF81F2019460198FEF75AFE0A
:102900000590059B002BD9D1144B069310E0069B34
:102910001B68019A9A4204D10F4940F2975004F083
:102920000DF8069B1B681846FEF7A9FE03460693A2
:10293000069B1B68002BEAD1069B019A1A600B23A9
:102940008DF8083002AB19460198FEF707FF0346E1
:10295000184609B05DF804FB38BD020020060020CF
:1029600000B587B00190019B002B04D1504940F283
:10297000A45003F0E3FF019B5B68002B04D14C499A
:1029800040F2A55003F0DAFF019B5B681B68002B47
:1029900004D1474940F2A65003F0D0FF0DF012F9E0
:1029A000034683F00103DBB2002B04D00DF0FEF8E8
:1029B0000346002B04D13E494FF4B56003F0BEFF3F
:1029C0003C4B05936AE0059B1B68019A9A425ED1D5
:1029D0000C238DF8083002AB19460198FEF7BEFEB5
:1029E0000390039B002B01D0039B5CE00198FEF752
:1029F00046FE03461A68059B1A600198FEF73FFEE3
:102A0000034600221A6000238DF8133019E09DF868
:102A1000133063F07F038DF80A309DF80A301846B2
:102A2000FEF7DEFF0246019B934205D19DF80A3076
:102A300000211846FEF7E4FF9DF8133001338DF8AE
:102A400013309DF81330082BE1D900238DF8133093
:102A500017E09DF813308DF80B309DF80B301846B9
:102A6000FEF7BEFF0246019B934205D19DF80B3055
:102A700000211846FEF7C4FF9DF8133001338DF88E
:102A800013309DF81330082BE3D900230BE0059B8E
:102A90001B681846FEF7F3FD03460593059B1B686C
:102AA000002B90D10523184607B05DF804FB00BF4A
:102AB00038BD02002006002000B583B0002301933A
:102AC00008E00A4B1B681846FFF74AFF0190019B7C
:102AD000002B04D1054B1B68002BF2D100E000BF96
:102AE000019B184603B05DF804FB00BF20060020E0
:102AF000044B1B78002B14BF01230023DBB21846C4
:102B0000704700BF2D06002000B583B003468DF846
:102B100007309DF8073003F00803002B09D19DF81A
:102B2000073018460DF08BFB9DF8073018460DF066
:102B300050FB9DF8073018460DF050F900BF03B068
:102B40005DF804FB00B583B003468DF807309DF8AF
:102B5000073018460DF092F900BF03B05DF804FB92
:102B6000014B1B681846704720060020014B1B686C
:102B70001846704724060020014B1B681846704712
:102B80002806002000B587B0034600918DF8073075
:102B9000FFF7E6FF059031E00598FEF703FD0346D9
:102BA0008DF8123000238DF813301DE09DF813309E
:102BB00019460598FEF7FEFC03900398FEF724FDE6
:102BC00003461A469DF80730934208D1009B002B1C
:102BD00003D0009B9DF813201A70059B12E09DF80E
:102BE000133001338DF813309DF813209DF8123007
:102BF0009A42DBD30598FEF749FD0590059B002B13
:102C0000CAD10023184607B05DF804FB00B585B0B3
:102C100003900B4601928DF80B3001990398FEF753
:102C20009DFD0346184605B05DF804FB00B585B070
:102C3000034600918DF807309DF90730002B05DA27
:102C40009DF8073003F00F03082B09DD9DF90730CD
:102C5000002B16DB9DF8073003F00F03082B10DC68
:102C60009DF807301846FEF77FFE03461B68039366
:102C7000039B002B05D000990398FEF76FFD0346D8
:102C800000E01023184605B05DF804FB00B585B0E0
:102C90000190FFF765FF039007E001990398FEF7A5
:102CA0005DFD0398FEF7F2FC0390039B002BF4D12B
:102CB00000BF00BF05B05DF804FB00B585B0019012
:102CC00006230293FFF74CFF03900BE00199039852
:102CD000FEF744FD0290029B062B07D10398FEF7F6
:102CE000D5FC0390039B002BF0D100E000BF029BBA
:102CF000184605B05DF804FB00B583B003460091AB
:102D00008DF807309DF8073018460DF054F803464B
:102D100083F00103DBB2002B01D008230CE0084B49
:102D20001B78022B01D0082306E09DF8073000999C
:102D300018460DF0C3F80346184603B05DF804FBCF
:102D40002C06002000B583B0034600918DF80730B3
:102D50009DF8073018460DF02EF8034683F0010366
:102D6000DBB2002B01D008230CE0084B1B78022BB0
:102D700001D0082306E09DF80730009918460DF0B1
:102D80006BF90346184603B05DF804FB2C060020DF
:102D900000B585B001900B468DF8033013468DF8D1
:102DA000023006230393019B5B689B68002B09D0CC
:102DB000019B5B689B689DF802209DF803100198B9
:102DC00098470390039B062B08D19DF802209DF89D
:102DD000033019460198FEF7EFFF0390039B184656
:102DE00005B05DF804FB00B583B001900B468DF88B
:102DF0000330019B5B68DB68002B07D0019B5B689D
:102E0000DB689DF803201146019898479DF8033030
:102E100019460198FFF71CF800BF03B05DF804FBEA
:102E200000B585B001900B468DF8033000238DF876
:102E30000F30019B5B681B69002B0AD0019B5B680C
:102E40001B699DF8032011460198984703468DF8A9
:102E50000F309DF80F30184605B05DF804FB0000F8
:102E600000B585B0FFF77CFE039028E00398FEF7DD
:102E700099FB03468DF80A3000238DF80B3014E0DF
:102E80009DF80B30002219460398FFF781FF01904F
:102E9000019B002B04D00E4940F26A7003F04EFDF6
:102EA0009DF80B3001338DF80B309DF80B209DF809
:102EB0000A309A42E4D30398FEF7E8FB0390039BA1
:102EC000002BD3D100BF00BF05B05DF804FB00BFED
:102ED00038BD020000B583B0FFF742FE01901EE04E
:102EE0000198FEF75FFB03468DF8023000238DF852
:102EF00003300AE09DF8033019460198FFF773FF8D
:102F00009DF8033001338DF803309DF803209DF8C0
:102F100002309A42EED30198FEF7B8FB0190019B74
:102F2000002BDDD100BF00BF03B05DF804FB82B011
:102F30000190019B03F1804303F51C33184602B056
:102F4000704700B583B003468DF807309DF8073011
:102F50001846FFF7ECFF034601221A60BFF36F8F9C
:102F600000BFBFF34F8F00BF00BF03B05DF804FB8D
:102F700082B003468DF807309DF8073003F01F0339
:102F8000DBB2184602B0704782B003468DF80730B6
:102F90009DF807305B0903F00303DBB2184602B06B
:102FA000704782B003468DF807309DF80730DB0983
:102FB000DBB2184602B0704782B00190019B1B7AC9
:102FC000184602B0704782B00190019B1B681846FA
:102FD00002B0704700B583B00190019B002B04D173
:102FE000064940F2432003F0A9FC0198FFF7EBFFEC
:102FF00003461B68184603B05DF804FBC8BD020019
:1030000082B00190019B1B78184602B07047000007
:1030100000B583B003468DF807300E4B1B789DF842
:1030200007209A4211D00B4A9DF8073013709DF883
:103030000730052B06D0084B1B7823F00203DAB2C9
:10304000054B1A700548FFF7BFF800BF03B05DF8E5
:1030500004FB00BF4406002045060020E8BE020035
:1030600008B5074B1B78012B03D0054B1B78052BAC
:1030700002D10020FFF7CCFF014B1B78184608BD9A
:10308000440600204FF08043D3F8383403F00103A6
:10309000002B14BF01230023DBB218467047000049
:1030A000024B00221A6000BF704700BF8C06002050
:1030B00000B585B003468DF807300B4B1B680393B2
:1030C000039B002B0AD0FFF7EBFF074B59689DF8D5
:1030D0000720039B10469847034600E00E2318463E
:1030E00005B05DF804FB00BF8C060020044B1B6894
:1030F000002B14BF01230023DBB21846704700BF2A
:103100008C06002082B0034600918DF80730002322
:10311000184602B07047000010B58EB003900291BF
:10312000019201238DF83730029B0993099B5B685C
:10313000002B15D1099B1B681846FFF74BFF034670
:10314000002B0DD1099B9B68002B09D100238DF822
:103150003730039B00221A60039B00225A60AAE0CA
:10316000019B402B04D9564940F2991003F0E6FB2D
:1031700000230C9300238DF82B300CF0D9FF08901E
:10318000099BDB68019A934228BF13460B9386E0A4
:10319000099B9B680B9A934228BF13460793099B90
:1031A0005B68002B0CD0089A0C9BD018099B5B68BD
:1031B000079A194627F0B0FB099B00225A6014E0D9
:1031C000099B9B68002B10D0099B1B685B685C689F
:1031D000099B03F11000099B1968089A0C9B1A447B
:1031E000079BA04701238DF82B30099B9A68079B0A
:1031F000D21A099B9A60099BDA68079BD21A099B2D
:10320000DA600B9A079BD31A0B930C9A079B134413
:103210000C93099B9B68002B0BD19DF82B30002B46
:1032200007D0099B1B681846FFF7D4FE0246099B8E
:103230001A60099BDB68002B03D100238DF837301F
:103240002DE0099B9B68002B29D1099B1B68002B53
:103250000DD1099B00225A600C9B002B24D00C9AA4
:10326000019B9A4220D200238DF837301CE00023C6
:10327000059304E0099B9B685A1C099B9A60099B73
:103280001B685B685C68099B196805A8012300221C
:10329000A0470346002BEDD1099B00221A610B9B2E
:1032A000002B7FF475AF00E000BF039B089A1A6003
:1032B000039B0C9A5A609DF8373018460EB010BD2B
:1032C0002CBE020000B587B00190019B5B781846C8
:1032D000FFF75AFE0346002B01D0062383E0019B33
:1032E0005B798DF81730FFF7BBFE03468DF816307B
:1032F000019B9B78032B29D0032B6EDC002B02D083
:10330000012B44D069E09DF81630052B05D09DF8BF
:10331000173003F00F03002B16D103AB184600F053
:1033200029FD04909DF8173018460CF075FF0346F0
:103330009AB2049B1A80019B013302220499184619
:1033400000F0ACFC03464EE008234CE09DF817303B
:1033500003F00803002B42D1019BB3F803309BB26A
:10336000002B3CD19DF8173003F00F03002B01D147
:10337000062338E09DF81630052B06D19DF817304E
:1033800018460CF014FF00232DE008232BE09DF8D5
:10339000173003F00803002B23D1019BB3F803304F
:1033A0009BB2002B1DD19DF8173003F00F03002BAB
:1033B00001D1062317E09DF81630052B0BD19DF89F
:1033C000173018460CF03BFF9DF8173018460CF0EC
:1033D00000FF002307E0082305E000BF02E000BF74
:1033E00000E000BF0623184607B05DF804FB00B5F7
:1033F0008BB003900B4601928DF80B30019B5B78EC
:103400001846FFF7C1FD0346002B01D006236AE0F2
:10341000FFF726FE03468DF82730019B5B781846A0
:10342000FFF7BFFD0346012B3BD1019B9B78002B8F
:1034300002D00A2B17D055E09DF82730052B01D07C
:10344000082350E006AB184600F094FC0790079B59
:1034500000221A80019B013302220799184600F0CE
:103460001DFC03463FE09DF82730052B01D00823C3
:1034700039E005AB184600F07DFC08909DF80B3054
:1034800019460398FFF7CCFC03461A46089B1A70AE
:10349000019B013301220899184600F0FFFB034607
:1034A00021E0019B9B780B2B1BD19DF82730052B2E
:1034B00001D0082317E0019BB3F803309BB2FF2B28
:1034C00001D907230FE0019BDB788DF826309DF8AA
:1034D00026209DF80B3019460398FFF759FC034648
:1034E00001E000BF062318460BB05DF804FB0000A6
:1034F00000B585B00190009102AB184600F03AFC8F
:103500000390029B012B04D8184940F2A12003F03C
:1035100015FA02220021039827F027FAC02303F0AE
:103520004003002B06D0039B1B7843F00103DAB263
:10353000039B1A700E4B1B785B08DBB203F0010390
:10354000002B06D0039B1B7843F00203DAB2039BE7
:103550001A70009B013302220399184600F09EFB6B
:103560000346184605B05DF804FB00BF2CBE020000
:103570004506002010B58EB001900091009B1B798C
:10358000032B00F0BC80032B00F3E780012B02D05B
:10359000022B11D0E1E0009BB3F807309BB2002B67
:1035A00001D10023DBE0009B013312226D49184654
:1035B00000F074FB0346D2E0009BB3F807309BB2E7
:1035C000002B01D10023CAE0009BB3F807309BB267
:1035D000092B28BF09239BB2069309230D930023CF
:1035E0008DF83330FFF7BCFA0B9037E00B9B5B682C
:1035F000002B04D15C4940F2D32003F09FF90B9BD0
:103600005B685B68002B04D157494FF4357003F0B9
:1036100095F900230A930023029302E00A9B0133E9
:103620000A930B9B5B685C6802A8012300220B993C
:10363000A0470346002BF1D10D9A0A9B13440D932A
:103640000B98FFF7B9FC03461A469DF83330134434
:103650008DF833300B98FFF7BDFC0B900B9B002BC4
:10366000C4D104AB184600F085FB0590049B069A74
:103670009A4204D93C4940F2E92003F05FF9069AE6
:103680003A49059827F048F9059B9DF833201A71AF
:103690000D9B9AB2059B5A80FFF72AFA0346002B2E
:1036A00006D0059BDB7943F02003DAB2059BDA7183
:1036B000FFF756FA03462E4A13602D4A059B5360C6
:1036C0002B4A069B9360009BB3F807309BB21A46C7
:1036D000274BDA60002003F05BF826498020FFF7D3
:1036E00031FB0990099B002B04D12349802000F075
:1036F00023FB0990002003F05FF8099B2FE0009B5B
:10370000B3F807309BB2002B01D1002327E0009BC8
:10371000DB788DF82330009B5A799B791B02134389
:10372000ADF82030BDF820209DF823301146184612
:1037300002F092FF0790079B002B01D106230EE0B9
:10374000009B5C1C0798FFF75BFC03461A46079931
:10375000204600F0A3FA034601E000BF0623184606
:103760000EB010BD94BE02002CBE0200A8BE020026
:10377000A0060020E0BE0200D8BE020000B587B05F
:103780000190009103AB184600F0F4FA0590FFF7A2
:1037900067FC03468DF813309DF81330052B03D1D9
:1037A000059B01221A7009E09DF81330042B03D108
:1037B000059B00221A7001E0062307E0009B0133FD
:1037C00001220599184600F069FA0346184607B029
:1037D0005DF804FB00B585B001900091FFF740FC57
:1037E00003468DF80F309DF80F30052B05D09DF85E
:1037F0000F30042B01D0082316E0009BDB78002B50
:1038000005D1FFF767FB0420FFF702FC0BE0009BEC
:10381000DB78012B05D1FFF723FB0520FFF7F8FB31
:1038200001E0072300E00023184605B05DF804FB23
:1038300000B583B001900091019B002B04D1504949
:1038400040F26A3003F07AF8009B002B04D14C4917
:1038500040F26B3003F072F8009B5B781846FFF77C
:1038600093FB0346002B01D0062385E0009B5B7889
:103870001846FFF796FB0346012B1FD1009B9B7850
:10388000082B12D0082B16DC002B02D0062B06D0FA
:1038900011E000990198FFF72BFE03466CE00099B8
:1038A0000198FFF767FE034666E000990198FFF76D
:1038B00065FF034660E000BF06235DE0009B9B7848
:1038C000013B082B52D801A252F823F02F390000F7
:1038D0006D390000FD3800006D390000F13800003E
:1038E0006D3900006D3900006D390000613900004C
:1038F000234940F28E3003F021F83CE0009BB3F8FE
:1039000003309BB2012B33D1FFF7F2F8034683F06B
:103910000103DBB2002B01D00F232DE0194B1B78E4
:1039200043F00203DAB2174B1A70002324E0009B25
:10393000B3F803309BB2012B1CD1FFF7D9F8034633
:1039400083F00103DBB2002B01D00F2314E00D4BF9
:103950001B7823F00203DAB20A4B1A7000230BE043
:1039600000990198FFF736FF034605E000BF02E02B
:1039700000BF00E000BF0623184603B05DF804FB5B
:103980002CBE02004506002000B58BB00190062336
:10399000099305238DF8103004AB013318460CF061
:1039A0005DFCFFF7A3FBFFF77BFB9DF8113018468A
:1039B000FFF7DEFA0346032B63D801A252F823F087
:1039C000D1390000EF3900003D3A0000773A00009D
:1039D00004AB19460198FFF72BFF0990099B062BB2
:1039E00051D104AB1846FFF768F909904BE09DF8F8
:1039F00015308DF822300DF10F029DF8223011465E
:103A00001846FFF7BFF80790079B002B02D1102341
:103A100009933AE09DF80F3004AA19460798FFF77A
:103A2000F5F80990099B062B2FD19DF80F3004AAB9
:103A300019460798FFF7DBFC099026E00623099357
:103A40009DF815308DF823309DF8233003F00F03D7
:103A5000002B07D004AA9DF8233011461846FFF723
:103A6000E5F80990099B062B11D104AB1846FFF726
:103A700029FC09900BE004AB1846FFF71EF90990EA
:103A800006E000BF04E000BF02E000BF00E000BFAE
:103A9000099B002B0FD1FFF729FB0346002B07D012
:103AA0000CF018FC0346002B07D10CF001FC04E0DD
:103AB0000CF004FC01E00CF007FC099B18460BB06D
:103AC0005DF804FB00B585B00190009106230393D7
:103AD000009B1B780E2B25DC002B40F3BD80013BA7
:103AE0000D2B00F2B98001A252F823F02B3B00000D
:103AF000333B0000393B0000593C00007F3B000095
:103B0000013C0000593C0000593C0000593C0000B9
:103B1000593C0000893B0000A33B0000C33B000070
:103B2000E13B0000852B1DD096E00320FFF770FAE3
:103B300099E00023039396E04D4803F078F803469C
:103B4000002B02D05C20FFF7FCF9FFF789FA03464F
:103B5000002B04D1474940F2444002F0EFFE00231D
:103B6000039380E0FFF77CFA03468DF80B309DF855
:103B70000B30032B72D10420FFF74AFA6EE0019854
:103B8000FFF702FF03906EE0FFF76AFA0346002B8F
:103B900004D038494FF48B6002F0D0FE0023039329
:103BA00061E0FFF75DFA0346012B04D0314940F292
:103BB0005E4002F0C3FE0020FFF72AFA00230393C1
:103BC00051E0FFF75FFA0346002B03D00220FFF716
:103BD0001FFA02E00120FFF71BFA0023039342E0E3
:103BE000FFF73EFA0346012B04D8224940F2724007
:103BF00002F0A4FE0120FFF70BFA0023039332E04A
:103C0000009BDB78032B2BD0009B9B78002B08D0EC
:103C1000009B9B78802B04D016494FF4906002F0F3
:103C20008DFE009BDB781846FFF742FA0390039B5A
:103C3000002B0ED1FFF75AFA0346002B06D0009B4B
:103C40009B78002B0ED10CF033FB0BE00CF036FB15
:103C500008E00CF039FB05E000BF04E000BF02E023
:103C600000BF00E000BF039B184605B05DF804FBF1
:103C7000480600202CBE020008B50020FEF744FFD5
:103C80008020FEF741FF00BF08BD08B50020FEF709
:103C900059FF8020FEF756FF00BF08BD00B58DB06C
:103CA000039002910192039BDB889BB20A93019AD5
:103CB0000A9B934228BF13460993019A0A9B9A4292
:103CC0000ED280200CF066F803461A46019BB3FB27
:103CD000F2F101FB02F29B1A002B01D1012300E05B
:103CE00000238DF823309DF8233003F001038DF875
:103CF0002330029B0593099B06939DF8233007937D
:103D0000002002F045FD05AB19468020FEF7F4FFC8
:103D10000B900B9B002B04D10649802000F00CF87F
:103D20000B90002002F048FD0B9B18460DB05DF88B
:103D300004FB00BFD8BE020000B583B0034600916B
:103D40008DF807300CF0C6FA03461A469DF8073086
:103D5000934201D0102306E0054B009A92E803003D
:103D600083E803000023184603B05DF804FB00BF9E
:103D70008C06002082B00190019B002B02D0019B99
:103D800040221A60014B184602B070474C060020D2
:103D900082B001900091019BDAB2009B1A70019BE6
:103DA0001A0A009B0133D2B21A70019B1A0C009BB5
:103DB0000233D2B21A70019B1A0E009B0333D2B2A7
:103DC0001A700423184602B0704782B00190019B1C
:103DD0001B781B021AB2019B01331B781BB21343E1
:103DE0001BB29BB2184602B0704782B00190019B93
:103DF0001B781A46019B01331B781B021A43019B57
:103E000002331B781B041A43019B03331B781B06E8
:103E10001343184602B0704782B00190019B1B7893
:103E20001A06019B01331B781B041A43019B0233C2
:103E30001B781B021343019A03321278134318466E
:103E400002B0704784B001900091019B0393039BE3
:103E50001ABA009B1A600423184604B07047000089
:103E600000B585B00190019B002B0AD0074B43F0B1
:103E700001030393019B9B010293039B02989847C4
:103E800000E000BF05B05DF804FB00BFF0BF02001A
:103E900082B003468DF807309DF8073003F01F030A
:103EA000DBB2184602B0704782B003468DF8073087
:103EB0009DF807305B0903F00303DBB2184602B03C
:103EC000704782B003468DF807309DF80730DB0954
:103ED000DBB2184602B0704782B00190019B1B7A9A
:103EE000184602B07047000000B585B001900B463F
:103EF0008DF80330019B002B04D10F494FF48870DB
:103F000002F01CFD0198FFF7E7FF03461A469DF8F3
:103F10000330934201D3002309E0019B093303934B
:103F20009DF8032013465B001344039A134418467C
:103F300005B05DF804FB00BFECBE020082B001904A
:103F4000019B1B78184602B0704782B00190019B1C
:103F50005B78184602B0704700B585B001900B46FB
:103F60008DF80330019B002B04D10D4940F2431022
:103F700002F0E4FC019B5B789DF803209A4201D398
:103F8000002309E0019B9B781A46019B134403938D
:103F90009DF80330039A1344184605B05DF804FBFE
:103FA000ECBE020082B00190019B1B78184602B063
:103FB0007047000000B585B0039002910192039B09
:103FC0001B681B68002B03D10749F02002F0B6FCE8
:103FD000039B1B681B68019A029903989847034644
:103FE000184605B05DF804FB24BF020000B583B09D
:103FF0000190019B1B685B68002B03D10649FD20E3
:1040000002F09CFC019B1B685B6801989847034683
:10401000184603B05DF804FB24BF020010B582B05F
:1040200001900091019B1B689B68002B04D11349F0
:104030004FF4897002F082FC019B1B685B69002BC6
:1040400004D10E4940F2131002F078FC009B1C686A
:10405000019B1B685B690198984703461B689C425B
:1040600001D3072306E0019B1B689B680099019818
:1040700098470346184602B010BD00BF24BF020097
:1040800010B582B001900091019B1B68DB68002B8A
:1040900004D113494FF4977002F050FC019B1B6848
:1040A0005B69002B04D10E4940F22F1002F046FC50
:1040B000009B1C68019B1B685B690198984703463D
:1040C0001B689C4201D3072306E0019B1B68DB6849
:1040D0000099019898470346184602B010BD00BFEA
:1040E00024BF020000B585B003900B4601928DF805
:1040F0000B30039B1B681B69002B04D108494FF44C
:10410000A37002F01BFC039B1B681B699DF80B103E
:10411000019A039898470346184605B05DF804FBDA
:1041200024BF020000B583B00190019B1B685B694E
:10413000002B04D107494FF4AA7002F0FFFB019B4A
:104140001B685B69019898470346184603B05DF801
:1041500004FB00BF24BF020082B00190019B1B78CA
:10416000184602B0704700B583B00190019B002B48
:104170000AD04FF47A70FFF773FE019B013B019365
:10418000019B002BF5D100E000BF03B05DF804FBFC
:1041900000B583B00190019B002B03D1044982201C
:1041A00002F0CCFB019B184603B05DF804FB00BF96
:1041B0005CBF020000B583B00190019B002B03D1CE
:1041C00009498E2002F0BAFB019B1B68002B03D12A
:1041D00005498F2002F0B2FB019B1B680C33184687
:1041E00003B05DF804FB00BF5CBF020000B585B002
:1041F000019000210198FFF777FE039000210398BA
:10420000FFF7AAFE02900298FFF7CCFE034618467D
:1042100005B05DF804FB00B585B001900021019860
:10422000FFF762FE039001210398FFF795FE0290CD
:104230000298FFF7B7FE0346184605B05DF804FB89
:1042400000B585B001900198FFF7B4FF0390039B80
:10425000002283F83020039B002283F83120039B47
:10426000002283F8322000BF05B05DF804FB00B5E2
:1042700085B001900198FFF79DFF0390039B93F891
:104280003130002B14BF01230023DBB2184605B0E8
:104290005DF804FB00B585B001900198FFF78AFF37
:1042A0000390039B93F832301A46019B9B699A4214
:1042B00034BF01230023DBB2184605B05DF804FBD0
:1042C00000B587B001900198FFF774FF04900023B8
:1042D0000593002002F05CFA0198FFF7DBFF03462C
:1042E000002B25D0049B93F830301A46049B93F89A
:1042F000323013441A46019B9B69B2FBF3F101FB78
:1043000003F3D31A8DF80F309DF80F30019A5269DC
:1043100002FB03F30293019B1A69029B134405936A
:10432000049B93F832300133DAB2049B83F83220D5
:10433000002002F041FA059B184607B05DF804FB27
:1043400000B585B001900198FFF734FF039000207D
:1043500002F01EFA039B93F83120039B93F832304E
:104360009A4204D310494FF4897002F0E7FA039B94
:1043700093F831301A46019B9B699A4204D30A494B
:1043800040F2131002F0DAFA039B93F83130013354
:10439000DAB2039B83F83120002002F00DFA00BF4F
:1043A00005B05DF804FB00BF5CBF020000B587B03C
:1043B00001900198FFF7FEFE049000230593002072
:1043C00002F0E6F90198FFF752FF0346002B10D0E8
:1043D000049B93F830308DF80F309DF80F30019A20
:1043E000526902FB03F30293019B1A69029B134477
:1043F0000593002002F0E0F9059B184607B05DF830
:1044000004FB000000B585B001900198FFF7D2FED3
:104410000390002002F0BCF9039B93F83130002B8D
:1044200004D11B494FF4A37002F088FA039B93F860
:104430003230002B04D1164940F2471002F07EFAC8
:10444000039B93F83130013BDAB2039B83F83120B0
:10445000039B93F83230013BDAB2039B83F832209E
:10446000039B93F8303001331A46019B9B69B2FBE2
:10447000F3F101FB03F3D31ADAB2039B83F8302084
:10448000002002F099F900BF05B05DF804FB00BF01
:104490005CBF020000B58BB001900198FFF778FE79
:1044A00009900998FFF786FE08900198FFF7B3FE80
:1044B00003468DF81F30089B01331F220021184648
:1044C00026F053FA089B013303931F230493002320
:1044D000059303AA9DF81F3011461846FEF70CFC01
:1044E0000690069B002B02D1089B02221A70069BA5
:1044F00018460BB05DF804FB00B58BB001900B467D
:104500008DF803300198FFF743FE09900998FFF7F3
:1045100051FE08900198FFF769FE03468DF81F30A1
:10452000089BDA6C089B9B6B934238BF134606933B
:10453000089B283319460698FFF72AFC089B9DF82C
:10454000032083F82C20089B203302930D23039330
:104550000023049302AA9DF81F3011461846FEF767
:10456000CBFB0590059B002B02D1089B06221A70FD
:10457000059B18460BB05DF804FB00B58DB00390A9
:10458000029101928DF803300398FFF701FE0B9022
:104590000B98FFF70FFE0A900398FFF727FE0346DC
:1045A0008DF82730029B0593019B06930023079308
:1045B00005AA9DF8273011461846FEF79DFB089086
:1045C000089B002B03D10A9B9DF803201A70089BBF
:1045D00018460DB05DF804FB00B585B00190019858
:1045E000FFF704FE03468DF80F300198FFF713FE26
:1045F00003468DF80E309DF80F3018460AF072FA17
:104600009DF80E3018460AF06DFA00BF05B05DF84F
:1046100004FB00B58DB00390029101928DF8033038
:104620000398FFF7B5FD0B900B98FFF7C3FD0A90B9
:104630000398FFF7F0FD03468DF82730029B0593A2
:10464000019B06930023079305AA9DF82730114686
:104650001846FEF751FB0890089B002B03D10A9BDC
:104660009DF803201A70089B18460DB05DF804FBF6
:1046700000B587B001900B468DF803300198FFF725
:1046800087FD05900598FFF795FD04900198FFF7C9
:10469000ADFD03468DF80F300198FFF7BCFD0346D2
:1046A0008DF80E309DF80F3018460BF080FD9DF808
:1046B0000E3018460BF07BFD9DF80F3018460AF0BF
:1046C00011FA9DF80E3018460AF00CFA049B9DF87A
:1046D00003201A7000BF07B05DF804FB00B587B077
:1046E00001900198FFF754FD04900498FFF762FDD4
:1046F0000390039B09331846FFF777FB0346002B13
:1047000014BF012300238DF80B30002305939DF87F
:104710000B3083F00103DBB2002B05D0012101989F
:10472000FFF7EAFE059003E007210198FFF7A0FFDD
:10473000059B184607B05DF804FB00B583B00190F7
:1047400008210198FFF794FF00BF03B05DF804FB58
:1047500000B583B0019009210198FFF789FF00BFE0
:1047600003B05DF804FB000000B589B0039002912E
:10477000029B5B781846FFF78BFB0346012B29D180
:10478000029B9B78062B25D10023059304AB18468A
:10479000FFF7F0FA0790029B1979029BDA7805ABD4
:1047A0000093079B0398FDF75FF80690069B052B87
:1047B00010D0059B3F2B04D909494FF4187002F023
:1047C000BDF8029B0133059A07991846FFF766FA70
:1047D000034600E00623184609B05DF804FB00BF5D
:1047E0005CBF020000B587B0019000910198FFF70F
:1047F000CFFC04900498FFF7DDFC0390009B5B78EE
:104800001846FFF745FB03468DF80B309DF80B303B
:10481000022B47D1009B9B78012B43D1009BB3F81F
:1048200003309BB2002B3DD1039B1B78082B01D199
:104830000F2338E000230593009B5B798DF80A3045
:104840009DF80A3018460BF0FAFC9DF80A3018461D
:104850000BF0BFFC9DF90A30002B20DA039B1B787C
:10486000072B02D0092B0DD01AE00198FFF7D3FCDB
:10487000034618460BF0ADFC01210198FFF73CFE02
:1048800005900DE00198FFF7C6FC034618460BF0B3
:10489000A0FC02210198FFF72FFE059000E000BF69
:1048A000059B00E00623184607B05DF804FB0000F6
:1048B00000B587B0019000910198FFF769FC059061
:1048C000009B9B78FE2B2DD1009BB3F803309BB24D
:1048D000002B29D1009BB3F807309BB2012B25D1C7
:1048E00002AB1846FFF746FA0490059B1B6A002BA3
:1048F00004D1114940F2CE2002F020F8059B1B6A3A
:104900009BB2013B9AB2049B1A800198FFF7C2FD4B
:104910000390009B0133012204991846FFF7BEF96A
:10492000034605E000BF02E000BF00E000BF062331
:10493000184607B05DF804FB5CBF020000B587B005
:10494000019000910198FFF723FC05900598FFF76F
:1049500031FC0490009B9B78FF2B18D1009BB3F88F
:1049600003309BB2002B14D1009BB3F807309BB2ED
:10497000002B10D10198FFF72FFE049B1B78022B10
:1049800003D00198FFF786FD0390002305E000BFE8
:1049900002E000BF00E000BF0623184607B05DF844
:1049A00004FB000000B583B001900091019B002B37
:1049B00004D1244940F2213001F0C0FF009B002BBC
:1049C00004D1204940F2223001F0B8FF009B5B780F
:1049D0001846FFF776FA0346012B16D1009B5B7849
:1049E0001846FFF761FA0346002B02D0012B06D0D0
:1049F00022E000990198FFF7B7FE03461DE00099F9
:104A00000198FFF755FF034617E0009B5B781846B7
:104A1000FFF74AFA0346002B02D0012B06D00BE029
:104A200000990198FFF7DEFE034606E00099019821
:104A3000FFF784FF034600E00623184603B05DF845
:104A400004FB00BF5CBF020000B585B0019000917F
:104A50000198FFF7AFFB0390019B5B69009A9A42B4
:104A600002D9019B5B690093039B5A6C009B134422
:104A70005A1E039B5B6CB2FBF3F3184605B05DF85E
:104A800004FB82B001900091019B5A69009B934204
:104A900028BF1346184602B07047000000B589B021
:104AA0000190002307930198FFF772FB0690069888
:104AB000FFF780FB0590059B93F83C3083F00103E2
:104AC000DBB2002B52D0059B93F83D30002B02D077
:104AD000062307934AE0059B5B6B002B2BD00698BF
:104AE000FFF7C5FB0346002B40D00698FFF75EFC9E
:104AF0000490059B5B6B19460698FFF7C2FF039075
:104B0000049B002B04D11C4940F27F3001F016FFBA
:104B1000059B012283F83C200423039A0499019801
:104B2000FFF72BFD0790079B002B1FD0059B002252
:104B300083F83C201AE0059B1B78042B16D1059BBB
:104B40009B6B002B10D1059B93F82C3019460198D4
:104B5000FFF7D2FC0790079B002B07D006494FF4C4
:104B6000647001F0EBFE01E006230793079B1846F3
:104B700009B05DF804FB00BF5CBF020000B58DB05A
:104B8000019000230B930198FFF702FB0A900A980B
:104B9000FFF710FB0990099B93F8543083F0010351
:104BA000DBB2002B44D0099B93F85530002B02D088
:104BB00006230B933CE0099B9B6C002B38D00A9892
:104BC000FFF768FB0346002B32D00A9BDA69099B8A
:104BD0009B7B9B0013441B680893099B9B6C1946A5
:104BE0000A98FFF731FF07900A98FFF769FB0690D4
:104BF000069B002B04D1114940F2AF3001F09EFE1C
:104C0000099B1B6D0393079B0493069B0593099BCC
:104C1000012283F8542003AB19460898FFF7FEF9E8
:104C20000B900B9B002B03D0099B002283F8542090
:104C30000B9B18460DB05DF804FB00BF5CBF020083
:104C400000B589B00190002307930198FFF7A0FAFF
:104C500006900698FFF7AEFA0590059B93F83C3056
:104C600083F00103DBB2002B2ED0059B5B6B002B86
:104C70002AD00698FFF70EFB0346002B24D0069897
:104C8000FFF71EFB0490059B5B6B19460698FFF728
:104C9000F8FE0390049B002B04D10E4940F2D13062
:104CA00001F04CFE059B012283F83C200523039A6A
:104CB00004990198FFF7ADFC0790079B002B03D0E8
:104CC000059B002283F83C20079B184609B05DF83D
:104CD00004FB00BF5CBF020000B58DB00190002353
:104CE0000B930198FFF754FA0A900A98FFF762FABB
:104CF0000990099B93F8543083F00103DBB2002B39
:104D000060D0099B93F85530002B02D006230B93FB
:104D100058E0099B9B6C002B39D00A98FFF7A7FA43
:104D20000346002B4ED00A9BDA69099B9B7B9B00B4
:104D300013441B680893099B9B6C19460A98FFF75C
:104D400083FE07900A98FFF731FB0690069B002B25
:104D500004D11F4940F2F53001F0F0FD099B1B6DB5
:104D60000393079B0493069B0593099B012283F8F9
:104D7000542003AB19460898FFF782F90B900B9B60
:104D8000002B1FD0099B002283F854201AE0099BB6
:104D90001B78052B16D1099BDB6C002B10D1099BCE
:104DA00093F82C3019460198FFF7A6FB0B900B9B4C
:104DB000002B07D0064940F20D4001F0BFFD01E095
:104DC00006230B930B9B18460DB05DF804FB00BF48
:104DD0005CBF020000B585B0039002910192019B77
:104DE00009331846FFF701F80346002B04D0039857
:104DF000FFF774FC034619E0019BDB7B062B04D014
:104E00000398FFF76BFC034610E0019B9B7B1A465F
:104E1000029B1B6A9A4204D30398FFF75FFC034688
:104E200004E000210398FFF767FB0346184605B02E
:104E30005DF804FB00B587B0039002910192019BDD
:104E400010330593019BDB7B052B04D80398FFF7F8
:104E500045FC03463FE0019B9B7B1A46029B1B6A75
:104E60009A4204D30398FFF739FC034633E0019BD1
:104E700009331846FEF7B9FF0346122B04D90398ED
:104E8000FFF72CFC034626E0019B09331846FEF78A
:104E9000ACFF0490049B002B05D100210398FFF781
:104EA0002BFB034617E0019B5833122200211846C2
:104EB00025F05BFD019BF02283F85820019B0B221B
:104EC00083F85F20019B03F158010323049A0398A0
:104ED000FFF753FB0346184607B05DF804FB00B527
:104EE00085B00390029101920398FFF7F7FB034608
:104EF000184605B05DF804FB00B587B00390029139
:104F00000192019BDB6C002B05D101210398FFF777
:104F1000F3FA03463EE0019B9B6C002B04D10398FF
:104F2000FFF7DCFB034635E0019B5B7B5BB2002BAC
:104F300004DB0398FFF7D2FB03462BE00298FFF750
:104F40007FF9019B9A6C019BDB6C9A4207D9019B0C
:104F5000DA6C019B9A64019B022283F82C20019B4E
:104F6000DA6C019B9A63019B9A6C019B5A63019BCB
:104F7000002283F83C20019B002283F854200398F0
:104F8000FFF7FCFD0590059B002B02D00398FFF76F
:104F9000A5FB059B184607B05DF804FB10B588B06B
:104FA000039002910192019B10330793019BDB7BDD
:104FB000052B04D80398FFF791FB034630E0029BD2
:104FC000DA69019B9B7B9B0013441B680693069840
:104FD000FFF7A8F803465B680593079B1B798DF8DC
:104FE0001330079B5B781B0403F4F814079B023310
:104FF0001846FEF7EAFE034623431A46019B1A654C
:10500000019B059A5A649DF81330059A03FB02F23E
:10501000019B9A64019A02990398FFF76DFF03467A
:10502000184608B010BD00B587B0039002910192F8
:10503000019BDB6C002B05D101210398FFF75CFA83
:1050400003463EE0019B9B6C002B04D10398FFF7C5
:1050500045FB034635E0019B5B7B5BB2002B04DA2A
:105060000398FFF73BFB03462BE00298FFF7E8F8B5
:10507000019B9A6C019BDB6C9A4207D9019BDA6C0D
:10508000019B9A64019B022283F82C20019BDA6C1D
:10509000019B9A63019B9A6C019B5A63019B0022BE
:1050A00083F83C20019B002283F854200398FFF7EB
:1050B000C7FD0590059B002B02D00398FFF70EFB60
:1050C000059B184607B05DF804FB10B588B0039047
:1050D00002910192019B10330793019BDB7B052B0F
:1050E00004D80398FFF7FAFA034630E0029BDA6926
:1050F000019B9B7B9B0013441B6806930698FFF75C
:1051000011F803465B680593079B1B798DF81330F4
:10511000079B5B781B0403F4F814079B02331846C3
:10512000FEF753FE034623431A46019B1A65019B73
:10513000059A5A649DF81330059A03FB02F2019B0D
:105140009A64019A02990398FFF76DFF0346184687
:1051500008B010BD00B589B0039002910192019B87
:1051600010330793079B9B78002B04D00398FFF71D
:10517000B5FA03467CE0019B09331846FEF735FE7D
:105180000346242B04D90398FFF7A8FA03466FE0DF
:10519000019B09331846FEF728FE0690069B002B5C
:1051A00005D100210398FFF7A7F9034660E0019BB2
:1051B000002283F85820019B802283F85920019B0C
:1051C000062283F85A20019B122283F85B20019B60
:1051D000202283F85C20029BDA69019B9B7B9B0069
:1051E00013441B6805930023049304AB1A46012162
:1051F0000598FEF777FF049B002B1BD0019B03F162
:105200006000049B1B680822194624F038FF019BAC
:1052100003F16800049B5B681022194624F02FFFFD
:10522000019B03F17800049B9B680422194624F03B
:1052300026FF14E0019B603308220021184625F068
:1052400094FB019B683310220021184625F08DFB4A
:10525000019B783304220021184625F086FB019B30
:1052600003F158010323069A0398FFF786F90346D2
:10527000184609B05DF804FB00B585B003900291B3
:10528000019200210398FFF737F90346184605B04D
:105290005DF804FB00B589B0039002910192019B77
:1052A00010330793019BDB7B052B04D80398FFF792
:1052B00015FA03462AE0019B09331846FEF795FDCF
:1052C0000346042B04D90398FFF708FA03461DE0B0
:1052D000019B09331846FEF788FD0690019B583361
:1052E0000593059B03221A70059B00225A70059BAB
:1052F00000229A70059B0022DA70019B03F158018D
:105300000323069A0398FFF738F90346184609B0B5
:105310005DF804FB00B585B0039002910192002175
:105320000398FFF7E9F80346184605B05DF804FB5B
:1053300000B585B003900291019200210398FFF718
:10534000DBF80346184605B05DF804FB00B585B0F0
:1053500003900291019201210398FFF7CDF80346D3
:10536000184605B05DF804FB00B589B003900291C2
:105370000192019B10330793019BDB7B092B04D81F
:105380000398FFF7ABF9034641E0019B0933184648
:10539000FEF72BFD0346082B04D90398FFF79EF96F
:1053A000034634E0019B09331846FEF71EFD0690C4
:1053B000069B002B05D100210398FFF79DF80346BB
:1053C00025E0029BDA69019B9B7B9B0013441B68D1
:1053D00005930598FEF7A6FE0490049B1B685A1ED1
:1053E000019B583319461046FEF72CFD049B5A6862
:1053F000019B5C3319461046FEF724FD019B03F127
:1054000058010323069A0398FFF7B7F80346184696
:1054100009B05DF804FB00B589B0039002910192D8
:10542000019B10330793019BDB7B092B04D8039866
:10543000FFF754F903462DE0029BDA69019B9B7B41
:105440009B0013441B6806930698FEF76BFE034609
:105450005B680593079B07331846FEF7B6FC0346C7
:10546000ADF81230079B02331846FEF7D5FC024612
:10547000019B1A65019B059A5A64BDF81230059A82
:1054800003FB02F2019B9A64019A02990398FFF7C9
:1054900033FD0346184609B05DF804FB00B589B03A
:1054A000039002910192019B10330793019BDB7BD8
:1054B000092B04D80398FFF711F903462DE0029B4E
:1054C000DA69019B9B7B9B0013441B68069306983B
:1054D000FEF728FE03465B680593079B07331846D3
:1054E000FEF773FC0346ADF81230079B02331846F3
:1054F000FEF792FC0246019B1A65019B059A5A64CD
:10550000BDF81230059A03FB02F2019B9A64019ADE
:1055100002990398FFF787FD0346184609B05DF826
:1055200004FB00B585B0039002910192002103981D
:10553000FEF7E2FF0346184605B05DF804FB00B530
:1055400089B0039002910192019B10330793019B54
:10555000DB7B092B04D80398FFF7C0F803463EE035
:10556000019B9B7B1A46029B1B6A9A4204D30398B9
:10557000FFF7B4F8034632E0019B09331846FEF703
:1055800034FC0346042B04D90398FFF7A7F803461D
:1055900025E0019B09331846FEF727FC0690019B86
:1055A0005833059308220021059825F0DEF90623DB
:1055B000ADF81230BDF81230DAB2059B5A70BDF862
:1055C00012301B0A9BB2DAB2059B1A70019B03F1E1
:1055D00058010323069A0398FEF7CFFF03461846A7
:1055E00009B05DF804FB00B587B001900198FEF7A3
:1055F00012FE03468DF8173003AA9DF817301146A6
:1056000018460AF09BFD03460493049B002B01D02F
:1056100000230393039B184607B05DF804FB0000CA
:1056200000B587B001900198FEF7B2FD0490049890
:10563000FEF7C0FD0390039B30332822002118465B
:1056400025F093F9039B243304220021184625F00A
:105650008CF90198FFF7C7FF03461F2B04D0019870
:10566000FFF76BF8002379E1039B01330422BD4966
:10567000184624F01FFC0346002B04D00198FFF7C6
:105680005CF800236AE1039B03F12400039B0533CC
:105690000422194625F040F9039B002283F82C20B0
:1056A000039B9A7B039B83F84020039B0933184696
:1056B000FEF79BFB0246039BDA64039B93F84030A2
:1056C0001A46049B1B6A9A4204D30198FFF706F816
:1056D000034643E100230593039B1B7C5A2B00F2F6
:1056E000298101A252F823F05558000035590000D5
:1056F000355900006358000071580000355900000A
:1057000035590000355900007F5800003559000018
:105710008D580000355900003559000035590000FA
:105720003559000035590000355900003559000041
:105730009B5800003559000035590000A958000059
:105740003559000035590000355900003559000021
:10575000B7580000C558000035590000D358000064
:10576000E158000035590000355900003559000056
:10577000355900003559000035590000EF58000038
:105780003559000035590000FD580000355900001A
:105790000B590000355900003559000035590000FB
:1057A00035590000355900003559000035590000C1
:1057B00035590000355900003559000035590000B1
:1057C00035590000355900003559000035590000A1
:1057D0003559000035590000355900003559000091
:1057E0003559000035590000355900003559000081
:1057F0003559000035590000355900003559000071
:105800003559000035590000355900003559000060
:105810003559000035590000355900003559000050
:105820003559000035590000355900003559000040
:10583000355900003559000035590000195900004C
:105840003559000035590000355900003559000020
:1058500027590000039A04990198FFF7BBFA0590B5
:105860007BE0039A04990198FFF7E4FA059074E04D
:10587000039A04990198FFF732FB05906DE0039AB3
:1058800004990198FFF78AFB059066E0039A049952
:105890000198FFF71AFC05905FE0039A04990198BC
:1058A000FFF758FC059058E0039A04990198FFF718
:1058B000E3FC059051E0039A04990198FFF7EAFC94
:1058C00005904AE0039A04990198FFF723FD05909B
:1058D00043E0039A04990198FFF72AFD05903CE004
:1058E000039A04990198FFF731FD059035E0039A7A
:1058F00004990198FFF738FD05902EE0039A04996A
:105900000198FFF788FD059027E0039A0499019814
:10591000FFF7C4FD059020E0039A04990198FFF772
:1059200000FE059019E0039A04990198FFF707FE1D
:10593000059012E0039B09331846FEF756FA03461A
:10594000002B04D00198FEF7C9FE059004E0012168
:105950000198FEF7D1FD059000BF059B184607B0E2
:105960005DF804FBCCBF020082B001900091019B66
:10597000002283F83C20019B5B6B009A9A4204D87A
:10598000019B5A6B009BD31A00E00023019A5363DA
:10599000019B9B6B009A9A4204D8019B9A6B009BD7
:1059A000D31A00E00023019A936300BF02B070474E
:1059B00000B587B0019000910198FEF7E9FB0490D3
:1059C0000498FEF7F7FB0390039B5B6B1946049862
:1059D000FFF757F80246009B934204D0104940F26B
:1059E0004C7000F0ABFF00990398FFF7BDFF0498DF
:1059F000FEF708FD0198FFF751F80590059B002B75
:105A000003D10198FFF7BAF80590059B002B02D04F
:105A10000198FEF763FE059B184607B05DF804FB8E
:105A20005CBF020000B587B0019000910198FEF7BD
:105A3000AFFB04900498FEF7BDFB0390009B9B789E
:105A400002AA114618460AF079FB0346002B01D042
:105A500000230293009BDB78002B01D000232EE073
:105A600000230593039B1B78033B042B22D801A240
:105A700052F823F0895A0000A15A0000BB5A0000D6
:105A8000BB5A0000AF5A0000039BDA6C029BD21A8B
:105A9000039BDA6400210198FEF72EFD05900DE0CE
:105AA000029B19460198FFF783FF059006E0062345
:105AB000059303E00323059300E000BF059B184610
:105AC00007B05DF804FB00BF00B587B001900091FE
:105AD000002305930198FEF75BFB04900498FEF702
:105AE00069FB0390039B5B6B19460498FEF7C9FFA3
:105AF0000246009B934203D0039B012283F855206A
:105B000000990398FFF730FF0498FEF719FC0198FD
:105B1000FFF796F80590059B002B03D10198FFF73E
:105B2000DBF80590059B002B02D00198FEF7D6FD0F
:105B3000059B184607B05DF804FB000000B587B070
:105B400001900091002305930198FEF721FB04903A
:105B50000498FEF72FFB0390009B9B7802AA114646
:105B600018460AF0EBFA0346002B01D000230293FB
:105B7000009BDB78012B11D1039B1B78052B0BD0ED
:105B8000039B1B78062B03D0039B1B78012B03D1AF
:105B90000198FEF77FFC0590059B4EE0009BDB78AB
:105BA000032B04D1039B01221A70002345E0009BC4
:105BB000DB78022B0DD1039B1B78052B03D10198B9
:105BC000FEF7C6FD03E00198FEF7B7FD00BF002316
:105BD00033E0039B1B78023B052B24D801A252F82B
:105BE00023F000BFFD5B0000275C0000275C000085
:105BF000075C0000375C0000215C00000198FFF7A3
:105C00000FFD059018E0002000F0C2FD029B194630
:105C10000198FFF759FF0590002000F0CDFD0BE043
:105C20000623059308E0074940F62E0000F086FEA3
:105C30000623059300E000BF059B184607B05DF8FA
:105C400004FB00BF5CBF020000B591B00190009161
:105C5000019B002B04D19A494FF4046000F06EFEC2
:105C6000009B002B04D1964940F6410000F066FEEF
:105C70000198FEF78DFA09900998FEF79BFA0890B3
:105C800000230F93009B1B780E2B00F2108101A2C2
:105C900052F823F0B55E0000D15C0000195D0000F1
:105CA000B55E0000AF5E0000EB5C0000F75C00003A
:105CB000AF5E0000AF5E0000AF5E0000AF5E0000B0
:105CC000495D0000B55E0000A35D0000275E000096
:105CD0000D220021089824F048FE089B203304225E
:105CE0007849184624F018FEE5E000990198FEF77F
:105CF00059FE0F90DFE0009B9B785BB2002B05DA2A
:105D000000990198FFF78EFE0F90D4E0009901985A
:105D1000FFF714FF0F90CEE000230E930EE0099BD7
:105D2000DA690E9B9B0013441B6803930022002139
:105D30000398FEF7D7F90E9B01330E93099B1B6A5C
:105D40000E9A9A42EBD3B6E00021032000F084FCC7
:105D50000590059B002B01D10623ADE00598FEF7C9
:105D6000FBF903465B080493049B0C2B01D8062324
:105D7000A2E001230D930FE00D9B5B00059A1344F5
:105D80001B88184623F0AFFF0346002B01D10623E2
:105D900092E00D9B01330D930D9A049B9A42EBD335
:105DA00089E0099B1B6A102B04D9454940F69900EC
:105DB00000F0C4FD00230C932FE0099BDA690C9BD3
:105DC0009B0013441B680693099A3F490698FEF707
:105DD000F1F80F900F9B002B1BD1089BB3F87C2090
:105DE00001210C9B01FA03F39BB213439AB2089B67
:105DF000A3F87C200698FEF795F903465A68099B9C
:105E00005B699A4206D92E4940F6A50000F096FD3E
:105E100000E000BF0C9B01330C93099B1B6A0C9A9A
:105E20009A42CAD347E0099B1B6A102B04D9244924
:105E300040F6AF0000F082FD00230B9331E0099B98
:105E4000DA690B9B9B0013441B6807930798FEF7C6
:105E5000CDF80F90FA230A9306E00120FEF783F9AC
:105E60000798FEF7C3F80F900F9B112B04D10A9BE4
:105E70005A1E0A92002BF0D10F9B002B0ED1089BCB
:105E8000B3F87C2001210B9B01FA03F39BB2DB43A7
:105E90009BB213409AB2089BA3F87C200B9B013362
:105EA0000B93099B1B6A0B9A9A42C8D303E0062303
:105EB0000F9300E000BF0F9B184611B05DF804FB84
:105EC0005CBF0200D0BF02003165000010B58AB08F
:105ED00003900291019200930298FDF7FDFF0346A3
:105EE0001A46A64B1A700298FEF752F90990039BC6
:105EF000002B04D1A24940F6DC0000F01FFD019BFD
:105F0000059300230693009B0793039B0893089B2C
:105F10001B68002B54D040F60312934200F25082CB
:105F200040F6E3029342C0F04B82A3F6E303202B3A
:105F300000F2468201A252F823F000BFE55F0000A4
:105F400019600000C1630000C1630000C16300006C
:105F5000C1630000696000009D600000DB6000001C
:105F60000F610000476100008F610000C361000005
:105F7000C1630000C1630000C1630000C163000091
:105F8000C1630000C1630000C1630000C163000081
:105F9000C1630000C163000011620000456200009F
:105FA000C1630000C1630000C1630000996200008A
:105FB000CD620000016300003563000069630000EA
:105FC000704B00221A70EEE1089B09221A71069AA2
:105FD000079B9A4205D3089B40F6E3021A6001230F
:105FE000F2E100BF059B002B05D0089A0599069B9E
:105FF0000B4412791A70069B01330693089B042206
:106000001A71069A079B9A4205D3089B40F6E40250
:106010001A600123D8E100BF059B002B05D0089A28
:106020000599069B0B4412791A70069B013306935F
:10603000544B1B7819460298FDF756FF0346524A07
:106040001360514B1B68089C1846FDF777FF034609
:106050002371069A079B9A4205D3089B40F6E902F2
:106060001A600123B0E100BF059B002B05D0089A00
:106070000599069B0B4412791A70069B013306930F
:10608000089B00221A71069A079B9A4205D3089B27
:1060900040F6EA021A60012396E100BF059B002B3F
:1060A00005D0089A0599069B0B4412791A70069B35
:1060B00001330693344B1B68089C1846FDF745FFD7
:1060C00003462371069A079B9A4205D3089B40F624
:1060D000EB021A60012377E100BF059B002B05D07E
:1060E000089A0599069B0B4412791A70069B013396
:1060F0000693089B08221A71069A079B9A4205D3B9
:10610000089B40F6EC021A6001235DE100BF059B8D
:10611000002B05D0089A0599069B0B4412791A703A
:10612000069B01330693089B099A92F828201A715E
:10613000069A079B9A4205D3089B40F6ED021A6027
:10614000012341E100BF059B002B05D0089A05996A
:10615000069B0B4412791A70069B01330693089B29
:10616000099A92F829201A71069A079B9A420DD330
:10617000089B40F6EE021A60012325E1B8060020D4
:106180005CBF0200B9060020BC06002000BF059BD2
:10619000002B05D0089A0599069B0B4412791A70BA
:1061A000069B01330693089B00221A71069A079BEF
:1061B0009A4205D3089B40F6EF021A60012303E1DF
:1061C00000BF059B002B05D0089A0599069B0B4440
:1061D00012791A70069B013306937D4B1B68184693
:1061E000FDF7B3FE03461A467A4B1A707A4B00222B
:1061F0001A70CBE0089B07221A71069A079B9A42F5
:1062000005D3089B40F6FA021A600123DCE000BFC8
:10621000059B002B05D0089A0599069B0B44127923
:106220001A70069B01330693089B05221A71069A81
:10623000079B9A4205D3089B40F6FB021A60012394
:10624000C2E000BF059B002B05D0089A0599069B6C
:106250000B4412791A70069B013306935C4B1B6842
:106260005D4A127811461846FDF776FE03465B4AF2
:1062700013605A4B1B68089C1846FDF793FE0346B3
:106280002371069A079B9A4205D3089B40F6FF02AA
:106290001A60012398E000BF059B002B05D0089AE7
:1062A0000599069B0B4412791A70069B01330693DD
:1062B000089B02221A71069A079B9A4205D3089BF3
:1062C0004FF410621A6001237EE000BF059B002B93
:1062D00005D0089A0599069B0B4412791A70069B03
:1062E00001330693089B40221A71069A079B9A4233
:1062F00005D3089B40F601121A60012364E000BF39
:10630000059B002B05D0089A0599069B0B44127932
:106310001A70069B01330693089B00221A71069A95
:10632000079B9A4205D3089B40F602121A6001238C
:106330004AE000BF059B002B05D0089A0599069BF3
:106340000B4412791A70069B01330693089B0022B6
:106350001A71069A079B9A4205D3089B40F60312CE
:106360001A60012330E000BF059B002B05D0089A7E
:106370000599069B0B4412791A70069B013306930C
:10638000154B1B780133DAB2134B1A70124B1A7883
:10639000104B1B789A42FFF42DAF114B1B78013341
:1063A000DAB20F4B1A700E4B1A780E4B1B789A42CA
:1063B000FFF40AAE089B40F608121A60012303E0BE
:1063C000089B00221A60002318460AB010BD00BFC7
:1063D000BC060020C0060020C1060020C406002024
:1063E000B9060020B806002000B589B001900091E0
:1063F000009B9B6807930798FDF7CAFE06900698D6
:10640000FDF7D8FE0590009B5B685B680493059BD5
:106410005A6C049B02FB03F30393059B1A6D049BC8
:106420001A44059B1A65059B9B6C039A9A4204D8F3
:10643000059B9A6C039BD31A00E00023059A936492
:10644000059BDB6C039A9A4204D8059BDA6C039B8C
:10645000D31A00E00023059AD364059B002283F839
:10646000542000BF09B05DF804FB00B587B001906F
:106470000091009B9B6804930498FDF789FE0390AC
:106480000398FDF797FE02900398FDF759FF009BD4
:106490005B78002B04D100990198FFF7A5FF03E07A
:1064A000029B012283F83D200498FEF7F7FA05903D
:1064B000059B002B03D10498FEF760FB0590059B1C
:1064C000002B02D00498FEF709F900BF07B05DF871
:1064D00004FB00B587B001900091009B9B6804937A
:1064E0000498FDF755FE03900398FDF78BFF009B82
:1064F0005B78002B04D100990198FFF775FF02E04B
:106500000498FEF7EBF80498FEF79AFB0590059BBC
:10651000002B03D10498FEF7DFFB0590059B002BB1
:1065200002D00498FEF7DAF800BF07B05DF804FB6C
:1065300000B583B001900091009B1B78032B21D8FC
:1065400001A252F823F000BF8565000085650000B8
:10655000596500006F650000002000F019F90099EE
:106560000198FFF782FF002000F026F90BE00020E1
:1065700000F00EF900990198FFF7ABFF002000F042
:106580001BF900E000BF00BF03B05DF804FB00BFD3
:1065900000B587B003460A468DF807301346ADF8BC
:1065A00004309DF80720BDF804302949134451F800
:1065B00023301B78002B09D19DF80720BDF804304B
:1065C0002349134451F8233002333DE00020FDF706
:1065D000D1FB039000238DF817309DF80720BDF8FC
:1065E00004301B49134451F82330049318E09DF8FC
:1065F00017301E2B03D91749FC2000F09FF99DF896
:10660000173001338DF81730049B19789DF8173037
:106610005B00039A13448AB21A80049B01330493EB
:10662000049B1B78002BE2D19DF8173001339BB2FD
:106630005B009BB21BB2DBB21BB243F440731BB2D4
:106640009AB2039B1A80039B184607B05DF804FBBF
:106650001000002068C0020000B585B003460A465D
:106660008DF807301346ADF804309DF80730002B45
:1066700005D100210020FFF78BFF034640E00023F7
:106680008DF80D3000238DF80F3000238DF80E307B
:1066900016E09DF80E301C4A12F813309DF80720C2
:1066A0009A4208D19DF80E30174A5B0013445B787C
:1066B0008DF80F3008E09DF80E3001338DF80E3064
:1066C0009DF80E30052BE4D99DF80F30002B01D139
:1066D000002315E09DF80F209DF80D300B49134461
:1066E00051F82330002B01D1002309E09DF80D3033
:1066F0009AB29DF80F3011461846FFF749FF03463E
:10670000184605B05DF804FBF8BF02001000002039
:1067100082B003468DF807309DF90730002B09DB66
:106720000B4A9DF90730134493F80033DBB25B0941
:10673000DBB20AE0074A9DF8073003F00F03043B81
:1067400013441B7EDBB25B09DBB2184602B0704714
:1067500000E100E000ED00E072B600BF034B1B68F3
:106760000133024A136000BF704700BFC806002013
:10677000064B1B68013B054A1360044B1B68002B4A
:1067800001D162B600BF00BF704700BFC80600203D
:1067900000B583B0019000F025F80346012B03D02B
:1067A0000449432000F0CAF8FFF7D6FF00BF03B04A
:1067B0005DF804FBD8C0020000B583B003468DF835
:1067C000073000F00FF80346012B03D00449512095
:1067D00000F0B4F8FFF7CCFF00BF03B05DF804FB96
:1067E000D8C0020084B0EFF305830193019BC3F38B
:1067F00008030393039B002B0DD1EFF31483009345
:10680000009B0293029B03F00103002B0CBF0123AA
:106810000023DBB200E00123184604B0704700B546
:1068200085B0EFF305830193019BC3F30803039342
:10683000039B002B0AD0039B103B0293029B5BB28D
:106840001846FFF765FF0346DBB200E00F2318464A
:1068500005B05DF804FB000008B5044B1B68044A52
:1068600012681046984700BF08BD00BFCC06002044
:10687000D00600201EF0040F1CBFEFF309800AE0D1
:10688000EFF308800549064A884201D8904202D8B1
:106890008D464FF00000034B184700000000042015
:1068A00000E00320E168000000BF00BFBFF34F8F8E
:1068B00000BF064BDB6803F4E0620449044B13435A
:1068C000CB60BFF34F8F00BF00BFFDE700ED00E0DE
:1068D0000400FA0500B583B00190FFF7E7FF000060
:1068E00000B587B00190019B0493124B9B6A039300
:1068F000104BDB6A002305930AE00122059B02FA94
:1069000003F31A46039B1340002B059B01330593A9
:10691000059B192BF1D9084B1B6803F00103002BD1
:1069200000D000BE0198FFF7D5FF00BF07B05DF8AB
:1069300004FB00BF00ED00E0F0ED00E000B585B025
:1069400003460091ADF80630BDF806300293009B77
:10695000039302AB1A46002144F20200FAF796FDB7
:1069600000BF05B05DF804FB86B001900091019B6B
:1069700053E8011F8AB2D88902449889824228BF0D
:10698000121A1889824202BFBFF32F8F002307E03B
:10699000C2EA010243E801200028E9D14FF00103D7
:1069A0008DF80F30059002910492029A009B1A60B4
:1069B0009DF80F30DBB2184606B0704784B00190E6
:1069C000019951E8013FC3EA034341E80132002A3B
:1069D000F7D10392029300BF04B0704786B00190D4
:1069E0000091019B53E8021F1FFAA1F2D88882424E
:1069F00002BFBFF32F8F00230DE0D889024498898E
:106A0000824228BF121AC1EA024243E8022000284B
:106A1000E8D14FF001038DF80F30059002910492F8
:106A2000029A009B1A609DF80F30DBB2184606B040
:106A3000704784B00190019951E8023FC3EA2343B3
:106A400041E80232002AF7D10392029300BF04B05A
:106A5000704784B00390029111461A460B46ADF878
:106A600006301346ADF80430029B002B01D10E23F3
:106A70001FE0BDF80630BDF80420B3FBF2F101FBC6
:106A800002F29B1A9BB2002B01D0092311E0039B59
:106A9000029A1A60039B00225A60039B00229A60AC
:106AA000039BBDF806209A81039BBDF80420DA8180
:106AB0000023184604B0704700B585B001900091DE
:106AC000009B19460198FFF74FFF0346002B07D0A4
:106AD000019B1B68009A128813440393039B00E0F8
:106AE0000023184605B05DF804FB00B583B00190A3
:106AF0000091009B1A88009B5B889A4204D1019800
:106B0000FFF75CFF012300E00023184603B05DF8A7
:106B100004FB00B585B001900091009B19460198D7
:106B2000FFF75CFF0346002B07D0019B1B68009A10
:106B3000528813440393039B00E00023184605B0DA
:106B40005DF804FB00B583B001900091009B1A88AA
:106B5000009B5B889A4204D10198FFF76AFF0123EA
:106B600000E00023184603B05DF804FB10B487B0C2
:106B700001900091019B009A53E8004F104643E8B2
:106B8000000191F0000FF7D1059404900391059B4B
:106B9000184607B05DF8044B704710B487B00190F9
:106BA0000091019B009A53E8004F04EA020043E879
:106BB000000191F0000FF6D1059404900391059B1C
:106BC000184607B05DF8044B704710B487B00190C9
:106BD0000091019B009A53E8004F04EB020043E848
:106BE000000191F0000FF6D1059404900391049BED
:106BF000184607B05DF8044B704710B487B0019099
:106C00000091019B009A53E8004F94422CBFA01AB8
:106C1000204643E8000191F0000FF4D10594049060
:106C20000391049B184607B05DF8044B704700B50C
:106C300083B0019000210198FFF7AFFF034618468B
:106C400003B05DF804FB00B58DB00190019BDB6AD9
:106C50000993099B5B69099A926802FB03F31B0B7A
:106C60000893099B5A69099B9B691344099A926886
:106C700002FB03F31B0B0793099B1B6B089A9A42B9
:106C800000F29E80099B1B6B079A9A42C0F0988085
:106C9000099B1B6B089A9A4234D1099B5B69099A3C
:106CA00092684FF48051B1FBF2F2B3FBF2F101FBB9
:106CB00002F29B1A0493099B9B684FF48052B2FB2B
:106CC000F3F2049BD31A0B93099B9A68049B02FB73
:106CD00003F30393099B9B690B9A9A4202D9099B80
:106CE0009B690B93099BD869099B03F13802039BAD
:106CF000D118099B9B680B9A02FB03F31A4623F0F9
:106D00000BFE5EE0099B1B6B079A9A423AD1099BE6
:106D10005A69099B9B691344099A92684FF4805100
:106D2000B1FBF2F2B3FBF2F101FB02F29B1A0A9300
:106D3000099B1B6B099A92684FF48051B1FBF2F2E8
:106D400003FB02F2099B5B69D31A099A926802FB62
:106D500003F30593099B9B690A9A9A4202D9099BFE
:106D60009B690A93099BDA69059BD018099B03F17B
:106D70003801099B9B680A9A02FB03F31A4623F029
:106D8000CBFD1EE0099B1B6B099A92684FF4805162
:106D9000B1FBF2F203FB02F2099B5B69D31A099A79
:106DA000926802FB03F30693099BDA69069BD018ED
:106DB000099B38334FF48052194623F0ADFD00E0B3
:106DC00000BF0DB05DF804FB00B59BB00346009119
:106DD0008DF80730834B1B68009A9A4240F0FA8086
:106DE000009B1993199BDB6A1893189B2033179308
:106DF000189B1B78DBB2052B00F3E680042B46DAE8
:106E0000022B02D0032B23D0DEE0189B93F82D3009
:106E1000002B02D01998FFF716FF189B01221A7059
:106E2000189BDB68002B00F0D78002238DF8183008
:106E300000238DF81930189B14330793189B1B6996
:106E40000893189BDB68199A06A910469847C3E077
:106E5000179B1B68189A926802FB03F31B0B109395
:106E6000189B1B6B109A9A4203D05F49CF20FFF703
:106E700065FD1799199800F026FB0F900F9B002BCA
:106E800000F0AC805849D320FFF758FDA6E0189BCE
:106E90005B6B0D930D9B93FAA3F30C930C9B0E93DA
:106EA0000E9B002B01D1202303E00E9BB3FA83F34A
:106EB000DBB21693189B1B78DBB2052B08D1189B0D
:106EC0005A6B0121169B01FA03F35A40189B5A632F
:106ED000189B5B6B002B44D1189B5B6A002B1AD06C
:106EE000179B1B68189A926802FB03F31B0B129303
:106EF000189B129A1A63189B03221A70189B03F1AD
:106F00003800189B1B6B1B031A464FF4805106F088
:106F10005DFA119063E0189B01221A70189BDB68E0
:106F2000002B19D0189B93F82C3083F00103DBB2AF
:106F3000002B11D003238DF80C3000238DF80D3079
:106F4000189B14330493189B1B690593189BDB68EB
:106F5000199A03A910469847189B002283F82C2001
:106F60003DE0189B5B6B0A930A9B93FAA3F309938A
:106F7000099B0B930B9B002B01D1202303E00B9B60
:106F8000B3FA83F3DBB21693189B1B6B1A03189B9F
:106F90009B68169901FB03F313441593189B03F1A7
:106FA0003802189B9B68169901FB03F31344149352
:106FB000189B05221A70189B9B68159A19461498FD
:106FC00006F0C6F913900AE0074940F21910FFF7DE
:106FD000B5FC04E000BF02E000BF00E000BF1BB052
:106FE0005DF804FBD806002044C1020084B0019083
:106FF000019BDB6A039300E030BF039B1B78DBB28D
:10700000012BF9D100BF00BF04B0704700B593B0A9
:10701000039002910192039B002B04D16C4940F232
:107020002B10FFF78BFC039B1193119BDB6A1093D2
:10703000119B18330F9300230E93119B1B69DBB236
:10704000002B01D00623BEE0119B1B694FF4805238
:10705000B2FBF3F101FB03F3D31A002B01D006239B
:10706000B1E05C4B1B68002B01D01123ABE0039A0D
:1070700059490F9806F07CF80E900E9B002B01D01A
:107080000E9BA0E0554A09AB92E803001860043358
:10709000198009AB00220021184606F0CFF80E90A7
:1070A0000E9B002B01D00E9B8DE099238DF8243090
:1070B00009AB00220021184606F0C0F80E900E9B86
:1070C000002B01D00E9B7EE0454A08AB12681146AA
:1070D00019800233120C1A709F238DF82430042378
:1070E0008DF8253008AA09AB0021184606F0A6F84D
:1070F0000E900E9B002B01D00E9B64E008AB18464F
:1071000000F090FB0D900D9B002B01D106235AE05F
:107110000D9B9B68B3F5805F01D0062353E0119B64
:107120001B690C930D9B5A68119B1B69B2FBF3F30F
:107130000B930B9B002B0CD04FF480520C9BB2FB9B
:10714000F3F20B9BB3FBF2F101FB02F29B1A002B53
:1071500001D0062337E0109B0C9A9A60109B0B9A83
:107160005A60109B019A1A61109B029ADA60109B78
:1071700001221A70109B4FF0FF321A63119B5B695A
:1071800003F00103002B14BF01230023DAB2109B8C
:1071900083F82D200F4A119B1360109BDB68002B96
:1071A00010D000238DF8143000238DF81530002303
:1071B0000693109B1B690793109BDB6805AA114679
:1071C000039898470023184613B05DF804FB00BFEE
:1071D00044C10200D8060020C96D0000BCC10200F5
:1071E000C4C1020000B589B00190019B002B04D1FD
:1071F0001F4940F2AB10FFF7A1FB019B0793079BD0
:10720000DB6A06931B4B1B68079A9A4201D0112335
:107210002AE0069B1B78DBB2012B01D0112323E06F
:10722000069BDB68002B10D001238DF80C30002367
:107230008DF80D3000230493069B1B690593069B74
:10724000DB6803AA114601989847069B00221A7032
:1072500006F048F841F238020021069823F085FB39
:10726000044B00221A600023184609B05DF804FBA5
:1072700044C10200D806002000B587B001900091FB
:10728000019B002B04D1384940F2D710FFF756FB81
:10729000009B002B04D134494FF4EC70FFF74EFBF8
:1072A000019B0593059BDB6A049300230393009BDA
:1072B0001A68009B5B681A44049B5B689A4201D978
:1072C00010234CE0294B1B68059A9A4201D01123E8
:1072D00045E0049B1B78DBB2012B01D011233EE07B
:1072E000049B009A203307CA83E80700049B009A96
:1072F000143307CA83E80700049B20330293049BDE
:1073000002221A70029B9868029B5B68049A92683A
:1073100002FB03F1029B1B68049A926802FB03F3D1
:107320001A4606F053F80390039B002B04D0049BED
:1073300001221A70039B12E0029B00229A60029BBA
:1073400000225A60049BDB68002B07D1049B1B784A
:10735000DBB2012B02D00598FFF748FE039B1846CD
:1073600007B05DF804FB00BF44C10200D80600204E
:1073700000B589B00390029101920093009B03F045
:107380000303002B04D0244940F22120FFF7D6FA52
:10739000039BDB6A0493049B03F13802029B1344B2
:1073A0000793019B069300238DF81730009B9B08E1
:1073B0000093079B1A68069B1B689A4214D0079B90
:1073C0001B68B3F1FF3F02D001238DF81730049BF7
:1073D0005A6B049B9B680299B1FBF3F3012101FAFC
:1073E00003F31A43049B5A63069A131D0693079BE3
:1073F000191D079112681A60029B04330293009BC7
:10740000013B0093009B002BD3D19DF81730184609
:1074100009B05DF804FB00BF44C1020000B58BB0A9
:107420000190019BDB6A0993099B93F82E3083F04E
:107430000103DBB2002B32D0099B5B6B0393039BF0
:1074400093FAA3F30293029B0493049B002B01D1B4
:10745000202303E0049BB3FA83F3DBB20793099B79
:107460001B6B1A03099B9B68079901FB03F31344E9
:107470000693099B03F13802099B9B68079901FB5E
:1074800003F313440593099B05221A70099B9B681B
:10749000069A1946059805F05BFF03460FE0099B25
:1074A0001B6B1B030893099B04221A70099B002283
:1074B00083F82E200899002005F0C6FF03461846E1
:1074C0000BB05DF804FB00B58DB001900091019BFD
:1074D000DB6A0A93009B1B680A9A92684FF48051FA
:1074E000B1FBF2F2B3FBF2F101FB02F29B1A09933A
:1074F0000A9B9B684FF48052B2FBF3F2099BD31AAC
:107500000B930A9B9A68099B02FB03F30893009B69
:107510005B680B9A9A4202D9009B5B680B93009BB5
:1075200099680A9B9B680B9A02FB03F30A46089929
:107530000198FFF71DFF03468DF81F309DF81F309F
:10754000002B03D00A9B012283F82E20009B5A684F
:107550000B9BD21A009B5A60009B1A680B9B1A4423
:10756000009B1A60009B9A680A9B9B680B9901FB21
:1075700003F31A44009B9A600A9B93F82E30002B69
:1075800010D00A9B9B6806930A9B5A6B4FF480515C
:10759000069BB1FBF3F3012101FA03F3013B1A430C
:1075A0000A9B5A630A9B5B6B002B04D00A9B93F8DF
:1075B0002D30002B1ED00A9BDB68002B1AD0009BBD
:1075C0005B68002B16D103238DF80C3000238DF857
:1075D0000D300A9B143304930A9B1B6905930A9B85
:1075E00001221A700A9BDB68019A03A9104698478A
:1075F000002303E00198FFF711FF034618460DB082
:107600005DF804FB00B589B001900091019B002B4F
:1076100004D1464940F29620FFF790F9009B002BD9
:1076200004D1424940F29720FFF788F9019B069365
:10763000069BDB6A059300230793009B1A68009B57
:107640005B681A44059B5B689A4201D9102368E085
:10765000374B1B68069A9A4201D0112361E0059BC3
:107660001B78DBB2012B01D011235AE0059B009A55
:10767000203307CA83E80700059B009A143307CA22
:1076800083E80700059B20330493049B1B68059A3D
:10769000926802FB03F31B0B0393059B1B6B039A7E
:1076A0009A4205D104990698FFF70DFF079023E051
:1076B000059B93F82D30002B0DD0059B1B6BB3F170
:1076C000FF3F08D0059B5B6B002B04D00698FFF7AB
:1076D000A5FE079010E0059B039A1A63059B032201
:1076E0001A70059B03F13800039B1B031A464FF4E5
:1076F000805105F06BFE0790079B002B04D0059B83
:1077000001221A70079B0CE0059BDB68002B07D158
:10771000059B1B78DBB2012B02D00698FFF766FCB5
:10772000079B184609B05DF804FB00BF44C1020086
:10773000D806002000B58BB003900B4601928DF85F
:107740000B30039B002B04D1294940F2F320FFF7B3
:10775000F5F8039B0993099BDB6A08939DF80B30AE
:10776000002B04D0012B32D000BF06233BE0019B4D
:107770000693089B1B78DBB2012B01D0112332E06A
:10778000089B93F82D3083F00103DBB2002B03D16B
:10779000089B5B6B002B07D1069B002B02D0069B3E
:1077A00000221A7000231EE00998FFF737FE0590AB
:1077B000059B002B09D1069B002B02D0069B0122C2
:1077C0001A70089B012283F82C20059B0BE0019B7B
:1077D000002B01D1072306E0019B0793099B1A1D8B
:1077E000079B1A60002318460BB05DF804FB00BF2E
:1077F00044C1020000B585B00190019B002B04D16B
:10780000074940F22D30FFF799F8019B0393039B42
:10781000DB6A0293029B0433184605B05DF804FB53
:1078200044C1020000B585B001900023039313E02A
:10783000039B1B010C4A134403220199184622F0B2
:1078400039FB0346002B04D1039B1B01064A13445A
:1078500006E0039B01330393039B012BE8D900232C
:10786000184605B05DF804FBE0C1020000B585B024
:107870000190019800F00EF80390039B002B01D0BB
:10788000039B00E0024B184605B05DF804FB00BF07
:1078900000C2020086B00190164B0593164B04936C
:1078A0001FE0049A059BD31ADB10DA0F13445B1018
:1078B000DB00059A13440393039B1B680293029A0F
:1078C000019B9A4202D9039B04930AE0029A019B0E
:1078D0009A4203D2039B0833059302E0039B5B6843
:1078E00004E0059A049B9A42DBD30023184606B0B5
:1078F000704700BFD4C50200ECC6020082B0019000
:107900000B46ADF80230BDF80230019A1344184618
:1079100002B0704782B00190019BD3F81035DBB202
:10792000184602B0704782B001900B468DF80330C4
:107930009DF80320019B02F5A87253F822301846E7
:1079400002B0704782B00190019B9B0003F5A073C9
:107950009BB2184602B07047F0B587B001900B4655
:107960008DF803309DF803300593019B00221E46DD
:1079700017464FF000024FF000033B0143EA167335
:1079800032010599C1F12006A1F1200022FA01F48B
:1079900003FA06F6344323FA00F0044323FA01F510
:1079A000CDE90245DDE90223012B04D3044940F26D
:1079B000B920FEF7C3FF029B184607B0F0BD00BF19
:1079C000ECC6020010B582B001900091019B5B797A
:1079D0001A46009B934204D3094940F27110FEF706
:1079E000ADFF019B1C680098FFF7ACFF03461946EA
:1079F0002046FFF783FF0346184602B010BD00BFC4
:107A000010C7020000B583B001900B468DF803301B
:107A1000019B1B689DF8032011461846FFF783FF62
:107A20000346184603B05DF804FB00B583B001902F
:107A30000091019B1B681846FFF76CFF034619462F
:107A40000098FFF789FF0346184603B05DF804FB72
:107A500000B583B00190019B1B68184600F05AF8EE
:107A60000346002B04D10B494FF4F670FEF766FF76
:107A7000019B1B681F2B02D84FF0A04306E0019B1F
:107A80001B6803F01F02019B1A60034B184603B0EA
:107A90005DF804FB44C702000003005000B585B048
:107AA000019001AB1846FFF7D3FF0390019B012221
:107AB00002FA03F31946039800F018F800BF05B066
:107AC0005DF804FB00B585B0019001AB1846FFF7E7
:107AD000BFFF0390019B012202FA03F319460398AA
:107AE00000F00EF800BF05B05DF804FB82B0019015
:107AF0000091019B009AC3F8082500BF02B07047AF
:107B000082B001900091019B009AC3F80C2500BF40
:107B100002B0704784B00190019B5B09029300237F
:107B20000393029B002B03D0029B012B04D007E0A0
:107B30004FF0FF33039303E04FF6FF73039300BF4F
:107B4000019B03F01F030193039A019B22FA03F3A5
:107B500003F00103002B14BF01230023DBB21846FE
:107B600004B0704782B001900B468DF8033000BF1F
:107B700002B0704700B585B00190019B5B681B792E
:107B80001A461A4B9B5C8DF80E3001238DF80F308E
:107B90009DF80E30FF2B20D09DF80E30FE2B1FD00D
:107BA000019B5B689DF80E2011461846FFF72AFFDF
:107BB0000246019B5B681B7919460D4B53F8213037
:107BC0009A420DD1019B5B681B791A46074BFF2136
:107BD000995400238DF80F3002E000238DF80F3008
:107BE0009DF80F30184605B05DF804FBE006002054
:107BF000E806002000B583B00190019B5B6802217C
:107C0000184609F073F900BF03B05DF804FB00B536
:107C100083B00190019B5B680221184609F0A0F92E
:107C200000BF03B05DF804FB00B587B003460091C8
:107C3000ADF80630009B049301238DF81730002324
:107C40008DF816303AE09DF816302649049A520015
:107C50000A4413441B78DBB2002B2AD09DF816305F
:107C60002049049A52000A441A441278D2B2013AC6
:107C7000D0B21C49049A52000A44134402461A70B6
:107C80009DF816301749049A52000A4413441B7891
:107C9000DBB2002B0AD1144A049B52F823301B6834
:107CA0000393039BDB690498984702E000238DF857
:107CB00017309DF8163001338DF816309DF81630C8
:107CC000012BC0D99DF81730002B06D0064A049B23
:107CD00052F823301846FFF79AFF00BF07B05DF84F
:107CE00004FB00BFFC0600200807002000B585B09B
:107CF0000190019B1B680293029B93F82030184669
:107D000008F03AFC00238DF80F306CE000238DF86A
:107D10000E3031E09DF80F209DF80E1002981346AA
:107D20005B0013449B0003440B4408331B78FF2B78
:107D30001DD09DF80F209DF80E10029813465B0091
:107D400013449B0003440B4408331B78184608F087
:107D500013FC9DF80F209DF80E10029813465B004F
:107D600013449B0003440B440833FF221A709DF810
:107D70000E3001338DF80E309DF80E30012BC9D92D
:107D80009DF80F20029913465B0013449B000B449F
:107D90001B68B3F1FF3F16D09DF80F2002991346E0
:107DA0005B0013449B000B441B68184603F00EFE57
:107DB0009DF80F20029913465B0013449B000B446F
:107DC0004FF0FF321A609DF80F20029913465B00B6
:107DD00013449B000B440B3300221A709DF80F30A4
:107DE00001338DF80F309DF80F30012B8ED9019B98
:107DF0005B68184608F026FF00BF05B05DF804FB7D
:107E000030B587B001900B468DF803301346ADF8BE
:107E10000030019B1B6805939DF8032013465B000F
:107E200013449B00059A134404939DF803308DF886
:107E30000F30059B93F82030184608F035FCBDF84C
:107E40000030002B11D1049B5B7A184608F02CFC03
:107E5000049B1B7A184608F0F2FB019B5B681B79B8
:107E60001A46484BFF21995485E0BDF80020059B38
:107E70009B699A4215D3059B9B69ADF80030049B22
:107E80001B7A184608F010FC049B5B7A184608F031
:107E9000D6FB019B5B681B791A463A4BFF2199542C
:107EA00069E0049B5A68059B9B699A4249D0049BF0
:107EB0005B68002B45D0BDF80020049B5B689A42AC
:107EC0003FD2019B5868049B5A680023032108F0A5
:107ED000A5FF059B93F82040019B5B680321184692
:107EE000FFF770FD0546049B9B7A002B06D0049B90
:107EF0001B68184603F07EFE034605E0049B1B68E2
:107F0000184603F03BFE03461A462946204608F071
:107F10005DFB059B93F82030184608F090FB019B11
:107F20005B681B791946174A9DF803305354019B2F
:107F30005B681B791946BDF80030134A42F82130BE
:107F400006E0019B5B681B791A460E4BFF21995492
:107F5000019B5868BDF800209DF80F10002308F021
:107F60005DFF049B1B7A184608F069FB049B5B7A53
:107F7000184608F064FBBDF80020049B5A6000BF5F
:107F800007B030BDE0060020E806002000B585B04F
:107F900001900B468DF803301346ADF80030019B7D
:107FA0001B6803939DF8032013465B0013449B005A
:107FB000039A134402939DF80330012B04D92C49F2
:107FC00040F25B20FEF7BAFC029BDB7A012B04D067
:107FD00027494FF41770FEF7B1FC039B93F821304B
:107FE000022B01D008233EE0BDF80020029B5B6815
:107FF0009A420CD1039BDB69002B06D0039BDB6903
:10800000019A526812791046984700232BE0019894
:10801000FFF7B0FD0346002B01D0112323E0019BA5
:108020005B681B791A46134BFE219954BDF800205A
:108030009DF8033019460198FFF7E2FE019B1B688B
:10804000DB69002B0ED0019B5B681B791A469DF8FB
:108050000330094952000A44134402221A7001985D
:10806000FFF7C8FD0023184605B05DF804FB00BF0C
:1080700068C70200E0060020FC06002084B00190E2
:10808000019B1B680393039B9B699BB2184604B03A
:108090007047000000B585B001900B468DF80330A5
:1080A0001346ADF800300198FFF7E8FF03461A4683
:1080B000BDF8003002FB03F3084AA2FB03235B096F
:1080C0000393039B9AB29DF8033019460198FFF77A
:1080D0005DFF0346184605B05DF804FB1F85EB51B4
:1080E00010B58CB0039001921A460B468DF80B30F8
:1080F00013468DF80A309DF80B30012B04D96849DE
:108100004FF42B70FEF71AFC039B1B680A939DF833
:108110000B2013465B0013449B000A9A13440993F7
:108120000A9B93F82130002B01D00823B4E0099B6F
:1081300000225A60099B9DF80A209A7203238DF849
:108140001430039B19689DF80B2013465B00134401
:108150009B000B440A331B78002B0CBF0123002328
:10816000DBB28DF8153001238DF8163005AB1946BA
:10817000019803F0C1FB0890089B002B01D0042359
:108180008AE09DF80B200A9913465B0013449B007C
:108190000B44019A1A609DF80A30002B03D0019815
:1081A000FFF790FC02E00198FFF778FC00238DF8C0
:1081B0002F3011E09DF82F300833099A13441846E8
:1081C00008F086F90346002B01D0042364E09DF8F3
:1081D0002F3001338DF82F309DF82F30012BE9D946
:1081E000099B1B7A184608F05FFA099B5B7A1846D0
:1081F00008F05AFA9DF80A30002B06D0099B1B683C
:10820000184603F0F7FC034605E0099B1B68184677
:1082100003F0B4FC034607939DF80A30002B06D008
:10822000099B1B68184603F0A9FC034605E0099B5F
:108230001B68184603F0DEFC03460693099B1C7A74
:10824000039B5B689DF80B2011461846FFF7BAFBAD
:108250000346079A1946204608F0B8F9099B5C7A4C
:10826000039B5B6802211846FFF7ACFB0346069AA6
:108270001946204608F0AAF9099B0122DA72039BED
:108280005B681B791A469DF80B30064952000A4478
:10829000134400221A70002318460CB010BD00BF12
:1082A00068C70200FC06002084B0019000230393FD
:1082B0000923029305E0019B5B080193039B0133B3
:1082C0000393019BB3F5805F03D3039A029B9A4209
:1082D000F1D3074B1B78002B04D0039B002B01D15B
:1082E00001230393039BDBB2184604B0704700BF21
:1082F000DC06002000B58FB0059004910392059B29
:10830000002B04D18F4940F21130FEF717FB049B7C
:10831000002B01D10B2310E1059B1B680C930C9BD8
:1083200093F82130002B01D0082306E108F0B6FEB7
:108330000B900B9B002B04D00B9B852B01D00423AF
:10834000FBE003F0CDFA034683F00103DBB2002B20
:1083500007D003F061FA0B900B9B002B01D0032395
:10836000EBE0794B1B6803F0F003302B03D1774B24
:1083700000221A7002E0754B01221A700C9BFF223A
:1083800083F8202000238DF8373030E09DF8372027
:108390000C9913465B0013449B000B440B330022E3
:1083A0001A709DF837200C9913465B0013449B000C
:1083B0000B440833FF221A709DF837200C9913469E
:1083C0005B0013449B000B440933FF221A709DF895
:1083D00037200C9913465B0013449B000B444FF06D
:1083E000FF321A609DF8373001338DF837309DF831
:1083F0003730012BCAD90C9B2033184608F068F897
:108400000346002B04D00598FFF770FC042394E08A
:1084100000238DF836302CE09DF83620049B53F86D
:108420002230B3F1FF3F1FD09DF83620049B53F854
:1084300022009DF83630049A13441B7A9DF83610BA
:1084400002460598FFF74CFE0B900B9B002B04D0C7
:108450000598FFF74BFC0B9B6FE09DF83630002230
:1084600019460598FFF792FD9DF8363001338DF8D7
:1084700036309DF83630012BCED9049B1B69184647
:10848000FFF712FF03468DF82B309DF82B308DF847
:108490001C3000238DF81D3000238DF81E3007237B
:1084A0008DF81F30059B5B681B790893059B5B6803
:1084B00007A9274A184608F0C9FA0B900B9B002B16
:1084C00004D00598FFF712FC0B9B36E0059B5A6819
:1084D000049B1B6919461046FFF7A7FA09900C9BED
:1084E000099A9A61059B5B68184608F037FC059B62
:1084F0005868012300930423099A022108F0C7FC5D
:10850000059B5B680221184608F02AFD0C9B039A24
:10851000DA61059B5B681B7919460E4A059B42F898
:108520002130059B5B681B791A460B4BFF21995440
:108530000C9B012283F82120002318460FB05DF820
:1085400004FB00BF68C70200E80F00F0DC06002053
:10855000297C000008070020E006002000B587B055
:108560000190019B1B680493049B93F82130002B1E
:1085700004D1304940F29730FEF7E0F9002305932B
:1085800034E0059A13465B0013449B00049A13449D
:108590000393019B5B681B79274A5B001A44059B88
:1085A000134400221A70039BDB7A002B1BD0039B21
:1085B0001868019B1968059A13465B0013449B00D9
:1085C0000B440A331B78002B0CBF01230023DBB2C2
:1085D000194603F023FB039B1B68184603F03AFA85
:1085E000039B00225A60059B01330593059B012BD9
:1085F000C7D9019B5B681B791A46104BFF21995420
:10860000019B5B681B6801211846FFF7ABFA019BD1
:108610005B68184608F0A2FB019B5B68184608F0EF
:1086200041FB049B022283F8212000BF07B05DF8C4
:1086300004FB00BF68C70200FC060020E006002023
:1086400000B587B00190019B1B680493049B93F8CD
:108650002130002B04D136494FF46D70FEF76EF9CE
:10866000019B5B68184608F04BFB0198FFF7CFFAB7
:10867000049B93F82030184608F016F800238DF874
:10868000173041E09DF8172013465B0013449B0010
:10869000049A13440393039BDB7A002B2FD0019B96
:1086A00019689DF8172013465B0013449B000B4488
:1086B0000A331B78002B0CBF01230023DBB28DF89B
:1086C0000B309DF80B30002B05D0039B1B68184620
:1086D000FFF7E4F904E0039B1B681846FFF7F2F983
:1086E000039B1B68184603F0EBF9039B1B7A1846A3
:1086F00007F0DAFF039B5B7A184607F0D5FF9DF879
:10870000173001338DF817309DF81730012BB9D988
:10871000019B5B681B6800211846FFF723FA049B46
:10872000012283F8212000BF07B05DF804FB00BFE1
:1087300068C7020082B003468DF807309DF8073005
:1087400003F01F03DBB2184602B0704782B0034645
:108750008DF807309DF807305B0903F00303DBB2A7
:10876000184602B0704782B003468DF807309DF876
:108770000730DB09DBB2184602B0704782B00190C7
:10878000019B1B7A184602B07047000000B585B007
:1087900001900B468DF80330019B002B04D10F494B
:1087A0004FF48870FEF7CAF80198FFF7E7FF034619
:1087B0001A469DF80330934201D3002309E0019B40
:1087C000093303939DF8032013465B001344039A77
:1087D0001344184605B05DF804FB00BFFCC7020057
:1087E00082B00190019B1B78184602B0704782B09E
:1087F0000190019B5B78184602B0704700B585B0C8
:1088000001900B468DF80330019B002B04D10D49DC
:1088100040F24310FEF792F8019B5B789DF803202D
:108820009A4201D3002309E0019B9B781A46019BE1
:10883000134403939DF80330039A1344184605B07C
:108840005DF804FBFCC7020082B00190019B1B781D
:10885000184602B0704782B00190019B184602B0E2
:108860007047000000B583B00190019B002B03D13D
:1088700004495220FEF762F8019B184603B05DF8E8
:1088800004FB00BF34C8020000B583B00190019B17
:10889000002B03D109495F20FEF750F8019B1B68AC
:1088A000002B03D105496020FEF748F8019B1B68A7
:1088B0000C33184603B05DF804FB00BF34C8020057
:1088C00000B585B001900B468DF803300198FFF795
:1088D000C9FF0390039BDB69002B06D0039BDB6978
:1088E0009DF8032011460198984700BF05B05DF838
:1088F00004FB00B585B0019000210198FFF746FF09
:10890000039000210398FFF779FF02900298FFF788
:108910009BFF0346184605B05DF804FB00B585B023
:10892000019001210198FFF731FF03900021039886
:10893000FFF764FF02900298FFF786FF0346184690
:1089400005B05DF804FB00B585B0019001210198E8
:10895000FFF71CFF039001210398FFF74FFF0290E0
:108960000298FFF771FF0346184605B05DF804FB57
:1089700000B589B003900291029B5B781846FFF71F
:10898000D9FE0346012B28D1029B9B78062B24D1CC
:108990000023059304AB1846FBF7ECF90790029B04
:1089A0001979029BDA7805AB0093079B0398F8F7D7
:1089B0005BFF0690069B052B0FD0059B3F2B03D931
:1089C0000849C920FDF7BAFF029B0133059A0799B0
:1089D0001846FBF763F9034600E00623184609B082
:1089E0005DF804FB34C8020082B00190009100BF22
:1089F0000623184602B0704700B585B0019000917B
:108A00000198FFF72FFF03900398FFF73DFF0290B7
:108A1000009B9B78212B11D1009BB3F807309BB2B0
:108A2000072B01D006230BE0009B581C029B0C3344
:108A300007221946FBF732F9034601E000BF06237F
:108A4000184605B05DF804FB00B585B003460091FB
:108A50008DF807309DF80730002B01D0032316E076
:108A6000009B03930398FFF70FFF0290029B1B7874
:108A7000202B0BD1029B03F10C00029B0233072237
:108A8000194621F049FF00BF002300E006231846E5
:108A900005B05DF804FB000000B58BB001900091BB
:108AA0000198FFF7DFFE08900898FFF7EDFE0790AA
:108AB000009B9A78079B1A70009BB3F807309BB213
:108AC000DAB2079B5A70079B02330493079B5B78CB
:108AD0000593002306930020FDF75AFE04AB1946C8
:108AE0000020FAF709F90990099B002B09D1094BDD
:108AF0000293089B039302AB19460020FBF71CF975
:108B000009900020FDF758FE099B18460BB05DF850
:108B100004FB00BF498A000000B585B001900198B0
:108B2000FFF7A0FE03900398FFF7AEFE0290029BB2
:108B300000229A82029B00229A61029B00221A6202
:108B4000029B0022DA66029B00221A67029B002227
:108B50005A67029B00229A67029B03F12802029B3C
:108B60009A6600BF05B05DF804FB00B587B00190C0
:108B700000910198FFF776FE05900598FFF784FEB7
:108B80000490009B9B78202B04D0222B10D000BF98
:108B900006237BE0009BB3F807309BB2072B01D084
:108BA000062373E000990198FFF776FF03466DE016
:108BB000009BB3F807309BB2002B01D0062365E081
:108BC000049B9B8A03F00103002B14BF01230023A5
:108BD0008DF80F30009BB3F803309AB2049B9A8251
:108BE000049B9B8A03F00103002B14BF0123002385
:108BF0008DF80E309DF80F209DF80E309A4201D16D
:108C0000002343E09DF80E30002B01D0022300E04A
:108C100003238DF80D309DF80D3019460198FFF7AC
:108C20004FFE9DF80E3083F00103DBB2002B2CD0F9
:108C30000198FFF773FE03468DF80C309DF80C3059
:108C4000184605F04FFF0198FFF77DFE03468DF8AB
:108C50000C309DF80C30184605F044FF049B0022B0
:108C60009A61049B00221A62049B0022DA66049B2C
:108C700000221A67049B00225A67049B00229A670D
:108C8000049B03F12802049B9A660023184607B050
:108C90005DF804FB00B583B001900091019B002BAF
:108CA00004D124494FF4E470FDF748FE009B002BEB
:108CB00004D1204940F2C910FDF740FE009B5B78CB
:108CC0001846FFF750FD0346012B16D1009B5B7839
:108CD0001846FFF73BFD0346002B02D0012B06D0C0
:108CE00022E000990198FFF743FE03461DE000993A
:108CF0000198FFF781FE034617E0009B5B7818465A
:108D0000FFF724FD0346002B02D0012B06D00BE019
:108D100000990198FFF768FE034606E00099019864
:108D2000FFF723FF034600E00623184603B05DF873
:108D300004FB00BF34C8020086B003900291019288
:108D40000093029B0593039B009A5A60059BDB6985
:108D5000009A9A421DD8059B9A69039B1A60059B4D
:108D60009A69009B1A44059B9A61059B1A6F009BA8
:108D70001A44059B1A67059BDA69009BD21A059B6A
:108D8000DA61059BDB69002B14BF01230023DBB2F2
:108D900008E0059B03F12802039B1A60059B009ADB
:108DA0009A670023184606B07047000000B58BB0E4
:108DB00001900198FFF756FD08900898FFF764FDB1
:108DC00007900198FFF7BFFD03468DF81B306C4BF1
:108DD0000393079B0493079BDB69002B26D1079B1A
:108DE0001A6F079B5A67079B00221A67079B00228E
:108DF000DA66079B1B6A002B13D0079B079A183370
:108E0000203292E8030083E80300079B00221A62E5
:108E100003AA9DF81B3011461846F9F793FF034645
:108E2000A9E0079B00229A610023A4E0079B9B6FA7
:108E30000593059B0993079BDB69059A9A4202D922
:108E4000079BDB690993079B9869079B2833099A5D
:108E5000194621F061FD079B1A6F099B1A44079B75
:108E60005A67079B00221A67059A099BD21A079B2B
:108E7000DA66079B03F12802099B1A44079B9A664E
:108E8000079B1B6A002B65D0079B079A183320327B
:108E900092E8030083E80300079B00221A6254E073
:108EA000079BDA6E079BDB699A4232D3079B98696E
:108EB000079B996E079BDB691A4621F02DFD079BE6
:108EC000DA6E079BDB69D21A079BDA66079B9A6EFC
:108ED000079BDB691A44079B9A66079BDA69079B25
:108EE0005A6700210198FFF7EBFC079B1B6A002BD8
:108EF0000BD0079B079A1833203292E8030083E8CF
:108F00000300079B00221A621FE0079B00229A6160
:108F100023E0079B9869079B996E079BDB6E1A46B7
:108F200021F0FAFC079BDA6E079B1A67079BDA6948
:108F3000079BDB6ED21A079BDA61079B9A69079B36
:108F4000DB6E1A44079B9A6107E0079BDB6E002BE0
:108F5000A6D102E0079B00229A61079B9B69002B28
:108F600008D003AA9DF81B3011461846F9F7EAFE0F
:108F7000034600E0002318460BB05DF804FB00BF79
:108F8000398D000000B585B0019000910198FFF780
:108F9000B0FC03461A46009B9B789A4201D10023FD
:108FA00034E0009B9B785BB2002B10DA009BDB78EF
:108FB000002B02D0032B06D007E001210198FFF718
:108FC0007FFC002322E0002320E003231EE0009B1F
:108FD0009B785BB2002B18DB009BDB78032B10D057
:108FE000032B10DC002B02D0012B0AD00BE00198E0
:108FF000FFF7DCFE039000210198FFF761FC039B63
:1090000004E0002302E0032300E00623184605B035
:109010005DF804FB00B585B001900091019B002B29
:1090200004D12B4940F2DD20FDF788FC009B002B8A
:1090300004D1274940F2DE20FDF780FC0023039392
:10904000009B1B780E2B39D801A252F823F000BFE9
:10905000C39000008D900000C3900000C3900000FA
:10906000BD90000095900000A1900000BD90000010
:10907000BD900000AD900000BD900000C3900000C6
:10908000C3900000C3900000C39000000198FFF758
:1090900043FD17E000990198FFF7FCFD039011E0F4
:1090A00000990198FFF76EFF03900BE003210198F0
:1090B000FFF706FC0198FFF72FFD03E0062303935B
:1090C00000E000BF039B184605B05DF804FB00BF3D
:1090D00034C8020010B58AB0039002910192009347
:1090E0000298FFF74BFB03461A46C34B1A700298CF
:1090F000FFF7B8FB0990039B002B04D1BF494FF445
:109100004470FDF71BFC019B059300230693009B15
:109110000793039B0893089B1B68002B00F00C81AE
:10912000B3F5647F80F0D98640F213329342C0F0E9
:10913000D486A3F213337C2B00F2CF8601A252F81F
:1091400023F000BF579300008D930000C5930000EB
:1091500003940000399400006F940000A79400006D
:10916000DD940000DB9E0000DB9E0000DB9E000023
:10917000DB9E0000DB9E0000DB9E00001D950000D2
:1091800053950000DB9E0000DB9E0000DB9E00008C
:10919000DB9E0000A5950000DB9500001B960000FB
:1091A000DB9E0000DB9E0000DB9E00006596000059
:1091B0009B960000D3960000DB9E0000DB9E000023
:1091C000DB9E0000DB9E00001D9700005B97000007
:1091D0008F970000DB9E0000DB9E0000DB9E0000FE
:1091E000DB9E0000DB9E0000DB9E0000CF970000AE
:1091F000DB9E0000DB9E0000DB9E0000DB9E00008B
:10920000199800004D98000081980000B598000062
:10921000E9980000DB9E0000DB9E00001D99000025
:109220005199000085990000B9990000F799000054
:10923000DB9E0000DB9E00002B9A00005F9A00007E
:10924000939A0000C79A0000DB9E0000DB9E00009E
:10925000FB9A00002F9B0000639B0000999B00007D
:10926000CF9B0000DB9E0000DB9E0000DB9E000029
:10927000DB9E0000DB9E0000DB9E0000DB9E00000A
:10928000DB9E0000DB9E0000DB9E0000DB9E0000FA
:10929000DB9E0000DB9E0000DB9E0000DB9E0000EA
:1092A000DB9E0000DB9E0000DB9E0000DB9E0000DA
:1092B0003D9C0000719C0000DB9E0000DB9E0000D6
:1092C000DB9E0000C59C0000DB9E0000DB9E0000D2
:1092D000DB9E0000DB9E00000D9D0000DB9E000079
:1092E000DB9E0000DB9E0000DB9E0000579D00001F
:1092F000DB9E0000DB9E0000DB9E0000DB9E00008A
:10930000DB9E0000DB9E0000979D0000CB9D0000CF
:10931000DB9E0000DB9E0000DB9E0000DB9E000069
:10932000179E0000DB9E0000DB9E0000DB9E00001D
:10933000DB9E0000779E0000089B08221A71069AA7
:10934000079B9A4206D3089B40F213321A6001230E
:1093500000F0C7BD00BF059B002B05D0089A0599FA
:10936000069B0B4412791A70069B01330693089BE7
:109370000B221A71069A079B9A4206D3089B4FF458
:1093800045721A60012300F0ACBD00BF059B002BA5
:1093900005D0089A0599069B0B4412791A70069B12
:1093A00001330693089B099A127D1A71069A079B4E
:1093B0009A4206D3089B40F215321A60012300F04E
:1093C00090BD00BF059B002B05D0089A0599069B10
:1093D0000B4412791A70069B01330693089B0222F4
:1093E0001A71069A079B9A420AD3089B40F21632DA
:1093F0001A60012300F075BD1C07002034C802006C
:1094000000BF059B002B05D0089A0599069B0B44CD
:1094100012791A70069B01330693089B02221A7177
:10942000069A079B9A4206D3089B40F217321A60AD
:10943000012300F056BD00BF059B002B05D0089A04
:109440000599069B0B4412791A70069B013306930B
:10945000089B02221A71069A079B9A4206D3089B20
:109460004FF446721A60012300F03BBD00BF059B1C
:10947000002B05D0089A0599069B0B4412791A70A7
:10948000069B01330693089B099A527E1A71069A2D
:10949000079B9A4206D3089B40F219321A600123B7
:1094A00000F01FBD00BF059B002B05D0089A059951
:1094B000069B0B4412791A70069B01330693089B96
:1094C00000221A71069A079B9A4206D3089B40F223
:1094D0001A321A60012300F004BD00BF059B002B67
:1094E00005D0089A0599069B0B4412791A70069BC1
:1094F00001330693964B00221A7000F0E1BC089BE2
:1095000009221A71069A079B9A4206D3089B40F2D9
:1095100021321A60012300F0E4BC00BF059B002B40
:1095200005D0089A0599069B0B4412791A70069B80
:1095300001330693089B04221A71069A079B9A42EC
:1095400006D3089B40F222321A60012300F0C9BC06
:1095500000BF059B002B05D0089A0599069B0B447C
:1095600012791A70069B01330693794B1B781946C2
:109570000298FFF70BF90346764A1360754B1B6898
:10958000089C1846FFF72CF903462371069A079B9F
:109590009A4206D3089B40F227321A60012300F05A
:1095A000A0BC00BF059B002B05D0089A0599069B1F
:1095B0000B4412791A70069B01330693089B002214
:1095C0001A71069A079B9A4206D3089B4FF44A7277
:1095D0001A60012300F085BC00BF059B002B05D05D
:1095E000089A0599069B0B4412791A70069B013361
:1095F0000693584B1B68089C1846FFF7F8F803467B
:109600002371069A079B9A4206D3089B40F229329F
:109610001A60012300F065BC00BF059B002B05D03C
:10962000089A0599069B0B4412791A70069B013320
:109630000693099B1C7D474B1B681846FFF7D0F823
:1096400003469C4252D1089B02221A71069A079B3C
:109650009A4206D3089B40F22D321A60012300F093
:1096600040BC00BF059B002B05D0089A0599069BBE
:109670000B4412791A70069B01330693089B022251
:109680001A71069A079B9A4206D3089B40F22E3223
:109690001A60012300F025BC00BF059B002B05D0FC
:1096A000089A0599069B0B4412791A70069B0133A0
:1096B0000693089B099A527E1A71069A079B9A4252
:1096C00006D3089B40F22F321A60012300F009BC38
:1096D00000BF059B002B05D0089A0599069B0B44FB
:1096E00012791A70069B0133069362E0099B9C7DF8
:1096F000184B1B681846FFF773F803469C4253D17A
:10970000089B0A221A71069A079B9A4205D3089B66
:109710004FF44D721A600123E3E300BF059B002B59
:1097200005D0089A0599069B0B4412791A70069B7E
:1097300001330693089B00221A71069A079B9A42EE
:109740000AD3089B40F235321A600123C9E300BFF7
:109750001D0700202007002000BF059B002B05D01F
:10976000089A0599069B0B4412791A70069B0133DF
:109770000693089B00221A71069A079B9A4205D30A
:10978000089B40F236321A600123AAE300BF059B12
:10979000002B05D0089A0599069B0B4412791A7084
:1097A000069B0133069304E0904940F23A30FDF7FE
:1097B000C5F8089B00221A71069A079B9A4205D3A6
:1097C000089B40F23D321A6001238AE300BF059BEB
:1097D000002B05D0089A0599069B0B4412791A7044
:1097E000069B01330693099B1C7D814B1B68184621
:1097F000FEF7F6FF03469C4240F0F681089B0522E7
:109800001A71069A079B9A4205D3089B40F242328E
:109810001A60012365E300BF059B002B05D0089A61
:109820000599069B0B4412791A70069B0133069327
:10983000089B24221A71069A079B9A4205D3089B1B
:1098400040F243321A6001234BE300BF059B002B1B
:1098500005D0089A0599069B0B4412791A70069B4D
:1098600001330693089B00221A71069A079B9A42BD
:1098700005D3089B4FF451721A60012331E300BFF6
:10988000059B002B05D0089A0599069B0B4412797D
:109890001A70069B01330693089B10221A71069AD0
:1098A000079B9A4205D3089B40F245321A60012378
:1098B00017E300BF059B002B05D0089A0599069B6E
:1098C0000B4412791A70069B01330693089B012200
:1098D0001A71069A079B9A4205D3089B40F24632BA
:1098E0001A600123FDE200BF059B002B05D0089AFA
:1098F0000599069B0B4412791A70069B0133069357
:10990000089B05221A71069A079B9A4205D3089B69
:1099100040F249321A600123E3E200BF059B002BAD
:1099200005D0089A0599069B0B4412791A70069B7C
:1099300001330693089B24221A71069A079B9A42C8
:1099400005D3089B40F24A321A600123C9E200BFE6
:10995000059B002B05D0089A0599069B0B441279AC
:109960001A70069B01330693089B01221A71069A0E
:10997000079B9A4205D3089B40F24B321A600123A1
:10998000AFE200BF059B002B05D0089A0599069B06
:109990000B4412791A70069B01330693089B03222D
:1099A0001A71069A079B9A4205D3089B4FF453728B
:1099B0001A60012395E200BF059B002B05D0089A91
:1099C0000599069B0B4412791A70069B0133069386
:1099D000089B099A927D1A71069A079B9A4209D3AD
:1099E000089B40F24D321A6001237AE234C802002B
:1099F0002007002000BF059B002B05D0089A059981
:109A0000069B0B4412791A70069B01330693089B40
:109A100004221A71069A079B9A4205D3089B4FF4B9
:109A200054721A6001235CE200BF059B002B05D035
:109A3000089A0599069B0B4412791A70069B01330C
:109A40000693089B24221A71069A079B9A4205D313
:109A5000089B40F251321A60012342E200BF059B8D
:109A6000002B05D0089A0599069B0B4412791A70B1
:109A7000069B01330693089B02221A71069A079BE4
:109A80009A4205D3089B40F252321A60012328E221
:109A900000BF059B002B05D0089A0599069B0B4437
:109AA00012791A70069B01330693089B02221A71E1
:109AB000069A079B9A4205D3089B40F253321A60DC
:109AC00001230EE200BF059B002B05D0089A0599E3
:109AD000069B0B4412791A70069B01330693089B70
:109AE00005221A71069A079B9A4205D3089B40F2F9
:109AF00056321A600123F4E100BF059B002B05D00C
:109B0000089A0599069B0B4412791A70069B01333B
:109B10000693089B24221A71069A079B9A4205D342
:109B2000089B40F257321A600123DAE100BF059B1F
:109B3000002B05D0089A0599069B0B4412791A70E0
:109B4000069B01330693089B06221A71069A079B0F
:109B50009A4205D3089B4FF456721A600123C0E164
:109B600000BF059B002B05D0089A0599069B0B4466
:109B700012791A70069B01330693089B099A127D8D
:109B80001A71069A079B9A4205D3089B40F25932F4
:109B90001A600123A5E100BF059B002B05D0089AA0
:109BA0000599069B0B4412791A70069B01330693A4
:109BB000089B099A927D1A71069A079B9A4205D3CF
:109BC000089B40F25A321A6001238AE100BF059BCC
:109BD000002B05D0089A0599069B0B4412791A7040
:109BE000069B013306930EE0099B9C7D9C4B1B68F2
:109BF0001846FEF7F5FD03469C4204D0994940F211
:109C00006330FCF79BFE964B1B681846FEF7EFFD92
:109C100003461A46944B1A70944B00221A7042E184
:109C2000089B07221A71069A079B9A4205D3089B44
:109C300040F26E321A60012353E100BF059B002BF6
:109C400005D0089A0599069B0B4412791A70069B59
:109C500001330693089B05221A71069A079B9A42C4
:109C600005D3089B40F26F321A60012339E100BF2F
:109C7000059B002B05D0089A0599069B0B44127989
:109C80001A70069B01330693754B1B68774A12784E
:109C900011461846FEF7B2FD0346754A1360744B31
:109CA0001B68089C1846FEF7CFFD03462371069AF1
:109CB000079B9A4205D3089B40F273321A60012336
:109CC0000FE100BF059B002B05D0089A0599069B64
:109CD0000B4412791A70069B01330693099B1C7D75
:109CE0005F4B1B681846FEF77BFD03469C421AD16A
:109CF000089B03221A71069A079B9A4205D3089B78
:109D00004FF45E721A600123EBE000BF059B002B4D
:109D100005D0089A0599069B0B4412791A70069B88
:109D20000133069329E0099B9C7D4D4B1B68184627
:109D3000FEF756FD03469C421AD1089B02221A7177
:109D4000069A079B9A4205D3089B40F27D321A601F
:109D50000123C6E000BF059B002B05D0089A05999A
:109D6000069B0B4412791A70069B0133069304E09C
:109D70003C4940F28130FCF7E1FD089B40221A711A
:109D8000069A079B9A4205D3089B4FF461721A60AA
:109D90000123A6E000BF059B002B05D0089A05997A
:109DA000069B0B4412791A70069B01330693089B9D
:109DB00000221A71069A079B9A4205D3089B40F22B
:109DC00085321A6001238CE000BF059B002B05D073
:109DD000089A0599069B0B4412791A70069B013369
:109DE0000693099B1C7D1E4B1B681846FEF7F8FC6A
:109DF00003469C421CD1099B1A6A089B12781A716F
:109E0000069A079B9A4205D3089B40F28A321A6051
:109E1000012366E000BF059B002B05D0089A059939
:109E2000069B0B4412791A70069B0133069334E0AB
:109E3000099B9C7D0A4B1B681846FEF7D1FC034624
:109E40009C4225D1089B00221A71069A079B9A42D0
:109E500010D3089B40F28F321A60012341E000BF0B
:109E60002007002034C80200240700202507002016
:109E70002807002000BF059B002B05D0089A0599F4
:109E8000069B0B4412791A70069B0133069304E07B
:109E9000154940F29330FCF751FD144B1B78013308
:109EA000DAB2124B1A70114B1A78114B1B789A4286
:109EB000FFF4B6AE0F4B1B780133DAB20D4B1A70BC
:109EC0000C4B1A780C4B1B789A42FFF418AB089B8A
:109ED00040F29A321A60012303E0089B00221A60C4
:109EE000002318460AB010BD34C802002507002020
:109EF000240700201D0700201C07002000B58FB09C
:109F00000390029101920398FEF7A5FC0D9003982F
:109F1000FEF7BAFC0C900C9B9B8A03F00103002B0C
:109F200014BF012300238DF82F309DF82F3083F0CC
:109F30000103DBB2002B01D0082327E00D98FEF7C8
:109F4000EDFC03468DF82E30019B03F03F03002B00
:109F50000ED1029B0893019B099301230A9308AA3F
:109F60009DF82E3011461846F8F7C6FE03460DE060
:109F7000029B0593019B06930023079305AA9DF876
:109F80002E3011461846F8F7B7FE034618460FB0B4
:109F90005DF804FB00B585B001900198FEF774FCF4
:109FA0000390039B5B6F184605B05DF804FB00004F
:109FB00000B58BB0039002910192029B002B04D15B
:109FC000454940F2D730FCF7B9FC0398FEF75CFC3A
:109FD0000890089B9B8A03F00103002B01D1082302
:109FE00075E0089B9B69002B61D1089BDB6E019A91
:109FF0009A4218D8089B9B6E019A1946029820F045
:10A000008BFC089BDA6E019BD21A089BDA66089BD0
:10A010009A6E019B1A44089B9A66089B019A5A679C
:10A020000023099352E0089B029A9A61089B019AC7
:10A03000DA610398FEF70FFC03461846FEF783FC2F
:10A0400003468DF81F30254B0593089B0693089B0C
:10A05000DB6E002B1DD0089B9869089B996E089BAE
:10A06000DB6E1A4620F058FC089BDA69089BDB6E11
:10A07000D21A089BDA61089B9A69089BDB6E1A4426
:10A08000089B9A61089BDA6E089B1A67089B00225E
:10A09000DA6605AA9DF81F3011461846F8F752FEF9
:10A0A0000990099B002B11D1922309930EE0089B84
:10A0B0001B6A002B08D1089B029A1A62089B019A1E
:10A0C0005A629223099301E011230993099B1846D0
:10A0D0000BB05DF804FB00BF34C80200398D0000EE
:10A0E00000B585B00190002303930BE0019A039B18
:10A0F00013441978094A039B13440A461A70039BB8
:10A1000001330393019820F0ACFC0246039B934279
:10A11000ECD300BF00BF05B05DF804FB2C070020A6
:10A1200000B589B04FF08053D3F8A8309BB26FEAE6
:10A1300083436FEA9343ADF81E304FF08053D3F85A
:10A14000A4300693BDF81E2002A8069B0093134678
:10A15000054A0D211FF0E5FE02AB1846FFF7C0FFD0
:10A1600000BF09B05DF804FBC0C8020082B00190D6
:10A17000019B1B7A184602B07047000000B585B0FD
:10A1800001900B468DF80330019B002B04D10F4941
:10A190004FF48870FCF7D2FB0198FFF7E7FF034606
:10A1A0001A469DF80330934201D3002309E0019B36
:10A1B000093303939DF8032013465B001344039A6D
:10A1C0001344184605B05DF804FB00BFCCC802007C
:10A1D00082B00190019B1B78184602B0704782B094
:10A1E00001900091009B1B780B2B03D0009B1B78E8
:10A1F0000C2B01D1002300E00623184602B0704763
:10A2000010B588B00390029101920093002102984A
:10A21000FFF7B4FF0346934A1360039B002B03D15F
:10A2200091495D20FCF78AFB019B04930023059371
:10A23000009B0693039B0793079B1B68002B1FD073
:10A24000682B00F20881602BC0F00581603B082B71
:10A2500000F2018101A252F823F000BF9BA200008E
:10A26000CDA2000009A300003BA300006DA30000E5
:10A270009FA30000D1A3000003A4000035A40000A8
:10A28000079B09221A71059A069B9A4204D3079BE1
:10A2900060221A600123E2E000BF049B002B05D07E
:10A2A000079A0499059B0B4412791A70059B013398
:10A2B0000593079B04221A71059A069B9A4204D3C0
:10A2C000079B61221A600123C9E000BF049B002B99
:10A2D00005D0079A0499059B0B4412791A70059BC7
:10A2E000013305935F4B1B68079C1846FFF770FF0F
:10A2F00003462371059A069B9A4204D3079B622268
:10A300001A600123ABE000BF049B002B05D0079A25
:10A310000499059B0B4412791A70059B0133059330
:10A32000079B00221A71059A069B9A4204D3079B49
:10A3300063221A60012392E000BF049B002B05D02A
:10A34000079A0499059B0B4412791A70059B0133F7
:10A350000593079B00221A71059A069B9A4204D323
:10A36000079B64221A60012379E000BF049B002B45
:10A3700005D0079A0499059B0B4412791A70059B26
:10A3800001330593079BFF221A71059A069B9A4297
:10A3900004D3079B65221A60012360E000BF049B81
:10A3A000002B05D0079A0499059B0B4412791A706B
:10A3B000059B01330593079B00221A71059A069BA2
:10A3C0009A4204D3079B66221A60012347E000BF2C
:10A3D000049B002B05D0079A0499059B0B44127926
:10A3E0001A70059B01330593079B00221A71059A89
:10A3F000069B9A4204D3079B67221A6001232EE032
:10A4000000BF049B002B05D0079A0499059B0B44C1
:10A4100012791A70059B01330593079B00221A716C
:10A42000059A069B9A4204D3079B68221A6001236F
:10A4300015E000BF049B002B05D0079A0499059BEB
:10A440000B4412791A70059B01330593079B6A220E
:10A450001A60012303E0079B00221A6000231846BC
:10A4600008B010BD3C07002004C902004FF0804333
:10A47000D3F818341B0C03F00103002B14BF012385
:10A480000023DBB21846704708B5FFF7EFFF03461D
:10A49000184608BD044BD3F80034002B14BF012329
:10A4A0000023DBB2184670470000014008B500F0F9
:10A4B0009FFB00BF08BD000008B500F0B3FB024BD6
:10A4C00000225A7000BF08BD40070020014B1B78D6
:10A4D000184670474007002000B583B00023019361
:10A4E000164B1B78002B02D08523019318E0134BE9
:10A4F00000229A60114B00225A60104B00221A6110
:10A500000E4B0022DA600E4800F016FB019000F0BE
:10A510003BFB0A4B002283F82020084B01221A70D3
:10A52000FFF7B8FF0346002B02D0044B01229A70BC
:10A53000019B184603B05DF804FB00BF40070020F4
:10A54000A1A7000084B001900091019B1B680393B8
:10A5500006E0039A009B9A420DD0039B1B6803936D
:10A56000039B002BF5D1019B1A68009B1A60019B8D
:10A57000009A1A6000E000BF04B0704784B00190F8
:10A58000019B1B680393039B002B03D0039B1A685A
:10A59000019B1A60039B184604B0704700B583B056
:10A5A0000190224B1B78002B03D12149F620FCF7A8
:10A5B000C5F91E4B9B78DBB2002B12D0019B002B00
:10A5C00003D0019B5B68012098470020FCF7E0F86E
:10A5D000164BDB680133154AD3600020FCF7ECF81A
:10A5E00017E00020FCF7D4F8019B002B03D0019961
:10A5F0001048FFF7A7FF0D4BDB68002B01D100F0DF
:10A60000DDFA0A4BDB680133084AD3600020FCF70F
:10A61000D3F8064BDB68002B04D105494FF4897051
:10A62000FCF78CF900BF03B05DF804FB4007002085
:10A630008CC902005007002008B5074B1B78002B7F
:10A6400004D1064940F22510FCF778F9FFF71CFF0A
:10A650000346184608BD00BF400700208CC9020011
:10A6600000B583B00190234B1B78002B04D1224905
:10A6700040F23310FCF762F91E4B5B78DBB2002B23
:10A6800012D0019B002B03D0019B5B6800209847F0
:10A690000020FCF77DF8174B5B680133154A5360C7
:10A6A0000020FCF789F817E00020FCF771F8019B07
:10A6B000002B03D001991148FFF744FF0D4B5B6855
:10A6C000002B01D1FFF7F2FE0A4B5B680133094A08
:10A6D00053600020FCF770F8064B5B68002B04D138
:10A6E000054940F24F10FCF729F900BF03B05DF8AF
:10A6F00004FB00BF400700208CC90200480700206F
:10A7000008B5124B1B78002B04D111494FF4AA70E5
:10A71000FCF714F90D4B5B68002B04D10C4940F297
:10A720005510FCF70BF90020FCF732F8074B5B687B
:10A73000013B064A5360054B5B68002B01D1FFF7D4
:10A74000BBFE0020FCF738F800BF08BD4007002022
:10A750008CC9020000B585B003468DF807309DF81E
:10A760000730002B02D10C4B039301E00B4B0393FA
:10A770000398FFF703FF0290029B002B06D0029B79
:10A780005B689DF8072010469847F1E700BF00BFBF
:10A7900005B05DF804FB00BF48070020500700200B
:10A7A00000B585B003468DF807309DF80730002BC3
:10A7B00005D11F4B01225A700020FFF7CBFF9DF8F7
:10A7C0000730012B05D11A4B01229A700120FFF7A7
:10A7D000C1FF9DF80730022B02D11648FFF740FF5A
:10A7E0009DF80730032B1ED1FFF78AFF104B93F81B
:10A7F0002030DBB2042B0CBF012300238DF80F3077
:10A800000B4B002283F82020094BDB69002B0AD078
:10A81000074BDB699DF80F20002A01D0032200E0DE
:10A8200002221046984700BF05B05DF804FB00BF48
:10A83000400700205407002000B585B001900D4B63
:10A840001B78002B01D085230FE0019B002B01D149
:10A85000094B0193019801F00FFE0390039B002B1D
:10A8600002D1044B01221A70039B184605B05DF813
:10A8700004FB00BF64070020F4C9020000B583B0E8
:10A88000019000F00AF8019801F024FE01F03EFE6C
:10A890000023184603B05DF804FB08B501F03DFE47
:10A8A00001F042FE00BF08BD10B487B001900091D6
:10A8B000019B009A53E8004F04EA020043E80001BC
:10A8C00091F0000FF6D1059404900391059B184672
:10A8D00007B05DF8044B704782B003468DF807302F
:10A8E0009DF90730002B0CDB9DF8073003F01F02A9
:10A8F00005499DF907305B09012000FA02F241F891
:10A90000232000BF02B0704700E100E082B00346A0
:10A9100000918DF807309DF90730002B0ADB009B72
:10A92000DAB20C499DF907305201D2B20B4483F8D8
:10A9300000230BE0009BDAB207499DF8073003F0D3
:10A940000F03043B5201D2B20B441A7600BF02B08F
:10A95000704700BF00E100E000ED00E082B0019030
:10A96000019B1B0B5BB2184602B0704700B583B069
:10A9700003460A468DF8073013468DF806309DF8D9
:10A980000630072B03D908496B20FBF7D7FF9DF84A
:10A9900006209DF9073011461846FFF7B7FF00BFA4
:10A9A00003B05DF804FB00BFF8C9020000B583B036
:10A9B00003468DF807309DF907301846FFF78CFFE6
:10A9C00000BF03B05DF804FB82B003468DF807308A
:10A9D0000F4A9DF90730002B00DA1F335B115BB281
:10A9E00052F823209DF90730594203F01F0301F06C
:10A9F0001F0158BF4B425BB222FA03F303F001037D
:10AA0000002B14BF01230023DBB2184602B07047AD
:10AA100000E100E082B001904FF08042019BC2F85B
:10AA2000043300BF02B0704782B001904FF0804203
:10AA3000019BC2F8083300BF02B0704782B00346E2
:10AA40008DF807309DF8073003F1804301221A602A
:10AA500000BF02B0704784B00346ADF80630BDF8C1
:10AA6000063003F1804300221A60BDF8063003F17E
:10AA700080431B680393039B00BF04B0704782B000
:10AA80000346ADF80630BDF8063003F180431B687D
:10AA9000002B14BF01230023DBB2184602B070471D
:10AAA00082B001904FF08042019BC2F8183500BF80
:10AAB00002B0704782B003468DF807304FF08043F4
:10AAC000D3F80C3403F001129DF8073043F48033BF
:10AAD0009A420CBF01230023DBB2184602B0704734
:10AAE00000B583B006238DF807304FF08040FFF7A4
:10AAF00035FF03461846FFF767FF034683F001035F
:10AB0000DBB2002B13D04FF08040FFF727FF034646
:10AB10001A469DF8073019461046FFF727FF4FF0F9
:10AB20008040FFF71BFF03461846FFF73FFF00BFBB
:10AB300003B05DF804FB000000B585B00190019BF7
:10AB4000002B03D10E49A420FBF7F8FE002303934A
:10AB50000C4B1B79002B02D0852303930BE0094B90
:10AB600000229A71074A019B1360064B01221A7159
:10AB7000044B00225A71039B184605B05DF804FB94
:10AB80001CCA02006807002008B5094B1B79002B7E
:10AB900003D10849BD20FBF7D1FEFFF7A1FF00203C
:10ABA000FFF77EFF044B01221A7000BF08BD00BFF3
:10ABB000680700201CCA02007007002008B50A4B75
:10ABC0001B79002B03D10949EA20FBF7B7FE4FF4AC
:10ABD0008270FFF740FF0220FFF71CFF0820FFF7FD
:10ABE0002DFF00BF08BD00BF680700201CCA02007F
:10ABF00008B50A4B1B79002B04D109494FF4817029
:10AC0000FBF79CFE4FF48070FFF725FF0120FFF754
:10AC100001FF0020FFF712FF00BF08BD68070020FA
:10AC20001CCA020008B50F4B1B79002B04D10E493A
:10AC30004FF48570FBF782FE0120FFF7F5FE4FF41D
:10AC40008070FFF708FF0420FFF7F8FE00BF012027
:10AC5000FFF730FF0346002BF9D1024B00225A7157
:10AC600000BF08BD680700201CCA020008B54FF4E9
:10AC70008070FFF704FF0346002B14D04FF4807060
:10AC8000FFF7E9FE0120FFF7CFFE264B5B7983F04B
:10AC90000103DBB2002B06D0224B01225A71214B5B
:10ACA0001B68002098474FF48270FFF7E8FE0346C8
:10ACB000002B0AD04FF48270FFF7CDFE0220FFF781
:10ACC000B3FE184B1B68012098474FF48870FFF7BC
:10ACD000D6FE0346002B0AD04FF48870FFF7BBFE68
:10ACE0001020FFF7A1FE0F4B1B68022098474FF47E
:10ACF0008670FFF7C4FE0346002B10D00A4B0022DB
:10AD00001A604FF48670FFF7A6FE0820FFF78CFE4E
:10AD1000044B00229A71034B1B680320984700BF25
:10AD200008BD00BF68070020340C004082B0034615
:10AD30008DF807309DF90730002B0CDB9DF80730AC
:10AD400003F01F0205499DF907305B09012000FA55
:10AD500002F241F8232000BF02B0704700E100E09A
:10AD600082B0034600918DF807309DF90730002B23
:10AD70000ADB009BDAB20C499DF907305201D2B2CE
:10AD80000B4483F800230BE0009BDAB207499DF8DF
:10AD9000073003F00F03043B5201D2B20B441A7682
:10ADA00000BF02B0704700BF00E100E000ED00E02E
:10ADB00082B00190019B1B0B5BB2184602B070473A
:10ADC00000B583B003460A468DF8073013468DF868
:10ADD00006309DF80630072B03D908496B20FBF796
:10ADE000ADFD9DF806209DF9073011461846FFF786
:10ADF000B7FF00BF03B05DF804FB00BF80CA0200CC
:10AE000000B583B003468DF807309DF9073018462A
:10AE1000FFF78CFF00BF03B05DF804FB82B0034670
:10AE20008DF807309DF8073003F1804303F5C043E8
:10AE3000184602B0704700B583B00346ADF806303F
:10AE4000BDF80630184600F026F803461B68012BB3
:10AE50000CBF01230023DBB2184603B05DF804FBEE
:10AE600000B585B00346ADF80630BDF8063018468B
:10AE700000F011F803461A4600231360BDF80630AF
:10AE8000184600F008F803461B680393039B00BFB5
:10AE900005B05DF804FB82B00346ADF80630BDF89E
:10AEA000063003F1804303F5C043184602B07047F3
:10AEB00082B00190034A019BC2F8043300BF02B084
:10AEC000704700BF0060004082B00190034A019BC0
:10AED000C2F8083300BF02B0704700BF00600040F6
:10AEE00082B00190034BD3F80423019B1340184612
:10AEF00002B070470060004082B00190084A019B98
:10AF000003F5A27352F82330054943F00102019B77
:10AF100003F5A27341F8232000BF02B0704700BFC1
:10AF20000060004082B00190084A019B03F5A273C3
:10AF300052F82330054923F00102019B03F5A27367
:10AF400041F8232000BF02B0704700BF00600040FE
:10AF500084B00390029113468DF80730144A039B86
:10AF600003F5A27352F82330114923F44F3323F42D
:10AF70004073039A02F5A27241F822300C4A039BF7
:10AF800003F5A27352F82320029B1B0203F47C51A9
:10AF90009DF807301B0403F440330B4304491A4364
:10AFA000039B03F5A27341F8232000BF04B0704750
:10AFB0000060004082B00190054A019B03F5A27336
:10AFC00052F823301B0A03F03F03184602B07047C3
:10AFD0000060004082B00190064A019B03F5A27315
:10AFE00052F823301B0C03F00303DBB2184602B007
:10AFF000704700BF0060004084B00190094A019B87
:10B0000003F5A27352F8233043F003030393054979
:10B01000019B03F5A273039A41F8232000BF04B0FB
:10B02000704700BF0060004082B00190084A019B59
:10B0300003F5A27352F82330054923F00302019B64
:10B0400003F5A27341F8232000BF02B0704700BF90
:10B050000060004084B00390029111461A460B46EE
:10B060008DF8073013468DF80630184A039B03F518
:10B07000A27352F82330154923F4991323F4F8539B
:10B08000039A02F5A27241F82230104A039B03F59D
:10B09000A27352F82320029B1B0203F47C519DF8FB
:10B0A00007301B0403F4403319439DF806301B0599
:10B0B00003F480130B4305491A43039B03F5A27362
:10B0C00041F8232000BF04B0704700BF006000407B
:10B0D00082B001900B468DF803300B4A019B03F5BB
:10B0E000A27352F8233023F480129DF803301B051D
:10B0F00003F4801304491A43019B03F5A27341F83A
:10B10000232000BF02B070470060004082B0019071
:10B11000044A019B03F5A273002142F8231000BFEB
:10B1200002B070470060004000B583B00190019B01
:10B130001B68184600F088F90346002B04D10B4920
:10B140004FF4F670FBF7FAFB019B1B681F2B02D82C
:10B150004FF0A04306E0019B1B6803F01F02019B18
:10B160001A60034B184603B05DF804FBA4CA020042
:10B170000003005000B585B00190084611461A46FC
:10B1800003468DF803300B468DF8023013468DF8D8
:10B19000013001AB1846FFF7C7FF03909DF803206D
:10B1A0009DF802305B001A439DF801309B001A4362
:10B1B0009DF818301B0242EA03019DF81C301B0465
:10B1C000019A1943039B02F5E07243F8221000BF75
:10B1D00005B05DF804FB00B585B003900023019332
:10B1E000002300930023012201210398FFF7C2FFEF
:10B1F00000BF05B05DF804FB00B585B003900B46B9
:10B200008DF80B309DF80B30002201920022009245
:10B21000002200210398FFF7ADFF00BF05B05DF8E5
:10B2200004FB00B585B00390002301930023009335
:10B230000023012200210398FFF79CFF00BF05B007
:10B240005DF804FB00B585B0019001AB1846FFF72F
:10B250006BFF0390019A039B02F5E07253F82230D2
:10B2600023F002030293019A039B02F5E072029914
:10B2700043F8221000BF05B05DF804FB00B585B0AF
:10B2800001900B468DF8033001AB1846FFF74CFFD9
:10B290000390019A039B02F5E07253F82230019A61
:10B2A00023F44031039B02F5E07243F82210019A27
:10B2B000039B02F5E07253F822309DF8032012043C
:10B2C0001146019A1943039B02F5E07243F82210DC
:10B2D00000BF05B05DF804FB00B585B0019001AB7F
:10B2E0001846FFF721FF0390019B012202FA03F3A6
:10B2F0001946039800F04BF800BF05B05DF804FB59
:10B3000000B585B0019001AB1846FFF70DFF039023
:10B31000019B012202FA03F31946039800F041F859
:10B3200000BF05B05DF804FB00B585B0019001AB2E
:10B330001846FFF7F9FE0390039800F020F8024644
:10B34000019B22FA03F303F00103184605B05DF8F0
:10B3500004FB00B585B0019001AB1846FFF7E4FE91
:10B360000390019A039B02F5E07253F822301B0C04
:10B3700003F00303DBB2184605B05DF804FB82B0AE
:10B380000190019BD3F81035184602B0704782B087
:10B3900001900091019B009AC3F8082500BF02B0FC
:10B3A000704782B001900091019B009AC3F80C2570
:10B3B00000BF02B07047000088B003900291019274
:10B3C000164A05AB92E8030083E80300039B07934A
:10B3D00019E0079B9B0008AA134453F80C3CD3F8D0
:10B3E0002025019B1A60079B9B0008AA134453F871
:10B3F0000C3C019A1268C3F82025019B0433019389
:10B40000079B01330793039A029B1344079A9A42BE
:10B41000DFD300BF00BF08B0704700BFC8CA02003A
:10B4200000B585B0019001AB1846FFF77DFE039093
:10B43000019B012202FA03F31A46039BC3F820255D
:10B4400000BF05B05DF804FB84B00190019B5B096F
:10B45000029300230393029B002B03D0029B012B3A
:10B4600004D007E04FF0FF33039303E04FF6FF7380
:10B47000039300BF019B03F01F030193039A019BF9
:10B4800022FA03F303F00103002B14BF012300236E
:10B49000DBB2184604B0704784B001900091009B65
:10B4A0000393019BDB080293019B03F007030193C5
:10B4B0000122019B02FA03F30399029A0A441278CB
:10B4C0001340184604B0704784B001900091009B6F
:10B4D0000393019BDB080293019B03F00703019395
:10B4E000039A029B13441B785AB20121019B01FA73
:10B4F00003F35BB2134359B2039A029B1344CAB2DB
:10B500001A7000BF04B0704784B001900091009B96
:10B510000393019BDB080293019B03F00703019354
:10B52000039A029B13441B785AB20121019B01FA32
:10B5300003F35BB2DB435BB2134059B2039A029B45
:10B540001344CAB21A7000BF04B0704782B00190B1
:10B55000074A019B1344303393F90030B3F1FF3FA6
:10B5600014BF01230023DBB2184602B0704700BFAE
:10B570007407002082B001900C4A019B13443033C1
:10B5800093F90030002B09DB084A019B1344303348
:10B5900093F90030072B01DC012300E0002303F0C6
:10B5A0000103DBB2184602B0704700BF74070020E9
:10B5B00082B00190064A019B1344303393F9003066
:10B5C000072BCCBF01230023DBB2184602B0704723
:10B5D0007407002082B00190064A019B1344303367
:10B5E00093F90030DB43DBB2DB09DBB2184602B073
:10B5F000704700BF7407002084B00390029101924D
:10B600008DF80330029B59B20E4A039B134430332A
:10B610000A461A700B49029B019A41F823209DF8B3
:10B62000033083F00103DBB2002B08D0029B083B00
:10B63000039A51B2034A13440A4683F8602000BFBC
:10B6400004B070477407002082B00190044A019B47
:10B6500013443033FE221A7000BF02B0704700BF9F
:10B660007407002082B00190044A019B13443033D8
:10B67000FF221A7000BF02B0704700BF740700209D
:10B6800000B583B0019004490198FFF71DFF00BF8A
:10B6900003B05DF804FB00BFD807002000B583B0FD
:10B6A000019004490198FFF72FFF00BF03B05DF838
:10B6B00004FB00BFD807002000B583B00190074904
:10B6C0000198FFF7E9FE0346002B14BF0123002376
:10B6D000DBB2184603B05DF804FB00BFD8070020BA
:10B6E00082B00190044A019B1344303393F9003037
:10B6F000184602B0704700BF7407002082B0019066
:10B70000034A019B52F82330184602B0704700BF2D
:10B710007407002084B00190074A019B13446033F2
:10B7200093F900308DF80F309DF80F3023F0C003EF
:10B73000184604B0704700BF7407002084B0019021
:10B74000074A019B1344603393F900308DF80F30A2
:10B750009DF80F309B09DBB2184604B0704700BF5C
:10B760007407002000B589B00390029113468DF84C
:10B770000730FF238DF81F309DF80730002B01D0D4
:10B78000002300E0082305939DF80730002B01D02B
:10B79000082300E00C230493059B069314E00F4A52
:10B7A000069B52F82330B3F1FF3F0AD19DF80730D2
:10B7B000029A06990398FFF71FFF069B8DF81F302A
:10B7C00006E0069B01330693069A049B9A42E6D351
:10B7D0009DF91F30184609B05DF804FB740700207E
:10B7E00082B003468DF807309DF80730094A4FF0C4
:10B7F000FF3142F823109DF80730072B07D99DF839
:10B800000730083B034A1344FF2283F8602000BF3F
:10B8100002B070477407002000B583B02D4B93F839
:10B820006A30002B03D008230093009B4EE00023D6
:10B830008DF8073011E09DF807301846FFF704FE39
:10B840000346002B04D09DF807301846FFF70AFF87
:10B850009DF8073001338DF807309DF807302F2B06
:10B86000E9D900238DF8073009E09DF80730184624
:10B87000FFF7B6FF9DF8073001338DF807309DF8CC
:10B8800007300B2BF1D90622002113481FF06DF869
:10B890001248FFF78DFA034606211846FFF790FA83
:10B8A0000E48FFF785FA03461846FFF7A9FA4FF44A
:10B8B000BE70FFF7D5FA4FF00040FFF7F9FA054BDD
:10B8C000012283F86A2000230093009B184603B0EE
:10B8D0005DF804FB74070020D807002000600040DA
:10B8E000044B93F86A30002B14BF01230023DBB212
:10B8F000184670477407002000B585B0019000918C
:10B900000198FFF7A1FD0346002B04D12D4940F219
:10B910004910FBF713F82C4B93F86A30012B04D035
:10B9200028494FF4A570FBF709F8009B002B04D1C0
:10B93000244940F24B10FBF701F8002303930198D0
:10B94000FFF704FE0346002B02D00823039334E0E4
:10B95000009B9B78002B19D0012200210198FFF752
:10B9600001FF03468DF80B309DF90B30B3F1FF3F1B
:10B9700009D09DF90B00009B1A78009B5B78019918
:10B98000FFF768FB05E00423039302E00198FFF74B
:10B990005BFE039B002B10D1009B5B78012B03D136
:10B9A0000198FFF799FC02E00198FFF7A9FC0198C4
:10B9B000FFF711FC0198FFF763FE039B184605B0E3
:10B9C0005DF804FBD0CA02007407002000B583B004
:10B9D00001900198FFF738FD0346002B04D11C4964
:10B9E00040F28110FAF7AAFF0198FFF7AFFD034676
:10B9F000002B04D116494FF4C170FAF79FFF01984C
:10BA0000FFF7B8FD0346002B0ED00198FFF768FE44
:10BA10000346DBB21846FFF7E3FE0198FFF760FE2E
:10BA200003461846FFF772FB0198FFF71BFE0198CB
:10BA3000FFF742FE0346002B05D00198FFF7F1FB0C
:10BA40000198FFF72BFE00BF03B05DF804FB00BFB9
:10BA5000D0CA020000B583B001900198FFF7F4FC52
:10BA60000346002B04D1144940F2B310FAF766FFE5
:10BA70000198FFF76BFD0346002B04D10E494FF4EC
:10BA8000DA70FAF75BFF0198FFF774FD0346002BAD
:10BA900004D1094940F2B510FAF750FF074A019B5B
:10BAA0001344303393F900301846FFF7A5FA00BF6E
:10BAB00003B05DF804FB00BFD0CA02007407002089
:10BAC00000B583B001900198FFF7BEFC0346002B40
:10BAD00004D1144940F2BD10FAF730FF0198FFF786
:10BAE00035FD0346002B04D10E494FF4DF70FAF701
:10BAF00025FF0198FFF73EFD0346002B04D10949BD
:10BB000040F2BF10FAF71AFF074A019B1344303383
:10BB100093F900301846FFF787FA00BF03B05DF8CD
:10BB200004FB00BFD0CA02007407002000B583B038
:10BB300001900198FFF788FC0346002B04D10E49C1
:10BB40004FF4EC70FAF7FAFE0198FFF713FD034685
:10BB5000002B04D1084940F2D910FAF7EFFE019802
:10BB6000FFF7BEFD0346DBB20C33DBB29B00DBB25A
:10BB7000184603B05DF804FBD0CA020000B585B0DA
:10BB800001900198FFF7D2FF03468DF80F309DF822
:10BB90000F301846FFF742F90346184605B05DF826
:10BBA00004FB000000B583B001900198FFF74CFC46
:10BBB0000346002B04D10E494FF4F570FAF7BEFE90
:10BBC0000198FFF7D7FC0346002B04D1084940F247
:10BBD000EB10FAF7B3FE0198FFF782FD0346DBB2E4
:10BBE0001833DBB29B00DBB2184603B05DF804FBF0
:10BBF000D0CA020000B585B001900198FFF7D2FFCE
:10BC000003468DF80F309DF80F301846FFF706F900
:10BC10000346184605B05DF804FB000000B585B08A
:10BC200001900B468DF803300198FFF70DFC034699
:10BC3000002B04D11A4940F2FB10FAF77FFE01985D
:10BC4000FFF784FC0346002B04D115494FF4FE7026
:10BC5000FAF774FE0198FFF78DFC0346002B04D120
:10BC60000F4940F2FD10FAF769FE9DF80330002BF2
:10BC700014BF01230023DBB28DF80F30094A019B6A
:10BC80001344303393F900301A469DF80F301946AB
:10BC90001046FFF71DFA00BF05B05DF804FB00BFBA
:10BCA000D0CA02007407002000B587B0039002914B
:10BCB00001920398FFF7C8FB0346002B04D13649D5
:10BCC0004FF40C70FAF73AFE002305930398FFF740
:10BCD00081FC0346002B02D00823059357E0029B0A
:10BCE0009B78C3F34003DBB21A4601990398FFF730
:10BCF00039FD03468DF813309DF91330B3F1FF3F42
:10BD000043D0029B9B78C3F38003DBB283F0010333
:10BD1000DBB2002B13D0029B9B7803F00103DBB254
:10BD2000002B03D00398FFF78DFA05E0029B5B78A8
:10BD300019460398FFF760FA0398FFF7A1FC029BEE
:10BD40009B7803F00203DBB2002B08D09DF91300AF
:10BD5000029B1B781A460399FFF7FAF817E09DF942
:10BD60001330083B0D4A134493F96010029B1B7873
:10BD70009B015AB29DF91330083B0A4351B2074A5E
:10BD800013440A4683F8602001E004230593059BD1
:10BD9000184607B05DF804FBD0CA02007407002003
:10BDA00000B589B001900B468DF803300198FFF77C
:10BDB0004BFB0346002B04D13A494FF41870FAF7B5
:10BDC000BDFD0198FFF706FC0346002B04D1354961
:10BDD00040F26120FAF7B2FD0198FFF7E9FB034654
:10BDE000002B2AD00198FFF77BFC0346083B18463E
:10BDF000FFF7A4FC03468DF80F309DF80F30032B9E
:10BE00000BD10198FFF790FA0346002B01D00323D2
:10BE100000E002238DF81F3008E09DF80F30012B61
:10BE200001D1022300E003238DF81F309DF81F305D
:10BE300019460198FFF722FA30E00198FFF79AFBC4
:10BE40000346002B2AD00198FFF74AFC03460693CD
:10BE5000069B9BB240339BB29B00ADF81630069B0D
:10BE60001846FFF749F8BDF816301846FEF7F8FFF8
:10BE70009DF80330002B11D00198FFF731FC0346E9
:10BE80001846FFF73BFC0490049B002B06D00122D0
:10BE9000069B02FA03F31846FFF70AF800BF09B041
:10BEA0005DF804FBD0CA020000B585B0019001988E
:10BEB000FFF7CAFA0346002B04D11A4940F28B203F
:10BEC000FAF73CFD0198FFF785FB0346002B04D1F0
:10BED00014494FF42370FAF731FD0198FFF768FB1E
:10BEE0000346002B04D000210198FFF7C7F915E0A5
:10BEF0000198FFF73FFB0346002B0FD00198FFF797
:10BF0000EFFB03460393039B1846FFF70BF8012250
:10BF1000039B02FA03F31846FEF7D6FF00BF05B0F5
:10BF20005DF804FBD0CA020000B583B0019001980F
:10BF3000FFF78AFA0346002B04D1164940F2B920D4
:10BF4000FAF7FCFC0198FFF733FB0346002B0AD1FC
:10BF50000198FFF70FFB0346002B04D10D4940F277
:10BF6000BA20FAF7EBFC0198FFF704FB0346002B1D
:10BF700009D00198FFF7B4FB03469BB240339BB254
:10BF80009B009BB201E04FF4BE73184603B05DF80E
:10BF900004FB00BFD0CA020000B585B00190019833
:10BFA000FFF7C2FF0346ADF80E30BDF80E3018465D
:10BFB000FEF771FF0346184605B05DF804FB00B5B7
:10BFC00085B00190019A02210020FFF7F5F90023C6
:10BFD00003930BE0039B9B00019A13441B68002B07
:10BFE00001D0012306E0039B01330393039B012B44
:10BFF000F0D90023184605B05DF804FB00B587B002
:10C000000190002305935BE0344A059B13446033A1
:10C0100093F90030B3F1FF3F4ED00598FFF77AFB5C
:10C02000049001990498FFF737FA0346002B44D097
:10C030000598FFF783FB03468DF80F300498FFF750
:10C0400088F903468DF80E309DF80E30022B01D191
:10C05000032300E002238DF80D309DF80D301946C2
:10C060000498FFF70BF90498FFF7DAF90498FFF743
:10C0700037FB03461846FFF741FB0290029B002B5B
:10C080001BD09DF80F30032B0FD09DF80E30022BE4
:10C0900003D19DF80F30012B07D09DF80E30032BF4
:10C0A0000BD19DF80F30022B07D19DF80F20029B7A
:10C0B00011460498984700E000BF059B01330593A3
:10C0C000059B032BA0D90198FFF779FF0346002BAE
:10C0D00097D100BF00BF07B05DF804FB74070020D4
:10C0E00000B58BB00023099301AB00221A605A609F
:10C0F0004FF48073ADF81E3001230693002308939C
:10C1000021E0BDF81E301846FEF795FE0346002BD1
:10C110000ED00698FEF7E4FE0346002B08D0BDF8CB
:10C120001E301846FEF79CFE099A069B134309939E
:10C13000069B5B000693BDF81E300433ADF81E303D
:10C14000089B01330893089B072BDAD94FF4BE7084
:10C15000FEF771FE0346002B0DD04FF4BE70FEF7C4
:10C160007FFE099B43F00043099301AB1A4602216D
:10C170000020FFF721F9099BDBB2002B29D0012316
:10C1800006930023089321E0069A099B1340002B95
:10C1900016D00898FEF70EFF05900898FEF71AFFD4
:10C1A00003468DF813300898FFF7A8FA0390039B15
:10C1B000002B05D09DF81320039B11460598984746
:10C1C000069B5B000693089B01330893089B072B93
:10C1D000DAD9099B002B03DA01AB1846FFF70EFFF3
:10C1E00000BF0BB05DF804FB82B003468DF807304A
:10C1F0009DF90730002B0CDB9DF8073003F01F0280
:10C2000005499DF907305B09012000FA02F241F867
:10C21000232000BF02B0704700E100E082B0034677
:10C2200000918DF807309DF90730002B0ADB009B49
:10C23000DAB20C499DF907305201D2B20B4483F8AF
:10C2400000230BE0009BDAB207499DF8073003F0AA
:10C250000F03043B5201D2B20B441A7600BF02B066
:10C26000704700BF00E100E000ED00E082B0019007
:10C27000019B1B0B5BB2184602B0704700B583B040
:10C2800003460A468DF8073013468DF806309DF8B0
:10C290000630072B03D908496B20FAF74FFB9DF8AE
:10C2A00006209DF9073011461846FFF7B7FF00BF7B
:10C2B00003B05DF804FB00BF34CB020000B583B0CF
:10C2C00003468DF807309DF907301846FFF78CFFBD
:10C2D00000BF03B05DF804FB82B003468DF8073061
:10C2E0000F4A9DF90730002B00DA1F335B115BB258
:10C2F00052F823209DF90730594203F01F0301F043
:10C300001F0158BF4B425BB222FA03F303F0010353
:10C31000002B14BF01230023DBB2184602B0704784
:10C3200000E100E084B00346ADF80630BDF8063009
:10C3300003F1804300221A60BDF8063003F1804308
:10C340001B680393039B00BF04B0704782B0034691
:10C35000ADF80630BDF8063003F180431B68002BB2
:10C3600014BF01230023DBB2184602B0704700B5AA
:10C3700085B00346ADF80630BDF806301846FFF725
:10C38000E5FF03468DF80F309DF80F30002B04D0E9
:10C39000BDF806301846FFF7C5FF9DF80F30184668
:10C3A00005B05DF804FB82B001904FF08042019B24
:10C3B000C2F8043300BF02B070474FF08043D3F897
:10C3C00004331846704782B001904FF08042019BC1
:10C3D000C2F8083300BF02B0704782B003468DF840
:10C3E00007309DF80730002B01D0012300E0002327
:10C3F0004FF08042C2F8783500BF02B0704782B07B
:10C4000003468DF807309DF80730002B01D001233B
:10C4100000E000234FF08042C2F8803500BF02B038
:10C42000704700B583B006238DF807304FF0804089
:10C43000FFF71CFF03461846FFF74EFF034683F045
:10C440000103DBB2002B13D04FF08040FFF70EFF4B
:10C4500003461A469DF8073019461046FFF70EFFAF
:10C460004FF08040FFF702FF03461846FFF726FF14
:10C4700000BF03B05DF804FB00B583B00190019BE1
:10C48000002B03D111497020FAF758FA104B1B7892
:10C49000002B01D0852315E0019B1B78C3F34003DB
:10C4A000DBB21846FFF7ABFF019B1B78C3F3000319
:10C4B000DBB21846FFF791FFFFF7B3FF044B0122F1
:10C4C0001A700023184603B05DF804FB7CCB020011
:10C4D000E007002000B583B00190019B002B03D141
:10C4E0000849ED20FAF72AFA00F01EF8019B1B68B4
:10C4F000002B03D0019B1B68034A136000BF03B0ED
:10C500005DF804FB7CCB0200EC07002008B54FF47B
:10C510006070FFF748FF00BF08BD08B54FF46070BA
:10C52000FFF751FF00BF08BD024B00221A6000BF99
:10C53000704700BFEC07002000B583B0FFF73DFF58
:10C540000190019B03F00403002B12D04FF4847080
:10C55000FFF70DFF0346002B0BD0464B1B68002B4B
:10C5600004D145494FF48B70FAF7E8F9414B1B6849
:10C570009847019B03F02003002B13D04FF48A70DF
:10C58000FFF7F5FE0346002B0CD03C4B1B68002B3D
:10C5900004D1394940F21F10FAF7D0F9374B1B6824
:10C5A00000209847019B03F04003002B13D04FF469
:10C5B0008C70FFF7DCFE0346002B0CD02F4B1B6862
:10C5C000002B04D12C494FF49370FAF7B7F92B4B99
:10C5D0001B6801209847019B03F08003002B13D0B8
:10C5E0004FF48E70FFF7C3FE0346002B0CD0244B94
:10C5F0001B68002B04D1204940F22F10FAF79EF956
:10C600001F4B1B6800209847019B03F48073002B8D
:10C6100013D04FF49070FFF7AAFE0346002B0CD006
:10C62000174B1B68002B04D113494FF49B70FAF78A
:10C6300085F9134B1B6801209847019B03F4007395
:10C64000002B13D04FF49270FFF791FE0346002B9E
:10C650000CD00B4B1B68002B04D1074940F23D1056
:10C66000FAF76CF9064B1B680220984700BF03B02D
:10C670005DF804FBE40700207CCB0200E807002003
:10C68000EC07002008B5FFF757FFFEF7EFFA00BFF1
:10C6900008BD000008B5064B1B68002B03D10549F7
:10C6A0005120FAF74BF9024B1B68984700BF08BDB1
:10C6B000F0070020E0CB020082B00190019B044A09
:10C6C000934201D1034B00E00023184602B07047AB
:10C6D00000200040F007002000B587B001900091D5
:10C6E000019B002B03D118497720FAF727F901980D
:10C6F000FFF7E2FF0490049B002B1ED000238DF86F
:10C7000017300020FAF744F8049B1B79002B03D064
:10C7100001238DF8173005E0049B009A1A60049BF2
:10C7200001221A710020FAF747F89DF81730002B04
:10C7300003D011230393039B02E000230393039B85
:10C74000184607B05DF804FBE0CB020000B585B0E9
:10C750000190019B002B03D10A499B20FAF7EEF8C8
:10C760000198FFF7A9FF0390039B002B05D0039BC3
:10C7700000221A60039B00221A7100BF05B05DF809
:10C7800004FB00BFE0CB020082B003468DF8073007
:10C790009DF90730002B0CDB9DF8073003F01F02DA
:10C7A00005499DF907305B09012000FA02F241F8C2
:10C7B000232000BF02B0704700E100E082B00346D2
:10C7C0008DF807309DF90730002B13DB9DF80730FB
:10C7D00003F01F0209499DF907305B09012000FAA7
:10C7E00002F2203341F82320BFF34F8F00BFBFF385
:10C7F0006F8F00BF00BF02B0704700BF00E100E0D4
:10C8000082B0034600918DF807309DF90730002B68
:10C810000ADB009BDAB20C499DF907305201D2B213
:10C820000B4483F800230BE0009BDAB207499DF824
:10C83000073003F00F03043B5201D2B20B441A76C7
:10C8400000BF02B0704700BF00E100E000ED00E073
:10C8500082B00190019B03F06043B3F1005F0CBF15
:10C8600001230023DBB2184602B0704782B001906A
:10C87000019B03F00303002B0CBF01230023DBB259
:10C88000184602B07047000000B583B003460A4660
:10C890008DF8073013468DF806309DF80630072BCB
:10C8A00003D908496B20FAF749F89DF806209DF94D
:10C8B000073011461846FFF7A3FF00BF03B05DF82D
:10C8C00004FB00BF48CC020000B583B003468DF8DE
:10C8D00007309DF907301846FFF756FF00BF03B039
:10C8E0005DF804FB00B583B003468DF807309DF971
:10C8F00007301846FFF762FF00BF03B05DF804FB86
:10C9000000B585B00190019B002B0AD0074B43F086
:10C9100001030393019B9B010293039B0298984799
:10C9200000E000BF05B05DF804FB00BF00CD0200D1
:10C9300082B001900B468DF803309DF80330019AC8
:10C94000134401221A6000BF02B0704782B0019008
:10C950000B46ADF80230BDF80230019A13440022B4
:10C960001A6000BF02B0704782B001900B46ADF86C
:10C970000230BDF80230019A13441B68002B14BF2B
:10C9800001230023DBB2184602B0704782B0019049
:10C990000091019B009AC3F8042300BF02B07047C6
:10C9A00082B001900091019B009AC3F8082300BF58
:10C9B00002B0704782B00190019B0122C3F80025AC
:10C9C00000BF02B07047000082B00190044B01220A
:10C9D0001A60019B0022C3F8002500BF02B0704717
:10C9E0005490024082B001900091009B1B78FF2B75
:10C9F00003D0009B1B781A4601E04FF0FF32019BE9
:10CA0000C3F82425009B5B78FF2B03D0009B5B7849
:10CA10001A4601E04FF0FF32019BC3F82825009B26
:10CA20009B78FF2B03D0009B9B781A4601E04FF0C8
:10CA3000FF32019BC3F83025009BDB78FF2B03D02E
:10CA4000009BDB781A4601E04FF0FF32019BC3F8F0
:10CA50003425009B1B79FF2B03D0009B1B791A46C2
:10CA600001E04FF0FF32019BC3F83825009B5B7952
:10CA7000FF2B03D0009B5B791A4601E04FF0FF3299
:10CA8000019BC3F83C2500BF02B0704782B0019003
:10CA90000091019BD3F82435DAB2009B1A70019BF8
:10CAA000D3F82835DAB2009B5A70019BD3F83035A1
:10CAB000DAB2009B9A70019BD3F83435DAB2009B4E
:10CAC000DA70019BD3F83835DAB2009B1A71019BFA
:10CAD000D3F83C35DAB2009B5A7100BF02B0704700
:10CAE00082B001900091019B009AC3F8402500BFDD
:10CAF00002B0704784B001900091009B1B780393B3
:10CB0000009B5B78DB00039A13430393009B9B78A5
:10CB10009B01039A13430393009BDB78002B01D006
:10CB2000802300E00023039A13430393019B039A9D
:10CB3000C3F8442500BF04B0704784B00190009151
:10CB4000019BD3F8003623F07F4323F0FF030393C8
:10CB5000009B1B781A46039B13430393009B5B784F
:10CB6000002B02D04FF0807300E00023039A1343A0
:10CB70000393009B9B785B06039A13430393009BEC
:10CB8000DB781B07039A13430393019B039AC3F8B3
:10CB9000002600BF04B0704784B003900291019258
:10CBA0000093039B009AC3F81025029A039BC3F8D5
:10CBB0001425039B019AC3F8182500BF04B07047E1
:10CBC00084B00390029101920093039B009AC3F8F2
:10CBD0000425029A039BC3F80825039B019AC3F816
:10CBE0000C2500BF04B0704784B003900291134637
:10CBF0008DF80730039B029AC3F81C259DF8072087
:10CC0000039BC3F8202500BF04B0704786B0039093
:10CC10000B4601928DF80B3000230593019B049382
:10CC20009DF80B30013B082B56D801A252F823F097
:10CC3000D9CC0000C3CC0000B5CC0000A7CC0000CC
:10CC400099CC00007FCC000071CC000063CC0000C8
:10CC500055CC0000049B07331B781B06059A134331
:10CC60000593049B06331B781B04059A1343059315
:10CC7000049B05331B781B02059A13430593049B01
:10CC800004331B781A46059B13430593039B059AAF
:10CC9000C3F83C2600230593049B03331B781B0633
:10CCA000059A13430593049B02331B781B04059AD2
:10CCB00013430593049B01331B781B02059A13430E
:10CCC0000593049B1B781A46059B13430593039B0E
:10CCD000059AC3F8382600E000BF00BF06B07047D1
:10CCE00088B003900B4601928DF80B30019B07939F
:10CCF000039BD3F83C360693039BD3F83836059351
:10CD00009DF80B30013B082B42D801A252F823F0CA
:10CD100091CD000087CD00007BCD00006FCD0000DD
:10CD200063CD000059CD00004DCD000041CD000085
:10CD300035CD0000069B1A0E079B0733D2B21A703E
:10CD4000069B1A0C079B0633D2B21A70069B1A0A6E
:10CD5000079B0533D2B21A70079B0433069AD2B2EE
:10CD60001A70059B1A0E079B0333D2B21A70059BEB
:10CD70001A0C079B0233D2B21A70059B1A0A079B42
:10CD80000133D2B21A70059BDAB2079B1A7000E029
:10CD900000BF00BF08B0704782B001900091009BB7
:10CDA0001B781A46009B5B781B021A43009B9B78FA
:10CDB0001B031A43009BDB785B031A43009B1B7920
:10CDC0009B031A43009B5B79DB031A43019BC3F867
:10CDD000342600BF02B0704782B00190019BD3F8A7
:10CDE000343603F44033B3F5803F0CBF01230023F6
:10CDF000DBB2184602B0704784B001900B468DF844
:10CE0000033013468DF802309DF803301B0243F4C3
:10CE1000803303939DF80230002B02D04FF400338F
:10CE200000E00023039A13430393019B039AC3F882
:10CE3000342600BF04B0704700B583B00190019B59
:10CE40001B68184600F060F80346002B04D10B491C
:10CE50004FF4F670F9F772FD019B1B681F2B02D887
:10CE60004FF0A04306E0019B1B6803F01F02019BEB
:10CE70001A60034B184603B05DF804FB6CCC02004B
:10CE80000003005000B585B00190084611461A46CF
:10CE900003468DF803300B468DF8023013468DF8AB
:10CEA000013001AB1846FFF7C7FF03909DF8032040
:10CEB0009DF802305B001A439DF801309B001A4335
:10CEC0009DF818301B0242EA03019DF81C301B0438
:10CED000019A1943039B02F5E07243F8221000BF48
:10CEE00005B05DF804FB00B585B003900023019305
:10CEF000002300930023012200210398FFF7C2FFC3
:10CF000000BF05B05DF804FB84B00190019B5B0994
:10CF1000029300230393029B002B03D0029B012B5F
:10CF200004D007E04FF0FF33039303E04FF6FF73A5
:10CF3000039300BF019B03F01F030193039A019B1E
:10CF400022FA03F303F00103002B14BF0123002393
:10CF5000DBB2184604B0704700B583B003468DF8C5
:10CF60000730194B5B79DBB2002B01D0112326E08F
:10CF70004FF480711548FFF7E9FC134B1B68002B39
:10CF800006D0114B01225A7101211048FFF7FEFC17
:10CF90009DF8073019460D48FFF7CAFC0A4B1B687D
:10CFA000002B0BD100BF4FF480710848FFF7DCFC69
:10CFB000034683F00103DBB2002BF4D100231846B3
:10CFC00003B05DF804FB00BFF807002000900240AA
:10CFD00000B585B00390039B1B78FF2B0BD0039B00
:10CFE0005B78FF2B07D0039B9B78FF2B03D0039B21
:10CFF000DB78FF2B01D1002354E0039B1B781846FC
:10D000000023019303230093002301220021FFF753
:10D0100039FF039B5B781846002301930323009399
:10D02000002301220021FFF72DFF039B9B78184668
:10D030000023019303230093002301220021FFF723
:10D0400021FF039BDB781846002301930323009301
:10D05000002301220021FFF715FF039B1B79FF2B03
:10D060000BD0039B1B7918460023019303230093E5
:10D07000002301220021FFF705FF039B5B79FF2BB3
:10D080000BD0039B5B791846002301930323009385
:10D09000002301220021FFF7F5FE03990348FFF763
:10D0A000A1FC0123184605B05DF804FB0090024086
:10D0B00000B583B06B4619461648FFF7E7FC9DF8AC
:10D0C00000301846FFF70FFF9DF801301846FFF7B4
:10D0D0000AFF9DF802301846FFF705FF9DF8033060
:10D0E0001846FFF700FF9DF80430FF2B04D09DF891
:10D0F00004301846FFF7F7FE9DF80530FF2B04D0EB
:10D100009DF805301846FFF7EEFE00BF03B05DF84E
:10D1100004FB00BF0090024000B583B000238DF8EF
:10D120000730642300934FF480711048FFF71CFC14
:10D130000346002B03D001238DF8073008E00A20B6
:10D14000FFF7DEFB009B013B0093009B002BEAD125
:10D150009DF8073083F00103DBB2002B01D00D23D3
:10D1600000E00023184603B05DF804FB0090024085
:10D1700000B585B0039002910192039B002B03D16F
:10D180002B49B020F9F7DAFB2A4B1B79002B01D091
:10D19000082349E0039B04331846FFF719FF0346B1
:10D1A00083F00103DBB2002B01D007233CE0039B9B
:10D1B0001B6819462048FFF793FC039B0A33194666
:10D1C0001D48FFF797FC039B0E3319461A48FFF7DB
:10D1D000B4FC184B00225A71164A029B1360154A80
:10D1E000019B936001211448FFF7DAFB029B002B9F
:10D1F00008D0039B9B7C19462920FFF745FB29207B
:10D20000FFF762FB0B4B01221A710B48FFF7D2FBB1
:10D210004FF480710848FFF799FB00210648FFF79B
:10D2200087FBFFF779FF0346184605B05DF804FB5E
:10D2300090CC0200F80700200090024000B585B0B5
:10D24000039002910192244B1B79002B03D12349B7
:10D25000DD20F9F773FB204B5B79DBB2002B01D0AB
:10D26000112335E04FF480711D48FFF76FFB029BDF
:10D27000002B06D0039B5B78029A19461848FFF7EB
:10D28000C5FC01211648FFF78BFB03991448FFF7F3
:10D2900083FDFFF741FF03460D2B09D1039B1B794B
:10D2A000002B03D10D49F620F9F748FB0D230FE0C1
:10D2B0004FF480710A48FFF749FB019B002B06D011
:10D2C000039B5B78019A19460548FFF709FD002387
:10D2D000184605B05DF804FBF807002090CC02006A
:10D2E0000090024008B5174B1B79002B04D116495A
:10D2F0004FF4BE70F9F722FB1448FFF76DFD0346AB
:10D30000002B04D0012201211048FFF775FD2920D0
:10D31000FFF7E8FA01210D48FFF742FB10210B4807
:10D32000FFF706FB0948FFF74FFB4FF480710748F2
:10D33000FFF70CFBFFF7BCFE024B00221A7100BF87
:10D3400008BD00BFF807002090CC0200009002400A
:10D3500000B585B0039002910192194B1B79002B07
:10D3600004D118494FF4CB70F9F7E8FA039B002B6E
:10D3700004D1144940F29710F9F7E0FA0398FFF747
:10D3800067FA034683F00103DBB2002B08D1039850
:10D39000FFF76CFA034683F00103DBB2002B01D0E8
:10D3A000102309E0019B029A03990748FFF7F4FB59
:10D3B0000820FFF7D1FD0346184605B05DF804FBD1
:10D3C000F807002090CC02000090024000B585B024
:10D3D000039002910192194B1B79002B04D118493B
:10D3E0004FF4D370F9F7AAFA039B002B04D1144928
:10D3F00040F2A710F9F7A2FA0398FFF729FA0346BB
:10D4000083F00103DBB2002B08D10398FFF72EFA5B
:10D41000034683F00103DBB2002B01D0102309E0A7
:10D42000019B029A03990748FFF7CAFB0420FFF704
:10D4300093FD0346184605B05DF804FBF80700208D
:10D4400090CC02000090024000B583B003460091EA
:10D450008DF80730114B1B79002B04D1104940F295
:10D46000B510F9F76BFA009B1846FFF7FFF9034672
:10D4700083F00103DBB2002B01D010230AE09DF8FA
:10D4800007301A4600990748FFF7AEFB0C20FFF75C
:10D4900063FD0346184603B05DF804FBF80700205F
:10D4A00090CC02000090024008B54FF480710B4808
:10D4B000FFF75AFA0346002B0ED0094B00225A718F
:10D4C0004FF480710548FFF741FA054B1B68044A89
:10D4D000926811460020984700BF08BD00900240A6
:10D4E000F807002082B003468DF807309DF9073019
:10D4F000002B0CDB9DF8073003F01F0205499DF956
:10D5000007305B09012000FA02F241F8232000BF36
:10D5100002B0704700E100E082B003468DF80730AA
:10D520009DF90730002B13DB9DF8073003F01F0235
:10D5300009499DF907305B09012000FA02F2203306
:10D5400041F82320BFF34F8F00BFBFF36F8F00BFA1
:10D5500000BF02B0704700BF00E100E082B00346A8
:10D560008DF807309DF90730002B0DDB9DF8073053
:10D5700003F01F0206499DF907305B09012000FAFC
:10D5800002F2403341F8232000BF02B0704700BFD1
:10D5900000E100E082B003468DF807309DF90730C6
:10D5A000002B0DDB9DF8073003F01F0206499DF9A3
:10D5B00007305B09012000FA02F2603341F82320B2
:10D5C00000BF02B0704700BF00E100E082B0034638
:10D5D00000918DF807309DF90730002B0ADB009B86
:10D5E000DAB20C499DF907305201D2B20B4483F8EC
:10D5F00000230BE0009BDAB207499DF8073003F0E7
:10D600000F03043B5201D2B20B441A7600BF02B0A2
:10D61000704700BF00E100E000ED00E082B0019043
:10D62000019B03F06043B3F1005F0CBF01230023B3
:10D63000DBB2184602B0704782B00190019B9A009D
:10D64000024B1B681344184602B0704740CE0200DC
:10D6500000B583B003460A468DF8073013468DF8AF
:10D6600006309DF80630072B03D908496B20F9F7DF
:10D6700065F99DF806209DF9073011461846FFF719
:10D68000A5FF00BF03B05DF804FB00BF08CD02009A
:10D6900000B583B003468DF807309DF90730184672
:10D6A000FFF720FF00BF03B05DF804FB82B0034624
:10D6B0008DF807300F4A9DF90730002B00DA1F3331
:10D6C0005B115BB252F823209DF90730594203F0F9
:10D6D0001F0301F01F0158BF4B425BB222FA03F354
:10D6E00003F00103002B14BF01230023DBB2184613
:10D6F00002B0704700E100E000B583B003468DF84A
:10D7000007309DF907301846FFF706FF00BF03B04A
:10D710005DF804FB00B583B003468DF807309DF932
:10D7200007301846FFF71AFF00BF03B05DF804FB8F
:10D7300000B583B003468DF807309DF907301846D1
:10D74000FFF728FF00BF03B05DF804FB82B0019033
:10D75000019B03F1804303F51C33184602B0704768
:10D7600082B00190019B03F1804303F51C331846FE
:10D7700002B0704700B583B003468DF807309DF8BE
:10D7800007301846FFF7E2FF034601221A60BFF395
:10D790006F8F00BFBFF34F8F00BF00BF03B05DF8B6
:10D7A00004FB00B583B00346ADF80630BDF8063083
:10D7B0001846FFF7CBFF034600221A60BFF36F8FB6
:10D7C00000BFBFF34F8F00BF00BF03B05DF804FB85
:10D7D00000B583B00346ADF80630BDF806301846F4
:10D7E000FFF7BEFF03461B68002B14BF0123002375
:10D7F000DBB2184603B05DF804FB00B585B0034604
:10D80000ADF80630BDF806301846FFF7E1FF0346D5
:10D810008DF80F309DF80F30002B04D0BDF8063086
:10D820001846FFF7BEFF9DF80F30184605B05DF8AB
:10D8300004FB000082B00190034A019BC2F804334C
:10D8400000BF02B0704700BF00700240024BD3F827
:10D8500004331846704700BF0070024082B0019048
:10D86000034A019BC2F8083300BF02B0704700BFF3
:10D8700000700240054B0122C3F80025BFF36F8FF3
:10D8800000BFBFF34F8F00BF00BF70470070024062
:10D89000054B0022C3F80025BFF36F8F00BFBFF315
:10D8A0004F8F00BF00BF704700700240024BD3F89B
:10D8B00000341846704700BF0070024082B00190EB
:10D8C000064A019BC2F80034BFF36F8F00BFBFF35D
:10D8D0004F8F00BF00BF02B0704700BF0070024012
:10D8E00000B583B0FFF7E2FF01900198FFF7E6FF74
:10D8F000BFF36F8F00BFBFF34F8F00BF019B184670
:10D9000003B05DF804FB000000B585B003468DF858
:10D9100007309DF8073003F00F038DF80F309DF9A5
:10D920000730002B10DA9DF80F30072B04D911496E
:10D930004FF48160F9F702F80F4A9DF80F3003F5B4
:10D94000847352F8233010E09DF80F30072B04D970
:10D95000084940F20D40F8F7F1FF074A9DF80F30F3
:10D9600003F588739B0013445B68184605B05DF8A7
:10D9700004FB00BF2CCD02000070024000B583B054
:10D9800003468DF807309DF8073003F00803002B9D
:10D9900001D000230AE09DF807301846FFF7B4FFD6
:10D9A0000346012B0CBF01230023DBB2184603B052
:10D9B0005DF804FB024BD3F86C341846704700BF87
:10D9C0000070024082B00190064A019BC2F86C349C
:10D9D000BFF36F8F00BFBFF34F8F00BF00BF02B018
:10D9E000704700BF0070024000B583B0FFF7E2FF50
:10D9F00001900198FFF7E6FF019B184603B05DF820
:10DA000004FB0000024BD3F88034DBB218467047A9
:10DA100000700240024BD3F88434DBB218467047E2
:10DA20000070024082B0094BD3F88834ADF806305C
:10DA3000064BD3F88C349BB21B029AB2BDF8063069
:10DA400013439BB2184602B0704700BF00700240FB
:10DA500082B0094BD3F89034ADF80630064BD3F8BA
:10DA600094349BB21B029AB2BDF8063013439BB2AA
:10DA7000184602B0704700BF0070024082B0094BE8
:10DA8000D3F89834ADF80630064BD3F89C349BB2EB
:10DA90001B029AB2BDF8063013439BB2184602B07F
:10DAA000704700BF0070024000B585B003468DF896
:10DAB00007309DF90730002B05DA9DF8073003F099
:10DAC0000F03082B0EDD9DF90730002B05DB9DF8B9
:10DAD000073003F00F03082B04DD1C4940F25F40C0
:10DAE000F8F72CFF9DF90730002B04DA17494FF4A3
:10DAF0008C60F8F723FF9DF8073003F00803002B34
:10DB00000CD0134BD3F8C0340393039B03F480333E
:10DB1000002B01D000230393039B13E09DF80730F3
:10DB200003F00803002B04D0084940F26B40F8F7DB
:10DB300005FF074A9DF8073003F00F0303F59473C0
:10DB400052F82330184605B05DF804FB2CCD0200D6
:10DB50000070024000B585B003468DF807309DF98E
:10DB60000730002B05DA9DF8073003F00F03082B70
:10DB70000EDD9DF90730002B05DB9DF8073003F023
:10DB80000F03082B04DD184940F27140F8F7D6FE68
:10DB90009DF90730002B04DA134940F27240F8F780
:10DBA000CDFE9DF8073003F00803002B04D10E4989
:10DBB00040F27340F8F7C2FE0C4BD3F8C034039325
:10DBC000039B002B03D14FF0FF33039306E0039B2D
:10DBD00003F48033002B01D000230393039B1846EA
:10DBE00005B05DF804FB00BF2CCD020000700240C0
:10DBF00000B583B003468DF807309DF90730002B40
:10DC000005DB9DF8073003F00803002B04D00C4916
:10DC100040F28340F8F792FE0A4A9DF8073003F07D
:10DC20000F0303F59473002142F82310BFF36F8FA5
:10DC300000BFBFF34F8F00BF00BF03B05DF804FB10
:10DC40002CCD020000700240054B0122C3F80425D0
:10DC5000BFF36F8F00BFBFF34F8F00BF00BF704790
:10DC600000700240054B0022C3F80425BFF36F8FFC
:10DC700000BFBFF34F8F00BF00BF7047007002406E
:10DC800082B003468DF80730034A9DF80730C2F88A
:10DC9000083500BF02B070470070024000B583B085
:10DCA00003460A468DF8073013468DF806309DF975
:10DCB0000730002B05DA9DF8073003F00F03082B1F
:10DCC0000EDD9DF90730002B05DB9DF8073003F0D2
:10DCD0000F03082B04DD154940F2A340F8F72EFE90
:10DCE0009DF8073003F00803002B04D00F4940F2E1
:10DCF000A440F8F723FE0E4A9DF80730C2F80C3511
:10DD0000BFF34F8F00BF9DF807209DF806301B0220
:10DD10001A43074BC3F80C25BFF36F8F00BFBFF347
:10DD20004F8F00BF00BF03B05DF804FB2CCD020095
:10DD30000070024000B585B003468DF807309DF9AC
:10DD40000730002B05DA9DF8073003F00F03082B8E
:10DD50000EDD9DF90730002B05DB9DF8073003F041
:10DD60000F03082B04DD184940F2B740F8F7E6FD31
:10DD70009DF8073003F00F038DF80F309DF9073041
:10DD8000002B0EDA114BD3F810259DF80F3022FA34
:10DD900003F303F00103002B14BF01230023DBB2C4
:10DDA0000DE00A4BD3F814259DF80F3022FA03F347
:10DDB00003F00103002B14BF01230023DBB218463C
:10DDC00005B05DF804FB00BF2CCD020000700240DE
:10DDD00000B585B003468DF807309DF90730002B5C
:10DDE00005DA9DF8073003F00F03082B0EDD9DF9CF
:10DDF0000730002B05DB9DF8073003F00F03082BDD
:10DE000004DD194940F2C640F8F798FD9DF8073047
:10DE100003F00F038DF80F309DF90730002B0CDA5B
:10DE2000124BD3F810259DF80F30012101FA03F3AE
:10DE30000E491343C1F810350BE00C4BD3F81425F1
:10DE40009DF80F30012101FA03F308491343C1F88B
:10DE50001435BFF36F8F00BFBFF34F8F00BF00BFFC
:10DE600005B05DF804FB00BF2CCD0200007002403D
:10DE700000B585B003468DF807309DF90730002BBB
:10DE800005DA9DF8073003F00F03082B0EDD9DF92E
:10DE90000730002B05DB9DF8073003F00F03082B3C
:10DEA00004DD1A4940F2D740F8F748FD9DF80730E5
:10DEB00003F00F038DF80F309DF90730002B0DDABA
:10DEC000134BD3F810259DF80F30012101FA03F30D
:10DED000DB430F491340C1F810350CE00C4BD3F86D
:10DEE00014259DF80F30012101FA03F3DB430849A3
:10DEF0001340C1F81435BFF36F8F00BFBFF34F8FCE
:10DF000000BF00BF05B05DF804FB00BF2CCD0200D0
:10DF10000070024000B583B003468DF807309DF8CD
:10DF2000073003F00803002B04D00B494FF49E6028
:10DF3000F8F704FD9DF80730084A43F48073C2F8EF
:10DF40001835BFF36F8F00BFBFF34F8F00BF00BF07
:10DF500003B05DF804FB00BF2CCD0200007002404E
:10DF600000B583B003468DF807309DF8073003F005
:10DF70000803002B04D00A494FF49F60F8F7DEFC39
:10DF8000084A9DF80730C2F81835BFF36F8F00BFFD
:10DF9000BFF34F8F00BF00BF03B05DF804FB00BFAD
:10DFA0002CCD02000070024082B003468DF807308D
:10DFB000034A9DF80730C2F81C3500BF02B0704715
:10DFC00000700240024BD3F81C35DBB21846704794
:10DFD00000700240024BD3F820351846704700BF4E
:10DFE00000700240024B0122C3F82C2500BF70478D
:10DFF00000700240024B0022C3F82C2500BF70477E
:10E0000000700240044BD3F82C35002B14BF0123C1
:10E010000023DBB2184670470070024082B003460E
:10E020008DF80730034A9DF80730C2F8303500BF3D
:10E0300002B070470070024000B587B003460291FD
:10E0400001928DF80F309DF90F30002B36DA9DF8D4
:10E050000F3003F00803002B08D0354A029BC2F8AA
:10E06000A036334A019BC2F8A4365DE09DF80F301C
:10E0700003F00F038DF816309DF81630072B04D9E6
:10E080002C4940F23450F8F759FC29499DF81620E4
:10E0900013469B0013449B000B4403F5C063029A94
:10E0A0001A6023499DF8162013469B0013449B00D9
:10E0B0000B4403F20463019A1A6035E09DF80F30B7
:10E0C00003F00803002B08D0194A029BC2F8A037BE
:10E0D000174A019BC2F8A43726E09DF80F3003F0E1
:10E0E0000F038DF817309DF81730072B04D911490D
:10E0F00040F24350F8F722FC0D499DF817201346D3
:10E100009B0013449B000B4403F5E063029A1A60E2
:10E1100007499DF8172013469B0013449B000B44AE
:10E1200003F20473019A1A6000BF07B05DF804FBA4
:10E13000007002402CCD020082B0164B1B68019388
:10E14000154B1B680093019B082B1FD1009B052BCF
:10E150001AD801A252F823F071E1000075E1000025
:10E1600079E100007DE1000081E1000085E100002F
:10E1700001230CE001230AE0012308E0012306E06B
:10E18000012304E0012302E0012300E000231846FC
:10E1900002B07047300100103401001082B0164BFD
:10E1A0001B680193154B1B680093019B082B1FD123
:10E1B000009B052B1AD801A252F823F0D5E10000EC
:10E1C000D9E10000DDE10000E1E10000E5E100004F
:10E1D000E9E1000001230CE001230AE0012308E04B
:10E1E000012306E0012304E0012302E0012300E013
:10E1F0000023184602B070473001001034010010AF
:10E2000082B0164B1B680193154B1B680093019B52
:10E21000082B1FD1009B052B1AD801A252F823F01E
:10E2200039E200003DE2000041E2000045E200006A
:10E2300049E200004DE2000000230CE001230AE067
:10E24000012308E0012306E0012304E0012302E0AA
:10E25000012300E00023184602B07047300100108F
:10E260003401001082B0164B1B680193154B1B68DC
:10E270000093019B082B1FD1009B052B1AD801A2EC
:10E2800052F823F09DE20000A1E20000A5E20000A8
:10E29000A9E20000ADE20000B1E2000001230CE0C1
:10E2A00001230AE0012308E0012306E0012304E042
:10E2B000012302E0012300E00023184602B070476A
:10E2C000300100103401001000231846704708B5D3
:10E2D000FFF732FF0346184608BD08B5FFF75EFF9B
:10E2E0000346184608BD08B5FFF78AFF03461846DF
:10E2F00008BD08B5FFF7B6FF0346184608BD08B5C8
:10E30000FFF7E2FF0346184608BD000000B583B0E2
:10E3100003468DF807309DF90730002B05DA9DF88C
:10E32000073003F00F03082B0EDD9DF90730002B9B
:10E3300005DB9DF8073003F00F03082B04DD0B49C4
:10E340004FF4B970F8F7FAFA9DF90730002B01DAAB
:10E35000074A00E0074A9DF8073003F00F035B000F
:10E3600013441B88184603B05DF804FB50CD02002F
:10E3700018CE02002CCE020000B583B003468DF803
:10E3800007309DF90730002B05DA9DF8073003F0C0
:10E390000F03082B0EDD9DF90730002B05DB9DF8E0
:10E3A000073003F00F03082B04DD0C4940F29B10EB
:10E3B000F8F7C4FA9DF90730002B01DA084A00E0AB
:10E3C000084A9DF8073003F00F0313441B781A46E0
:10E3D00001239340184603B05DF804FB50CD0200C2
:10E3E00044CE020050CE020000B587B003900291E7
:10E3F00001920093029B0493019A009B9A4204D2DB
:10E4000024494FF4E970F8F799FA049B1B68002B34
:10E410000CD0049B1B681846FFF700F90346002B3D
:10E4200004D11C4940F2D310F8F788FA049B5B68CA
:10E430000593059A009B9A4207D2039B00225A60DB
:10E44000039B049A12681A6013E0039B009A5A60B7
:10E45000039B049A12681A60059A009BD31A0593CD
:10E46000049B059A5A60049B1A68009B1A44049BFB
:10E470001A60019A009B9A4204D1059B002B01D09F
:10E48000012300E0002303F00103DBB2184607B0CC
:10E490005DF804FB50CD020000B587B003900291F7
:10E4A0000192029B0493049B1B681846FFF7B6F881
:10E4B0000346002B04D1164940F2F910F8F73EFA52
:10E4C000049B5B680593059A019B9A4201D9019BC5
:10E4D0000593039B049A12681A60039B059A5A607D
:10E4E000049B5A68059BD21A049B5A60049B1A68C5
:10E4F000059B1A44049B1A60049B5B68002B14BFA5
:10E5000001230023DBB2184607B05DF804FB00BF0F
:10E5100050CD020000B587B0039002910192029B9A
:10E520000493049B1B681846FFF778F80346002BFA
:10E5300004D1184940F21A20F8F700FA049B5B68EE
:10E540000593059A019B9A4201D9019B0593059B6E
:10E55000002B02D0049B1B6800E00023039A136089
:10E56000039B059A5A60049B5A68059BD21A049B28
:10E570005A60049B1A68059B1A44049B1A60059B09
:10E58000002B14BF01230023DBB2184607B05DF84F
:10E5900004FB00BF50CD020000B589B0039002918A
:10E5A0000192029B0693069B1B681846FFF736F8FC
:10E5B000034683F00103DBB2002B04D11E494FF464
:10E5C0000E70F8F7BBF9069B5B68079301F0B0FD8E
:10E5D0000590079A019B9A4201D9019B0793079BDB
:10E5E000402B04D9144940F24220F8F7A7F9069BC2
:10E5F0001B68079A194605981CF08EF9039B059A2B
:10E600001A60039B079A5A60069B5A68079BD21AA6
:10E61000069B5A60069B1A68079B1A44069B1A6061
:10E62000069B5B68002B14BF01230023DBB2184656
:10E6300009B05DF804FB00BF50CD020000B589B001
:10E64000039002910192029B0693069B1B68184659
:10E65000FEF7E4FF034683F00103DBB2002B04D195
:10E66000214940F25B20F8F769F9069B5B68079344
:10E6700001F05EFD0590079A019B9A4201D9019B2A
:10E680000793079B402B04D9174940F26520F8F700
:10E6900055F9079B002B0AD0069B1B68079A194661
:10E6A00005981CF039F9039B059A1A6002E0039B58
:10E6B00000221A60039B079A5A60069B5A68079BC0
:10E6C000D21A069B5A60069B1A68079B1A44069B3F
:10E6D0001A60079B002B14BF01230023DBB21846EE
:10E6E00009B05DF804FB00BF50CD020000B583B057
:10E6F00003468DF807309DF90730002B05DA9DF8A9
:10E70000073003F00F03082B0EDD9DF90730002BB7
:10E7100005DB9DF8073003F00F03082B04DD0549E6
:10E7200040F28520F8F70AF99DF80730184603B043
:10E730005DF804FB50CD020000B583B003468DF8B0
:10E7400007309DF90730002B05DA9DF8073003F0FC
:10E750000F03082B0EDD9DF90730002B05DB9DF81C
:10E76000073003F00F03082B04DD0C4940F2922020
:10E77000F8F7E4F89DF90730002B01DA042200E0F5
:10E7800028229DF8073003F00F03DBB29B00DBB2B9
:10E790001344DBB2184603B05DF804FB50CD020011
:10E7A00000B583B003468DF807309DF90730002B84
:10E7B00005DA9DF8073003F00F03082B0EDD9DF9F5
:10E7C0000730002B05DB9DF8073003F00F03082B03
:10E7D00004DD0B4940F2A220F8F7B0F89DF90730AC
:10E7E000002B01DA074A00E0074A9DF8073003F0E2
:10E7F0000F031B011344184603B05DF804FB00BF70
:10E8000050CD0200AC0800201C08002000B583B0E9
:10E8100003468DF807309DF90730002B05DA9DF887
:10E82000073003F00F03082B0EDD9DF90730002B96
:10E8300005DB9DF8073003F00F03082B04DD0B49BF
:10E8400040F2B520F8F77AF89DF90730002B01DA8D
:10E85000002200E010229DF8073003F00F03DBB226
:10E860001344DBB2184603B05DF804FB50CD020040
:10E8700082B003468DF807309DF807300F2B04D97E
:10E880009DF80730103BDBB204E09DF8073063F0E1
:10E890007F03DBB2184602B07047000008B5FFF7EF
:10E8A00028FD0346002B02D0034B82221A60034B43
:10E8B00001221A7000BF08BD1C7C0240180800200D
:10E8C00008B5FFF716FD0346002B02D0034B0022CC
:10E8D0001A60034B00221A7000BF08BD1C7C024066
:10E8E0001808002000B583B003468DF807309DF866
:10E8F00007301846FFF720FF03461846FEF73AFF99
:10E9000000BF03B05DF804FB00B583B003468DF88B
:10E9100007309DF807301846FFF780FB00BF03B0B3
:10E920005DF804FB10B586B003468DF80730002073
:10E93000F7F72EFF9DF807301846FFF731FF0590D7
:10E940009DF90730002B39DB614B1B68DC439DF8D8
:10E9500007301846FFF75AFF03461A460123934033
:10E960002340002B05D09DF80730184601F0B8FC75
:10E9700020E0059B00221A609DF807301846FFF73B
:10E9800045FF03461A4601239340DA43504B1B6868
:10E9900013404F4A13609DF807301846FFF736FFC3
:10E9A00003461A4601239340DA434A4B1B6813403F
:10E9B000484A1360059B03229A7383E09DF8073051
:10E9C00003F00803002B37D19DF80730802B1CD0B3
:10E9D0009DF8073003F00F0303F2DA333E4A5B0081
:10E9E00013603E4B1B688DF812309DF8123043F0D7
:10E9F00002038DF81230394B1A689DF812303749EE
:10EA000013430B60354B1B6816E0334B40F2B47276
:10EA10001A60324B1B688DF813309DF8133043F0A9
:10EA200004038DF813302D4B1A689DF813302B49D1
:10EA300013430B60294B1B68264B1B68DA43244B9E
:10EA40001B6842EA03049DF807301846FFF7DEFE14
:10EA500003461A46012393402340002B32D09DF8F1
:10EA600007301846FFF7D2FE03461A4601239340AB
:10EA7000DA43174B1B681340154A13609DF80730A3
:10EA80001846FFF7C3FE03461A46012303FA02F2B3
:10EA9000104B1B6813430F4A1360059B00221A603A
:10EAA000059B03229A7306238DF80C309DF80730DE
:10EAB0008DF80E3003238DF80F30094B1B6803AA25
:10EAC000104698470020F7F777FE00BF06B010BD4C
:10EAD000140800201008002000780240047802404A
:10EAE0000808002000B583B003468DF807309DF874
:10EAF00007301846FFF716FF00BF03B05DF804FBB0
:10EB000000B587B0214B1B681B0C1B04204A126800
:10EB1000134305932EE0059B0293029B93FAA3F304
:10EB20000193019B0393039B002B01D1202303E05E
:10EB3000039BB3FA83F3DBB28DF813309DF81330E7
:10EB40001846FFF795FE034603F00803002B08D193
:10EB50009DF813301846FFF78BFE03461846FFF763
:10EB6000E1FE9DF81330012202FA03F3DB43059A1C
:10EB700013400593059B002BCDD1044B40F2FF12AF
:10EB80001A6000BF07B05DF804FB00BF100800204A
:10EB90001408002008B52720FEF7BCFD00BF08BD03
:10EBA00000B583B0094B00221A70094B00221A707D
:10EBB0000023019301238DF80430064B1B6801AA42
:10EBC0001046984700BF03B05DF804FB0C08002016
:10EBD0000D0800200808002000BF704700B583B072
:10EBE00080238DF80730FFF76BFE9DF8073018463D
:10EBF000FFF7D6FD0090009B9B7B032B0ED19DF869
:10EC000007301846FFF702FE03461A4601239340D9
:10EC1000DB4319460C48FBF747FE11E0009B1B68DD
:10EC2000002B0DD19DF807301846FFF7EFFD034686
:10EC30001A4601239340DB4319460348FBF734FE91
:10EC400000BF03B05DF804FB1408002000B585B0D8
:10EC500003468DF807309DF90730002B04DB264969
:10EC600040F2B630F7F76AFE9DF8073003F008036C
:10EC7000002B04D0204940F2B730F7F75FFE9DF833
:10EC8000073003F00F03002B04DC1B494FF46E70B8
:10EC9000F7F754FEFFF714FE9DF807301846FFF70C
:10ECA0007FFD0390039B9B7B032B0ED19DF80730C8
:10ECB0001846FFF7ABFD03461A4601239340DB439A
:10ECC00019460E48FBF7F0FD11E0039B1B68002B73
:10ECD0000DD19DF807301846FFF798FD03461A46F8
:10ECE00001239340DB4319460448FBF7DDFD00BFD9
:10ECF00005B05DF804FB00BF50CD020014080020F1
:10ED000000B585B003468DF807309DF90730002B1C
:10ED100004DB28494FF47570F7F710FE9DF80730B3
:10ED200003F00803002B04D1224940F2D530F7F755
:10ED300005FEFFF7C5FD9DF807301846FFF730FDCB
:10ED40000390039B9B7B032B0ED19DF80730184645
:10ED5000FFF75CFD03461A4601239340DB43194647
:10ED60001548FBF7A1FD20E0039B1B68002B1CD17D
:10ED70009DF807301846FFF749FD03461A46012360
:10ED80009340DB4319460C48FBF78EFD06238DF8B4
:10ED900008309DF807308DF80A3000238DF80B30CD
:10EDA000064B1B6802AA1046984700BF05B05DF8E5
:10EDB00004FB00BF50CD020014080020080800200A
:10EDC00000B585B000238DF80F30FFF779FD9DF871
:10EDD0000F301846FFF7E4FC0290029B9B7B032B4D
:10EDE0000ED19DF80F301846FFF710FD03461A4666
:10EDF00001239340DB4319461548FBF755FD23E0FB
:10EE0000029B1B68002B1DD19DF80F301846FFF7A1
:10EE1000FDFC03461A4601239340DB4319460C4888
:10EE2000FBF742FD06238DF804309DF80F308DF876
:10EE3000063000238DF80730064B1B6801AA1046E8
:10EE4000984701E001F034FA00BF05B05DF804FB1B
:10EE5000140800200808002000B585B003468DF88E
:10EE600007309DF90730002B04DA2E4940F2144098
:10EE7000F7F764FD9DF8073003F00803002B04D07A
:10EE8000284940F21540F7F759FD9DF8073003F087
:10EE90000F03002B04DC234940F21640F7F74EFD28
:10EEA000FFF70EFD9DF807301846FFF779FC039039
:10EEB000039B9B7B032B0ED19DF807301846FFF771
:10EEC000A5FC03461A4601239340DB431946164826
:10EED000FBF7EAFC20E0039B1B68002B1CD19DF88C
:10EEE00007301846FFF792FC03461A460123934069
:10EEF000DB4319460C48FBF7D7FC06238DF8083096
:10EF00009DF807308DF80A3000238DF80B30074B41
:10EF10001B6802AA1046984700F096FA00BF05B099
:10EF20005DF804FB50CD0200140800200808002002
:10EF300000B585B003468DF807309DF8073003F023
:10EF40000803002B04D11B4940F23A40F7F7F6FCC6
:10EF5000FFF7B6FC9DF807301846FFF721FC039039
:10EF6000039B9B7B032B20D0039B1B68002B1CD196
:10EF70009DF807301846FFF749FC03461A4601235F
:10EF80009340DB4319460C48FBF78EFC06238DF8B3
:10EF900008309DF807308DF80A3000238DF80B30CB
:10EFA000064B1B6802AA1046984700BF05B05DF8E3
:10EFB00004FB00BF50CD0200140800200808002008
:10EFC00008B5FFF70BFE00BF08BD08B58120FFF7AD
:10EFD0003DFE00BF08BD08B58220FFF737FE00BF29
:10EFE00008BD08B58320FFF731FE00BF08BD08B596
:10EFF0008420FFF72BFE00BF08BD08B58520FFF772
:10F0000025FE00BF08BD08B58620FFF71FFE00BF24
:10F0100008BD08B58720FFF719FE00BF08BD08B579
:10F020008820FFF76DFE00BF08BD08B5FFF7C8FEDA
:10F0300000BF08BD08B50120FFF70EFF00BF08BDE7
:10F0400008B50220FFF708FF00BF08BD08B5032080
:10F05000FFF702FF00BF08BD08B50420FFF7FCFE64
:10F0600000BF08BD08B50520FFF7F6FE00BF08BDCC
:10F0700008B50620FFF7F0FE00BF08BD08B5072061
:10F08000FFF7EAFE00BF08BD08B50820FFF750FFF4
:10F0900000BF08BD00B583B000238DF80030FEF737
:10F0A00099FF03469BB2ADF802308820FFF7AEFB14
:10F0B00003461A460123934001930820FEF74AFDB8
:10F0C0000346B3F1FF3F09D00820FFF79FFB03463B
:10F0D0001A4601239340019A13430193074B1A6880
:10F0E000019B1343054A1360054B1B686A46104693
:10F0F000984700BF03B05DF804FB00BF1008002074
:10F100000808002000B585B003460A468DF8073090
:10F1100013468DF806309DF8063001229A402B4B9D
:10F120001B681343294A13609DF90730002B30DA1E
:10F130009DF807301846FFF7E9F803461846FEF732
:10F140005CFB0346002B0BD09DF80730802B05D0CD
:10F150009DF807301846FFF779FD01E0FFF73EFD07
:10F160009DF8063001229A40194B1B681340002B72
:10F1700027D106238DF80C309DF807308DF80E301E
:10F1800000238DF80F30134B1B6803AA10469847D5
:10F1900017E09DF8063001229A400D4B1B68134082
:10F1A000002B0ED106238DF808309DF807308DF81E
:10F1B0000A3001238DF80B30064B1B6802AA10465B
:10F1C000984700BF05B05DF804FB00BF10080020A1
:10F1D000140800200808002010B5074B1C78064BC7
:10F1E0001B781846FFF712FB034619462046FFF727
:10F1F00089FF00BF10BD00BF0D08002010B582B010
:10F20000FEF700FC03468DF80730284B1B68DB43F4
:10F210009AB2274B1B6842EA0304264B1B78184618
:10F22000FFF7F4FA03461A46012393402340002BCC
:10F2300004D0204B1B781846FFF774FB9DF907306C
:10F24000002B01DB002200E080221A4B1A70002004
:10F25000FFF7DCFA03461A46012303FA02F4802082
:10F26000FFF7D4FA03461A46012393402343DB43B6
:10F2700019460F48FBF718FB8020FFF7C7FA034633
:10F280001A46012303FA02F2084B1B681343074A8C
:10F2900013600023009305238DF80030064B1B6894
:10F2A0006A461046984700BF02B010BD1008002003
:10F2B000140800200D0800200808002000B585B0C3
:10F2C000FEF70EFB0390039B03F48073002B0CD01E
:10F2D000264B01221A700023029302238DF8083076
:10F2E000234B1B6802AA10469847039B03F4007344
:10F2F000002B0CD01D4B00221A7000230193032316
:10F300008DF804301A4B1B6801AA10469847039BDE
:10F3100003F48063002B24D0144B1B78DBB2002B4A
:10F320001FD0FEF76FFE034683F00103DBB2002B14
:10F3300004D1104940F2F540F7F700FB0B4B0022D7
:10F340001A700120FEF79CFC5820FEF713FA0023E8
:10F35000009304238DF80030054B1B686A46104665
:10F36000984700BF05B05DF804FB00BF0C08002003
:10F370000808002050CD020000B587B0FEF734FB2E
:10F3800005902BE0059B0293029B93FAA3F3019354
:10F39000019B0393039B002B01D1202303E0039BDC
:10F3A000B3FA83F3DBB28DF813309DF813301846AF
:10F3B000FFF75EFA03468DF812309DF813300122F4
:10F3C00002FA03F3DB43059A134005939DF81320DB
:10F3D0009DF8123011461846FFF794FE059B002B4E
:10F3E000D0D100F031F800BF07B05DF804FB86B063
:10F3F0000190019B0493049B93FAA3F30393039B53
:10F400000593059B002B01D1202303E0059BB3FA54
:10F4100083F3DBB2184606B0704700B585B00346EB
:10F420008DF80730FEF7CEFD03468DF80F309DF8BE
:10F430000F30802B02D14FF4007301E04FF4806352
:10F44000184605B05DF804FB10B58AB0754B1B7803
:10F4500083F00103DBB2002B00F0E180D3E0089BD6
:10F4600003F00123002B09D0089B03F00123184669
:10F47000FFF7BDFF03468DF8273005E00898FFF73A
:10F48000B6FF03468DF827309DF827301846FFF762
:10F49000EFF903468DF81F309DF81F301846FFF72F
:10F4A0007FF90690069B1B68002B04D15E4940F251
:10F4B0006150F7F743FA9DF91F30002B15DA069BD0
:10F4C0001B68069A5168069A928902A898470346D3
:10F4D0008DF813309DF8133083F00103DBB2002B5D
:10F4E00056D0069B00221A6052E09DF81F30184645
:10F4F00000F04AFE0590069B1C68069B5968069B17
:10F500009B891A4602A8059BA04703468DF8133035
:10F51000029B002B08D1039B002B2FD0424940F2C5
:10F520007D50F7F70BFA29E0039B059A9A421CD904
:10F53000069B02229A739DF82730012202FA03F3F8
:10F54000DB4319463948FBF7AFF906238DF8043041
:10F550009DF81F308DF8063002238DF80730344BAC
:10F560001B6801AA104698474DE0039B059A9A42F2
:10F5700004D02D4940F28C50F7F7E0F99DF8133094
:10F5800083F00103DBB2002B02D0069B00221A603D
:10F59000FFF784F99DF82730012202FA03F3DA43DA
:10F5A000244B1B681340234A1360069B9A68039BF5
:10F5B0001A44069B9A600299039A9DF81F301846D8
:10F5C000FEF73AFD9DF81F301846FFF78BF900BF94
:10F5D0009DF81F301846FEF799FE03461846FEF7C1
:10F5E000F7F8034683F00103DBB2002B16D04FF48B
:10F5F0008070FEF7EDF8034683F00103DBB2002BC9
:10F60000E6D100BF0BE0094B1A680A4B1B68134098
:10F610000893089B002B7FF422AF00E000BF00BFDF
:10F620000AB010BD1808002050CD020014080020B8
:10F63000080800201008002010B582B00346ADF87D
:10F64000063000BFBDF80640FEF730F90346234000
:10F65000002BF7D0BDF806301846FEF72FF900BF93
:10F6600002B010BD08B50020F7F792F80B4B1B68ED
:10F67000002B0BD1094B49F275321A60084BC0229E
:10F680001A60064B49F275321A6002E0044BC02240
:10F690001A600020F7F790F800BF08BD00EC0640A4
:10F6A00014EC064008B50020F7F772F80B4B1B6806
:10F6B000002B0BD1094B49F275321A60084B00221E
:10F6C0001A60064B49F275321A6002E0044B0022C0
:10F6D0001A600020F7F770F800BF08BD00EC064084
:10F6E00014EC064008B50020F7F752F80B4B1B68E6
:10F6F000002B0BD1094B49F275321A60084B0322DB
:10F700001A60064B49F275321A6002E0044B03227C
:10F710001A600020F7F750F800BF08BD00EC064063
:10F7200014ED064008B50020F7F732F80B4B1B68C4
:10F73000002B0BD1094B49F275321A60084B00229D
:10F740001A60064B49F275321A6002E0044B00223F
:10F750001A600020F7F730F800BF08BD00EC064043
:10F7600014ED064008B5FEF7BEFD0346002B01D0A0
:10F77000FFF7B8FFFEF7B1FD0346002B01D0FFF7FE
:10F7800071FFFEF777F84FF40060FFF755FFFEF7C3
:10F79000A4FD0346002B01D0FFF784FFFEF7A3FD75
:10F7A0000346002B01D0FFF7BDFF00BF08BD0000DE
:10F7B00000B58BB0FEF74AF80790079B099300232A
:10F7C000089330E0099B0493049B93FAA3F30393FB
:10F7D000039B0593059B002B01D1202303E0059B90
:10F7E000B3FA83F3DBB28DF819309DF8193018465F
:10F7F000FDF722FF03469BB21846FDF7FEFF0346C6
:10F80000002B07D09DF81930012202FA03F3089A61
:10F81000134308939DF81930012202FA03F3DB43E6
:10F82000099A13400993099B002BCBD1089B03F441
:10F830000003002B14BF012300238DF81B30089B0D
:10F8400023F40003089321E0089B0193019B93FAA2
:10F85000A3F30093009B0293029B002B01D1202372
:10F8600003E0029BB3FA83F3DBB28DF81A309DF804
:10F870001A300E4A52F8233098479DF81A30012268
:10F8800002FA03F3DB43089A13400893089B002B0A
:10F89000DAD1FFF7D9FD9DF81B30002B01D0044BC6
:10F8A000984700BF0BB05DF804FB00BFB4CD020069
:10F8B000FDF1000000B587B00190019B002B04D141
:10F8C0003B4940F28560F7F739F83A4B1B78002B3B
:10F8D00001D0082368E0384A019B1360354B0122B0
:10F8E0001A7000238DF8173029E09DF8173063F067
:10F8F0007F038DF80F309DF80F3003F00803002BC5
:10F9000002D04FF4007200E040229DF80F30114603
:10F91000184600F0EDF99DF80F301846FEF740FF4D
:10F920000290029B00229A73029B00221A60029BA3
:10F9300000229A609DF8173001338DF817309DF83A
:10F940001730082BD1D900238DF8173027E09DF808
:10F9500017308DF816309DF8163003F00803002B91
:10F9600002D04FF4007200E040229DF8163011469C
:10F97000184600F0BDF99DF816301846FEF710FF46
:10F980000490049B00229A73049B00221A60049B3B
:10F9900000229A609DF8173001338DF817309DF8DA
:10F9A0001730082BD3D90023184607B05DF804FBA5
:10F9B00050CD0200040800200808002008B5084BBC
:10F9C0001B78012B04D0074940F2AA60F6F7B6FF76
:10F9D000054B00221A60024B00221A7000BF08BDBE
:10F9E0000408002050CD02000808002008B52B4B69
:10F9F0001B78012B04D02A4940F2B360F6F79EFF32
:10FA00004FF40060FDF75AFFFFF7ACFEFEF777FCFE
:10FA10000346002B0AD0234B1B78002B06D0FDF7A2
:10FA200037FFFFF79FFE1F4B00221A70FEF75BFCAB
:10FA30000346002B01D0FFF755FEFEF748FC0346B6
:10FA4000002B0CD0184B40F2E3721A60174B402287
:10FA50001A60BFF36F8F00BFBFF34F8F00BF8020CE
:10FA6000FEF7A2FA0020FEF74FFF114B40F2FF1203
:10FA70001A60104B00221A60FEF722FF0E4B002284
:10FA80001A70064B02221A70FEF72DFC0346002B5B
:10FA900001D0FFF747FE00BF08BD00BF04080020EB
:10FAA00050CD020028000020007802400478024077
:10FAB00010080020140800200D08002008B50D4B88
:10FAC0001B78002B04D10C4940F2F260F6F736FFA8
:10FAD00000F048F8FDF7BAFE03461846FDF7BEFEF3
:10FAE000FDF7D6FEFEF7ECFE024B01221A7000BFB6
:10FAF00008BD00BF0408002050CD020000B585B04D
:10FB000003468DF80730134B1B78022B04D01249A3
:10FB100040F20770F6F712FF104B00221A70104BDC
:10FB200003939DF80730002B03D0039B43F400138D
:10FB300003930398FDF77EFE06212720FDF788FD3D
:10FB40002720FDF7A5FDFEF77FF800BF05B05DF8A3
:10FB500004FB00BF0408002050CD02000C08002068
:10FB60000714C00108B50F4B1B78022B04D00E49B7
:10FB700040F22670F6F7E2FE2720FDF7D9FD272098
:10FB8000FDF794FD0346002B0AD0FEF7B9FFFEF700
:10FB900069F82720FDF7B0FD4FF0FF30FDF75EFE5E
:10FBA00000BF08BD0408002050CD0200044B1B78A4
:10FBB000002B14BF01230023DBB21846704700BF9F
:10FBC00004080020044B1B78012B8CBF0123002369
:10FBD000DBB21846704700BF0408002000B583B0B0
:10FBE00000238DF807300020F6F7D2FD124B1B786A
:10FBF000DBB2002B17D0FEF783FFFDF757FE03465D
:10FC000003F40073002B0ED1FEF7ECF9FDF74EFE66
:10FC1000034603F40073002B02D0FEF7EBF902E079
:10FC200001238DF807300020F6F7C6FD9DF8073058
:10FC3000184603B05DF804FB0C08002000B583B043
:10FC400000238DF807300020F6F7A2FD174B1B7834
:10FC5000DBB2002B21D0FEF7D5F90346002B1CD0D8
:10FC6000FEF7C8F901238DF80730FEF736FB03468F
:10FC7000002B12D00E4B1B68002B0BD10C4B49F202
:10FC800075321A600B4BC0221A60094B49F275326B
:10FC90001A6002E0074BC0221A600020F6F78CFDC4
:10FCA0009DF80730184603B05DF804FB0C080020EF
:10FCB00000EC064014EC064008B5034B1846FDF76F
:10FCC000CDFD00BF08BD00BF0414800108B5034B83
:10FCD0001846FDF7AFFD00BF08BD00BF041480014A
:10FCE000024B00221A7000BF704700BF0C080020B2
:10FCF00010B584B003460A468DF807301346ADF8B8
:10FD00000430BDF8043003F00103002B04D0204977
:10FD100040F29F70F6F712FEBDF80430002B0AD1B6
:10FD20009DF8073003F00803002B04D1184940F276
:10FD3000A170F6F703FE9DF8073003F00803002BCF
:10FD400009D0BDF804409DF807301846FFF765FB61
:10FD500003469C420ED99DF8073003F00803002BA0
:10FD600003D1BDF80430402B04D9094940F2A370F7
:10FD7000F6F7E4FD9DF807301846FEF711FD0390F5
:10FD8000039BBDF804209A8100BF04B010BD00BFE2
:10FD900050CD020000B585B003468DF807309DF8C0
:10FDA00007301846FEF7FCFC0390039B9B8918461E
:10FDB00005B05DF804FB00B583B003468DF807304D
:10FDC0009DF807301846FEF791FC03461846FDF7EC
:10FDD000B1FF0346184603B05DF804FB00B583B0DD
:10FDE00003468DF807309DF807301846FEF7C4FA31
:10FDF00003461846FDF71EFD9DF807301846FDF72F
:10FE000099FF0346002B33D19DF807301846FEF7C3
:10FE10006DFC03461846FDF7DBFF9DF8073003F045
:10FE20000F03002B25D09DF90730002B21DB9DF817
:10FE3000073003F00803002B1BD10020F6F7A8FCC5
:10FE40009DF80730184600F04BFA9DF80730184629
:10FE5000FEF7DCFC03461A4601239340DA43064BC7
:10FE60001B681340044A13600020F6F7A5FC00E06D
:10FE700000BF03B05DF804FB1408002000B583B098
:10FE800003468DF807309DF807301846FEF74AFD07
:10FE90009DF807301846FEF729FC03461846FDF783
:10FEA000E7FF9DF807301846FEF766FA0346184646
:10FEB000FDF7D4FC00BF03B05DF804FB00B587B0CC
:10FEC000034600918DF807309DF807301846FEF77D
:10FED0009DFC03468DF80F30009B002B04D1534945
:10FEE00040F2EE70F6F72AFD0020F6F751FC9DF87F
:10FEF000073003F00F03002B08D14D4B1B789DF802
:10FF000007209A4202D01023059386E0494B1B68D4
:10FF1000DB439AB2484B1B681A439DF80F3001210E
:10FF200001FA03F31340002B02D01123059374E070
:10FF30009DF807301846FEF733FC02909DF9073014
:10FF4000002B2FDA9DF8073003F00F0213465B00F9
:10FF500013449B001A46394B13440493009B1B68BF
:10FF60001846FDF75BFB0346002B0DD0009B9B68FA
:10FF700003F00103002B03D1029B314A1A6031E0E8
:10FF8000029B304A1A602DE0009B9B6803F001033E
:10FF9000002B03D1029B2C4A1A6023E0029B2B4AC0
:10FFA0001A601FE09DF8073003F00F0213465B0054
:10FFB00013449B001A46264B13440493009B1B6872
:10FFC000002B0CD0009B1B681846FDF727FB03464F
:10FFD000002B04D1154940F64800F6F7AFFC029B10
:10FFE0001C4A1A60049B009A07CA83E80700029B18
:10FFF000049A5A60029B00229A60029B00229A7324
:020000021000EC
:100000009DF80F3001229A400B4B1B6813430A4A9C
:10001000136000230593FEF7BDFD0020F6F7CCFB2F
:10002000059B184607B05DF804FB00BF50CD0200E9
:100030000D08002010080020140800203C090020B2
:1000400099E4000015E5000099E500003DE6000098
:10005000A8090020E9E3000000B587B0034600913D
:100060008DF807309DF807301846FEF7CFFB0346A2
:100070008DF81330009B002B04D1294940F65E0017
:10008000F6F75CFC0020F6F783FB9DF8073003F0E1
:100090000F03002B08D1234B1B789DF807209A42B1
:1000A00002D01023059332E01F4B1B68DB439AB24A
:1000B0001E4B1B681A439DF81330012101FA03F30C
:1000C0001340002B02D01123059320E09DF8073048
:1000D0001846FEF765FB0390039B00229A60039B82
:1000E000009A12681A60009B5A68039B5A60039B2F
:1000F00000229A739DF8133001229A400B4B1B6823
:1001000013430A4A136000230593FEF743FD0020C2
:10011000F6F752FB059B184607B05DF804FB00BFDD
:1001200050CD02000D080020100800201408002007
:10013000014B1846704700BF140A002000B585B077
:10014000034600918DF807309DF807301846FEF7FA
:1001500027FB03900020F6F71BFB039B9A68009B8C
:100160001A60039B1B68002B02D1039B9B7B00E062
:1001700004238DF80B300020F6F71EFB9DF80B30A2
:10018000184605B05DF804FB00B583B003468DF852
:1001900007309DF807301846FEF7A8FA03461846C0
:1001A000FDF782FC0346184603B05DF804FB00B57A
:1001B00083B003468DF807309DF807301846FEF7E8
:1001C00095FA03461846FDF7A5FE00BF03B05DF89B
:1001D00004FB00B583B003468DF807309DF9073066
:1001E000002B0CDB9DF80730184600F015F803468D
:1001F000002B04D09DF80730184600F071F89DF8E8
:1002000007301846FEF772FA03461846FDF7A8FEB7
:1002100000BF03B05DF804FB00B583B003468DF862
:1002200007309DF807301846FEF760FA0346184677
:10023000FDF7A4FB0346184603B05DF804FB00B5C8
:1002400083B003468DF807309DF80730012118462A
:10025000FDF724FD00BF03B05DF804FB00B583B0DB
:1002600001900822002101981AF07FFBFDF7CAFBDC
:1002700003461A46019B1A70FDF7CCFB03461A464B
:10028000019B5A70FDF7CEFB03461A46019B5A802C
:10029000FDF7DEFB03461A46019B9A80FDF7EEFB55
:1002A00003461A46019BDA8000BF03B05DF804FBE9
:1002B00008B54C20FDF75EFA00BF08BD08B5502018
:1002C000FDF758FA00BF08BD08B55420FDF752FAF3
:1002D00000BF08BD014B1B78184670470D08002071
:1002E00000B583B003468DF807309DF90730002B29
:1002F00004DA144940F6DF00F6F720FB0020F6F799
:1003000047FA9DF807301846FEF780FA03461A466A
:1003100001239340DA430C4B1B6813400A4A1360D5
:100320009DF8073003F00803002B04D19DF8073037
:100330001846FDF75DFC0020F6F73EFA00BF03B05B
:100340005DF804FB50CD02001008002082B0034687
:100350008DF807309DF80730044A012101FA03F3B4
:10036000C2F8043500BF02B0704700BF00F0014082
:1003700082B003468DF807309DF80730044A01210A
:1003800001FA03F3C2F8083500BF02B0704700BF9E
:1003900000F0014084B00346029101928DF80F30C5
:1003A00008499DF80F30A233029A41F83320054ADC
:1003B0009DF80F30A233DB001344019A5A6000BF4E
:1003C00004B0704700F0014082B003468DF807305A
:1003D0009DF80730012202FA03F3184602B0704775
:1003E00000B583B003468DF807309DF807301846F6
:1003F000FFF7EAFF0346C3F31303002B14BF0123E7
:100400000023DBB2184603B05DF804FB82B0019014
:100410000123184602B0704700B583B003468DF83B
:1004200007309DF807301846FFF7CEFF0346184601
:10043000FFF7ECFF0346184603B05DF804FB00002D
:1004400000B583B003468DF807309DF80730184695
:10045000FFF7BAFF0246064B1B681340002B14BF80
:1004600001230023DBB2184603B05DF804FB00BF94
:10047000540A002000B583B003468DF807309DF87C
:1004800007301846FFF7A0FF0246044B1B681343D2
:10049000024A136000BF03B05DF804FB540A002059
:1004A00000B583B003468DF807309DF80730184635
:1004B000FFF78AFF0346DA43044B1B681340034AE5
:1004C000136000BF03B05DF804FB00BF540A0020B6
:1004D00000B587B001900023059300230393042304
:1004E0000593244B039300238DF8133037E000204D
:1004F000F6F74EF99DF813301846FFF765FF0246F0
:10050000039B1340002B15D09DF813301846FFF7BE
:1005100097FF034683F00103DBB2002B0AD09DF85E
:1005200013301846FFF7A6FF019B9DF813201A70A1
:10053000002305930020F6F73FF9059B002B12D00E
:100540009DF813301846FFF73FFF0346DB43039A3D
:10055000134003939DF8133001338DF81330039B40
:10056000002BC4D100E000BF059B184607B05DF822
:1005700004FB00BFFFFF0F0000B585B003468DF8F8
:100580000730002303939DF807301846FFF728FF34
:10059000034683F00103DBB2002B02D00723039351
:1005A0000FE09DF807301846FFF7E2FE0020F6F74F
:1005B000EFF89DF807301846FFF772FF0020F6F7B6
:1005C000FBF8039B184605B05DF804FB00B587B047
:1005D0000346029101928DF80F30029B002B02D04E
:1005E000019B002B01D10E2325E0002305939DF8EC
:1005F0000F301846FFF7F4FE034683F00103DBB229
:10060000002B02D00723059314E09DF80F30184605
:10061000FFF716FF034683F00103DBB2002B02D085
:100620000823059306E09DF80F30019A02991846B9
:10063000FFF7B0FE059B184607B05DF804FB00B558
:1006400085B003468DF80730002303939DF80730EB
:100650001846FFF7E1FE034683F00103DBB2002BEF
:1006600002D0072303931AE09DF807301846FFF7DE
:10067000B7FE0346002B0DD09DF807301846FFF754
:10068000DFFE034683F00103DBB2002B02D0082318
:10069000039304E09DF807301846FFF757FE039BCD
:1006A000184605B05DF804FB00B585B003468DF82B
:1006B0000730002303939DF807301846FFF7ACFE80
:1006C000034683F00103DBB2002B02D00723039320
:1006D0001CE09DF807301846FFF782FE0346002B0A
:1006E0000DD09DF807301846FFF7AAFE034683F0A9
:1006F0000103DBB2002B02D00823039306E09DF830
:1007000007301846FFF734FE00230393039B184677
:1007100005B05DF804FB000082B003468DF8073099
:100720009DF90730002B0CDB9DF8073003F01F020A
:1007300005499DF907305B09012000FA02F241F8F2
:10074000232000BF02B0704700E100E082B0034602
:100750008DF807309DF90730002B13DB9DF807302B
:1007600003F01F0209499DF907305B09012000FAD7
:1007700002F2203341F82320BFF34F8F00BFBFF3B5
:100780006F8F00BF00BF02B0704700BF00E100E004
:1007900082B0034600918DF807309DF90730002B99
:1007A0000ADB009BDAB20C499DF907305201D2B244
:1007B0000B4483F800230BE0009BDAB207499DF855
:1007C000073003F00F03043B5201D2B20B441A76F8
:1007D00000BF02B0704700BF00E100E000ED00E0A4
:1007E00082B00190019B1B0B5BB2184602B07047B0
:1007F00000B583B003460A468DF8073013468DF8DE
:1008000006309DF80630072B03D908496B20F6F710
:1008100095F89DF806209DF9073011461846FFF718
:10082000B7FF00BF03B05DF804FB00BF5CCE020061
:1008300000B583B003468DF807309DF907301846A0
:10084000FFF76AFF00BF03B05DF804FB00B583B09B
:1008500003468DF807309DF907301846FFF776FFFD
:1008600000BF03B05DF804FB82B001900B468DF829
:1008700003309DF80330019A134401221A6000BF2F
:1008800002B0704784B001900B46ADF80230BDF85D
:100890000230019A134400221A60BDF80230019A16
:1008A00013441B680393039B00BF04B0704782B0DE
:1008B00001900B46ADF80230BDF80230019A1344A6
:1008C0001B68002B14BF01230023DBB2184602B0C3
:1008D000704782B001900091019BD3F80022009BE9
:1008E0001A43019BC3F8002200BF02B0704782B0D8
:1008F00001900091019BD3F80022009BDB431A403A
:10090000019BC3F8002200BF02B0704782B0019083
:100910000091019B009AC3F8042300BF02B0704706
:1009200082B001900091019B009AC3F8082300BF98
:1009300002B0704782B001900091019BD3F804236C
:10094000009B1340002B14BF01230023DBB2184689
:1009500002B0704782B001900B468DF80330019BC6
:10096000D3F8043523F003029DF8033003F00303AA
:100970001A43019BC3F8042500BF02B0704782B040
:1009800001900B468DF80330019BD3F8083523F016
:1009900003029DF8033003F003031A43019BC3F8DD
:1009A000082500BF02B0704782B001900B468DF859
:1009B0000330019BD3F8103523F00F029DF803306C
:1009C00003F00F031A43019BC3F8102500BF02B0C8
:1009D000704784B003900B4601928DF80B309DF860
:1009E0000B20039B02F5A872019943F8221000BF67
:1009F00004B0704782B001900B468DF803309DF82B
:100A00000320019B02F5A87253F82230184602B069
:100A1000704782B00190019B9B004033DBB21846C7
:100A200002B0704782B00190019B9B0003F5A07358
:100A30009BB2184602B0704782B001904FF48032EA
:100A4000019B02FA03F3184602B0704710B588B054
:100A5000039002910192039B1B791A4613465B0097
:100A600013449B00704A13440693029B002B03D14E
:100A70006E494A20F5F762FF019B002B03D16B49B9
:100A80004B20F5F75BFF069B1B7A002B03D0082356
:100A90000593059BC4E0039B1B68654A93420FD1F5
:100AA000029B9B78012B64D0029B9B78002B60D02B
:100AB000029B9B78022B5CD0029B9B78032B58D027
:100AC000039B1B685B4A93420FD1029B9B78012BCF
:100AD0004FD0029B9B78002B4BD0029B9B78022B24
:100AE00047D0029B9B78032B43D0039B1B68524A41
:100AF00093420FD1029B9B78012B3AD0029B9B78AB
:100B0000002B36D0029B9B78022B32D0029B9B7825
:100B1000032B2ED0039B1B68484A93420FD1029BA4
:100B20009B78012B25D0029B9B78002B21D0029B28
:100B30009B78022B1DD0029B9B78032B19D0039B23
:100B40001B683F4A93420FD1029B9B78012B10D028
:100B5000029B9B78002B0CD0029B9B78022B08D029
:100B6000029B9B78032B04D030495F20F5F7E6FE0B
:100B700000E000BF069B019A1A60029B5A68069B20
:100B80005A6000238DF81F3010E0039B1C689DF80D
:100B90001F301846FFF746FF034619462046FFF769
:100BA00071FE9DF81F3001338DF81F30039B5B7978
:100BB0009DF81F209A42E8D3039B1B681846FFF755
:100BC0000FFE03461A46029BDB7819461046FFF7D4
:100BD0000FFE039B1B681846FFF702FE03461846EC
:100BE000FFF726FE039B1A68029B5B7819461046A6
:100BF000FFF7B0FE039B1A68029B9B7819461046CC
:100C0000FFF7BDFE039B1A68029B1B78194610462E
:100C1000FFF7CAFE069B01221A7200230593059B6B
:100C2000184608B010BD00BF580A002080CE020050
:100C3000008000400090004000A0004000A0014063
:100C400000B0014000B583B00190019B1B681846BD
:100C5000FFF7C6FD03461846FFF7F8FD019B1B682A
:100C60004FF0FF311846FFF742FE019B1B684FF023
:100C7000FF311846FFF754FE019800F041F8019B40
:100C80001B791946064A0B465B000B449B00134434
:100C9000083300221A7000BF03B05DF804FB00BFE8
:100CA000580A002000B583B00190019B1B791946BA
:100CB000114A0B465B000B449B00134408331B781E
:100CC000012B03D00D498F20F5F738FE019B1B68DF
:100CD00000211846FFF7C8FD019B1B791946064AFB
:100CE0000B465B000B449B001344083302221A702E
:100CF00000BF03B05DF804FB580A002080CE02005C
:100D000000B583B00190019B1B791946114A0B462F
:100D10005B000B449B00134408331B78002B03D16A
:100D20000D499720F5F70AFE019B1B681021184614
:100D3000FFF79AFD019B1B791946064A0B465B009B
:100D40000B449B001344083301221A7000BF03B008
:100D50005DF804FB580A002080CE020000B583B085
:100D60000190019B1B7919460B4A0B465B000B4413
:100D70009B00134408331B78002B03D10749B32091
:100D8000F5F7DCFD019B1B680C211846FFF76CFD95
:100D900000BF03B05DF804FB580A002080CE0200BB
:100DA00010B582B001900B468DF80330019B1B7982
:100DB0001946184A0B465B000B449B00134408334A
:100DC0001B78002B03D11449C220F5F7B7FD019B16
:100DD0005B799DF803209A4203D30F49C320F5F7AE
:100DE000ADFD019B1C689DF803301846FFF711FE0E
:100DF000034619462046FFF737FD019B1B689DF807
:100E0000032011461846FFF7F5FD0346184602B0C9
:100E100010BD00BF580A002080CE020010B586B079
:100E2000039001921A460B468DF80B3013468DF84D
:100E30000A309DF80B301846FFF7FEFD05909DF82F
:100E40000A30002B12D0039B1C689DF80B3018460B
:100E5000FFF7E8FD034619462046FFF713FD039B05
:100E60001B6805991846FFF751FD05E0039B1B68B9
:100E700005991846FFF754FD039B1B689DF80B105E
:100E8000019A1846FFF7A5FD00BF06B010BD00B5DA
:100E900085B0039001921A460B468DF80B3013462D
:100EA000ADF80830039B18689DF80B304FF4807242
:100EB0009A409DF80B30012101FA03F313431946C0
:100EC000FFF715FD039B1B68BDF808201146184667
:100ED000FFF7FFFC9DF818309DF80B10019A03985E
:100EE000FFF79CFF00BF05B05DF804FB10B582B0B2
:100EF00001900091019B1B791946174A0B465B0034
:100F00000B449B00134408331B78002B03D1134977
:100F1000FB20F5F713FD019B5B791A46009B93427A
:100F200003D30E49FC20F5F709FD019B1C680098CE
:100F3000FFF778FD034619462046FFF7A3FC019B07
:100F40001C680098FFF778FD034619462046FFF716
:100F5000DDFC00BF02B010BD580A002080CE0200A8
:100F600010B582B001900091019B1B791946134A7C
:100F70000B465B000B449B00134408331B78002B8B
:100F800004D10F4940F20710F5F7D8FC019B5B79BB
:100F90001A46009B934204D309494FF48470F5F735
:100FA000CDFC019B1C680098FFF746FD03461946DF
:100FB0002046FFF7B5FC00BF02B010BD580A002064
:100FC00080CE020000B587B00390029113468DF8E1
:100FD000073000238DF8173030E09DF817301846A1
:100FE000FFF720FD0346ADF814309DF81730184682
:100FF000FFF722FD0490BDF8143019460398FFF75F
:1010000056FC0346002B14D004990398FFF792FC7A
:101010000346002B0DD0BDF8143019460398FFF796
:1010200031FC029B1B68029A5168BDF814201046DF
:1010300098479DF8173001338DF817309DF8172029
:101040009DF807309A42C8D300BF00BF07B05DF8D3
:1010500004FB000008B5042202490348FFF7B2FF71
:1010600000BF08BD580A00200080004008B50422D7
:1010700002490348FFF7A6FF00BF08BD640A00202D
:101080000090004008B5042202490348FFF79AFF88
:1010900000BF08BD700A002000A00040054B1B786F
:1010A000002B04D1034B01221A70002300E085239A
:1010B000184670477C0A002082B003468DF807303E
:1010C0009DF90730002B0CDB9DF8073003F01F0261
:1010D00005499DF907305B09012000FA02F241F849
:1010E000232000BF02B0704700E100E082B0034659
:1010F00000918DF807309DF90730002B0ADB009B2B
:10110000DAB20C499DF907305201D2B20B4483F890
:1011100000230BE0009BDAB207499DF8073003F08B
:101120000F03043B5201D2B20B441A7600BF02B047
:10113000704700BF00E100E000ED00E000B583B0C3
:1011400003460A468DF8073013468DF806309DF8A1
:101150000630072B03D908496B20F5F7EFFB9DF804
:1011600006209DF9073011461846FFF7BFFF00BF64
:1011700003B05DF804FB00BFE4CE020000B583B00D
:1011800003468DF807309DF907301846FFF794FFA6
:1011900000BF03B05DF804FB00B585B00190019B72
:1011A000002B0AD0074B43F001030393019B9B01E3
:1011B0000293039B0298984700E000BF05B05DF8DA
:1011C00004FB00BF90CF020082B003468DF80730C9
:1011D0009DF8073003F1804303F5E04301221A60D4
:1011E00000BF02B0704782B00346ADF80630BDF8CC
:1011F000063003F1804303F5E0431B68002B14BF66
:1012000001230023DBB2184602B0704784B00346C6
:10121000ADF80630BDF8063003F1804303F5E04336
:1012200000221A60BDF8063003F1804303F5E04365
:101230001B680393039B00BF04B0704782B0034652
:101240008DF807300B468DF8063013468DF80530C3
:101250000A499DF807309DF8052051331B010B44C6
:1012600004331A6005499DF807309DF80620513374
:101270001B010B441A6000BF02B0704700700040B1
:1012800082B00190034A019BC2F8043300BF02B050
:10129000704700BF0070004082B00190034A019B7C
:1012A000C2F8083300BF02B0704700BF00700040B2
:1012B000024B0122C3F8002500BF704700700040B8
:1012C00082B001900091054A019BC2F82C36034A76
:1012D000009BC2F8303600BF02B07047007000407B
:1012E00082B003468DF80730034A9DF80730C2F8F4
:1012F000F03500BF02B070470070004082B0034676
:101300008DF80730034A9DF80730C2F8F43500BF66
:1013100002B0704700700040024BD3F8F435DBB2E6
:10132000184670470070004000B583B00346009136
:101330008DF80730009B1B7803F00302009B5B785D
:101340001B0103F030031A43009B9B781B0203F43C
:10135000E0631A43009BDB781B0303F480531A43BA
:10136000009B1B791B0403F4E0231A43009B5B7969
:101370001B0503F4801342EA0301009B9B791B06C3
:1013800003F080720A489DF807300A431B010344AA
:1013900003F5A3631A60009BD979009B1A7A9DF824
:1013A00007301846FFF74AFF00BF03B05DF804FBA3
:1013B0000070004000B58FB04FF48270FFF713FF4C
:1013C0000346002B46D04FF48270FFF71FFF904B6F
:1013D00093F82E3083F00103DBB2002B04D18C4B49
:1013E00093F82F30002B35D000238DF81C30884B1C
:1013F0005B680893864B1B899BB2ADF82430844B05
:10140000DB68002B03D1824B00221A7419E0804B59
:101410001A8B7F4B5A837E4BDB687D4A53607C4B33
:101420001A8B7B4B1A817A4B0022DA60784B93F847
:101430002E3083F00103DBB2002B02D00020FFF737
:10144000C3FE734B1B6807AA10469847704B0022D7
:1014500083F82F206E4B93F82E30002B62D04FF480
:101460008070FFF7C0FE0346002B5BD04FF4807006
:10147000FFF7CCFE664B5A8B654B93F82D309BB231
:101480009A421CD9624B5A8B614B93F82D309BB218
:10149000D31A9AB25E4B5A835D4B5A685C4B1B89D8
:1014A0009BB219465A4B5B8BCB1A5B001344584ACC
:1014B00092F82D2011461846FFF702FF2BE0544BFF
:1014C0005A8B534B93F82D309BB29A4214D1504B08
:1014D000DB68002B10D04E4B012283F82F204C4BA1
:1014E00000225A834A4BDB68494A92F82D20114664
:1014F0001846FFF7E5FE0EE0454B5A8B444B93F838
:101500002D309BB29A4206D1414B012283F82F2005
:101510003F4B00225A834FF48270FFF777FE04207E
:10152000FFF752FE4FF48870FFF75DFE0346002B75
:101530000ED04FF48870FFF769FE354B00221A7405
:1015400002238DF81030324B1B6804AA10469847CE
:101550004FF48A70FFF747FE0346002B07D04FF485
:101560008A70FFF753FE2A4B00221A744CE0284B76
:101570005B690D9345E00D9B0A930A9B002B01D1FB
:10158000202303E00A9BB3FA83F3DBB20C934FF002
:1015900000420C9B22FA03F3DB430D9A13400D9398
:1015A0000C9B9BB246339BB29B00ADF82E30BDF82E
:1015B0002E301846FFF717FE0346002B21D0BDF84A
:1015C0002E301846FFF722FE01238DF80430BDF8B7
:1015D0002E30A3F58C73DB08DBB28DF80830BDF834
:1015E0002E30A3F58C7303F00403002B0CBF0123F2
:1015F0000023DBB28DF80930054B1B6801AA1046A9
:1016000098470D9B002BB6D100BF0FB05DF804FBCF
:10161000800A002000B585B001900091019B002B4D
:1016200003D13249D820F5F789F9009B002B03D16B
:101630002E49D920F5F782F92D4B93F82C30002B49
:1016400003D008230393039B4CE0294A009B1360BB
:10165000019B1B781846FFF743FE019B5B781846F9
:10166000FFF74CFE019BDA78214B83F82E20204BAC
:10167000012283F82C201E4B00221A741C4B0022DE
:1016800083F82D201A4B00225A61194B002283F84F
:101690002F206FF00040FFF7FFFD4FF48270FFF73F
:1016A000B5FD4FF48070FFF7B1FD4FF48A70FFF77E
:1016B000ADFD019B9B7819460720FFF73FFD0720F2
:1016C000FFF75CFD0220FFF7DBFD094B93F82E309E
:1016D000002B02D00120FFF7D3FDFFF7E9FD002327
:1016E0000393039B184605B05DF804FB2CCF020062
:1016F000800A002000B585B0034600918DF80730C0
:10170000394B93F82C30002B04D1384940F2251086
:10171000F5F714F99DF80730072B04D933494FF436
:101720009370F5F70BF9FFF7F7FD0346002B09D08F
:101730002D4B93F82D30002B04D02C494FF494708E
:10174000F5F7FCF8009BDB790D2B03D8009BDB79C8
:10175000002B04D125494FF49670F5F7EFF8009B64
:101760001B7A0D2B04D921494FF49770F5F7E6F851
:101770001D4B1B7CDBB2002B03D011230393039B77
:101780002DE09DF80730184A0C335B0013441B7999
:10179000002B07D1144B93F82D300133DAB2124BE2
:1017A00083F82D209DF80730009AD1790E4A0C332A
:1017B0005B0013440A461A719DF80730009A117AAB
:1017C000094A0C335B0013440A465A719DF80730EE
:1017D00000991846FFF7A8FD00230393039B1846C2
:1017E00005B05DF804FB00BF800A00202CCF02008A
:1017F00000B589B0034600918DF80730504B1B7C33
:10180000DBB2002B03D011230393039B93E04C4BDB
:1018100001221A740320FFF73FFD01210098FFF712
:101820004FFD474B93F82D30012B0FD90023079321
:1018300009E0079BDBB2002200211846FFF7FEFCFF
:10184000079B01330793079B072BF2D99DF80730BD
:101850003B4A0C335B00134419799DF80730384A32
:101860000C335B0013445A799DF807301846FFF794
:10187000E5FC0020FFF7A8FC0420FFF7A5FC0023EF
:101880008DF81B3042F2107305934FF48270FFF70E
:10189000AAFC0346002B03D001238DF81B3008E07F
:1018A0000020FFF779FC059B013B0593059B002B6E
:1018B000EBD19DF81B30002B04D122494FF4D2709C
:1018C000F5F73CF84FF48070FFF7A0FC4FF48270FE
:1018D000FFF79CFC1A4B93F82D30012B19D90023EC
:1018E000049313E0049BD8B2154A049B0C335B00AD
:1018F00013441979124A049B0C335B0013445B793F
:101900001A46FFF79BFC049B01330493049B072BAF
:10191000E8D90B4B93F82E30002B03D00320FFF7B0
:10192000AFFC02E00220FFF7ABFC054B00221A746B
:1019300000230393039B184609B05DF804FB00BF26
:10194000800A00202CCF020082B003468DF80730B9
:101950009DF90730002B0CDB9DF8073003F01F02C8
:1019600005499DF907305B09012000FA02F241F8B0
:10197000232000BF02B0704700E100E082B00346C0
:101980008DF807309DF90730002B13DB9DF80730E9
:1019900003F01F0209499DF907305B09012000FA95
:1019A00002F2203341F82320BFF34F8F00BFBFF373
:1019B0006F8F00BF00BF02B0704700BF00E100E0C2
:1019C00082B0034600918DF807309DF90730002B57
:1019D0000ADB009BDAB20C499DF907305201D2B202
:1019E0000B4483F800230BE0009BDAB207499DF813
:1019F000073003F00F03043B5201D2B20B441A76B6
:101A000000BF02B0704700BF00E100E000ED00E061
:101A100082B00190019B1B0B5BB2184602B070476D
:101A200000B583B003460A468DF8073013468DF89B
:101A300006309DF80630072B03D908496B20F4F7D0
:101A40007DFF9DF806209DF9073011461846FFF7E7
:101A5000B7FF00BF03B05DF804FB00BF98CF0200E2
:101A600000B583B003468DF807309DF9073018465E
:101A7000FFF76AFF00BF03B05DF804FB00B583B059
:101A800003468DF807309DF907301846FFF776FFBB
:101A900000BF03B05DF804FB82B001900B468DF8E7
:101AA00003309DF80330019A134401221A6000BFED
:101AB00002B0704784B001900B46ADF80230BDF81B
:101AC0000230019A134400221A60BDF80230019AD4
:101AD00013441B680393039B00BF04B0704782B09C
:101AE00001900B46ADF80230BDF80230019A134464
:101AF0001B68002B14BF01230023DBB2184602B081
:101B0000704782B001900091019BD3F80022009BA6
:101B1000DB431A40019BC3F8002200BF02B07047AC
:101B200082B001900091019B009AC3F8042300BF8A
:101B300002B0704782B001900091019B009AC3F8F7
:101B4000082300BF02B0704782B00190019B0522BC
:101B5000C3F8002500BF02B0704782B00190019B1E
:101B60000022C3F8002500BF02B0704784B0039084
:101B700002910192039B029AC3F80825039B019AE4
:101B8000C3F80C2500BF04B0704782B00190019BE0
:101B9000D3F80835184602B0704782B00190019B17
:101BA000D3F80C35184602B0704782B0019000910E
:101BB000019B009AC3F8242500BF02B0704784B08F
:101BC0000190019BD3F8C4340393019B039AC3F89B
:101BD000C424039B184604B0704782B001900B46A2
:101BE0008DF803309DF80320019BC3F8882500BFC2
:101BF00002B0704782B00190019BD3F81835DBB278
:101C0000184602B0704782B001900B468DF8033041
:101C10009DF80320019BC3F81C2500BF02B070474C
:101C200082B001900091019B009AC3F8002200BF8E
:101C300002B0704700B583B00190019B1B68184645
:101C400000F060F80346002B04D10B494FF4F67006
:101C5000F4F774FE019B1B681F2B02D84FF0A043C2
:101C600006E0019B1B6803F01F02019B1A60034BF7
:101C7000184603B05DF804FBBCCF0200000300501F
:101C800000B585B00190084611461A4603468DF806
:101C900003300B468DF8023013468DF8013001AB4E
:101CA0001846FFF7C7FF03909DF803209DF8023008
:101CB0005B001A439DF801309B001A439DF81830D1
:101CC0001B0242EA03019DF81C301B04019A1943D0
:101CD000039B02F5E07243F8221000BF05B05DF8E7
:101CE00004FB00B585B0039000230193002300930B
:101CF0000023012200210398FFF7C2FF00BF05B0B7
:101D00005DF804FB84B00190019B5B090293002302
:101D10000393029B002B03D0029B012B04D007E00E
:101D20004FF0FF33039303E04FF6FF73039300BFBD
:101D3000019B03F01F030193039A019B22FA03F313
:101D400003F00103002B14BF01230023DBB218466C
:101D500004B0704784B0019003230393019B03F008
:101D60000103002B02D04FF402430393019B03F0C5
:101D70000203002B02D048F201230393019B03F0DE
:101D80000403002B02D048F202230393039B18465E
:101D900004B0704700B583B001900091009B5A6B6E
:101DA000009B9B6A9A4207D00198FFF7D6FE0198E4
:101DB000FFF7CAFE002300E00123184603B05DF8D8
:101DC00004FB000000B58BB00590049103920293D0
:101DD000049B002B03D14D49AA20F4F7AFFD049BCF
:101DE0001A68049B5B689A4203D14849AB20F4F718
:101DF000A5FD059B1B791A4613461B019B1A9B00E8
:101E0000434A13440993099B93F82E30002B03D0C7
:101E100008230793079B74E0059B1A68059B1B79B1
:101E200019463C4B53F8213019461046FAF754FC3A
:101E30000346002B03D011230793079B61E0099B06
:101E4000039A1A60099B029A5A60099B00229A60C1
:101E5000099B002283F82D20099B002283F8312062
:101E6000099B002283F83020049B5A7B099B83F84E
:101E70003820049B18680023019306230093032352
:101E800000220021FFF7FCFE049B58680023019309
:101E900006230093032300220021FFF7F1FE059B98
:101EA0001B680893049B1968049B5B681A46089892
:101EB000FFF75CFE049B9B6819460898FFF775FEC8
:101EC000099B1B68002B15D0059B1B681846FFF764
:101ED0009FFD03461A46049B1B7B19461046FFF7DD
:101EE0009FFD059B1B681846FFF792FD03461846A9
:101EF000FFF7B6FD099B012283F82E2000230793EC
:101F0000079B18460BB05DF804FB00BFE0CF020052
:101F1000B00A002084D0020000B585B00190019B7A
:101F20001B791A4613461B019B1A9B00214A134436
:101F30000393039B93F82E30002B03D11E49F1200D
:101F4000F4F7FCFC039B1B68002B08D0019B1B686B
:101F50001846FFF75DFD03461846FFF78FFD019811
:101F600000F056F8019B1B681846FAF7EFFB039B3D
:101F700093F8383083F00103DBB2002B11D0019BC2
:101F80001B681846FFF701FE03461846FFF7A9FE37
:101F9000019B1B681846FFF700FE03461846FFF733
:101FA000A0FE039B002283F82E2000BF05B05DF841
:101FB00004FB00BFB00A0020E0CF020000B585B0EE
:101FC0000190019B1B791A4613461B019B1A9B002B
:101FD0000D4A13440393039B93F82E30012B04D036
:101FE0000A494FF48570F4F7A9FC019B1B68029322
:101FF0000298FFF7A9FD039B022283F82E2000BF61
:1020000005B05DF804FB00BFB00A0020E0CF02007D
:1020100000B585B00190019B1B791A4613461B0140
:102020009B1A9B00114A13440393039B93F82E3091
:10203000002B04D10E494FF48B70F4F77FFC019B09
:102040001B6802930B490298FFF774FD0321029865
:10205000FFF757FD0298FFF780FD039B012283F8ED
:102060002E2000BF05B05DF804FB00BFB00A0020C1
:10207000E0CF02008642040000B583B001900091D9
:10208000009B5A6B009B9B6A9A420AD2009B5A6A39
:10209000009B5B6B13441B7819460198FFF7B3FD57
:1020A0001EE0009B93F82C30002B05D01C210198DA
:1020B000FFF7F2FC002314E0009B1B6A03F04003CF
:1020C000002B09D01C210198FFF7E6FC009B0122A0
:1020D00083F82D20002304E014210198FFF7DCFC95
:1020E0000123184603B05DF804FB10B582B00190DF
:1020F0000091009B5A6B009B9B6A9A4244D2009BC2
:102100005A6A009B5B6BD4180198FFF773FD034676
:102110002370009B5B6B5A1C009B5A63009B5A6B9D
:10212000009B9B6A013B9A420AD1009B1B6A03F009
:102130004003002B04D102210198FFF771FD1FE03D
:10214000009B5A6B009B9B6A9A4207D1009B1B6ABB
:1021500003F04003002B01D1012316E0009B5A6BD2
:10216000009B9B6A9A420BD1009B1B6A03F04003C1
:10217000002B05D0009B022283F82D20002304E0D1
:1021800020210198FFF788FC0123184602B010BDFA
:1021900000B585B00190009100238DF80F304FF409
:1021A00082710198FFF79BFC0346002B07D04FF488
:1021B00082710198FFF77EFC01238DF80F30009BA0
:1021C00093F82F30002B0FD04FF492710198FFF746
:1021D00071FC4FF48E710198FFF76CFC4FF4847121
:1021E0000198FFF767FC78E04FF492710198FFF7D0
:1021F00076FC0346002B0DD04FF492710198FFF747
:1022000059FC14210198FFF747FC009B012283F839
:102210002F2062E04FF48E710198FFF760FC0346B7
:10222000002B2BD04FF48E710198FFF743FC009BDD
:102230005B6B5A1C009B5A634FF492710198FFF735
:102240004EFC0346002B0DD04FF492710198FFF71E
:1022500031FC14210198FFF71FFC009B012283F839
:102260002F203AE000990198FFF706FF034683F01C
:102270000103DBB2002B30D0002354E04FF4847113
:102280000198FFF72CFC0346002B26D04FF48471F5
:102290000198FFF70FFC4FF492710198FFF71FFCB4
:1022A0000346002B0DD04FF492710198FFF702FC0A
:1022B00014210198FFF7F0FB009B012283F82F20E7
:1022C0000BE000990198FFF710FF034683F001032C
:1022D000DBB2002B01D0002325E09DF80F30002B4E
:1022E00020D0009B002283F82D20009B93F82F30F4
:1022F00083F00103DBB2002B12D000990198FFF7A5
:1023000049FD0346002B14BF01230023DBB283F0F9
:102310000103DBB203F00103DAB2009B83F82F2044
:10232000002300E00123184605B05DF804FB00001F
:1023300000B587B00190009100230593394B0393BA
:102340004FF482710198FFF7B5FB4FF49271019839
:10235000FFF7B0FB4FF48E710198FFF7ABFB4FF422
:1023600084710198FFF7A6FB00210198FFF758FC44
:10237000009B00225A63009B002283F82F2020211B
:102380000198FFF789FB009B93F82D30012B03D0B8
:1023900008210198FFF780FB00990198FFF76CFE78
:1023A000009B1B68002B0DD0009B40F286229A6098
:1023B000009B9B6819460198FFF7B2FB2DE0039B39
:1023C000013B0393039B002B06DD00990198FFF767
:1023D000DFFE0346002BF2D1009B93F82F30002B39
:1023E0000DD00198FFF7EBFB0490049B002B04D069
:1023F0000498FFF7AFFC059001E003230593039BCE
:10240000002B0ADC0198FFF7A8FB0198FFF79CFB63
:1024100005480EF07BF903230593059B184607B08A
:102420005DF804FBA086010044D0020000B587B02F
:1024300001900091002305933F4B03934FF4827169
:102440000198FFF737FB4FF492710198FFF732FBC9
:102450004FF48E710198FFF72DFB4FF484710198B2
:10246000FFF728FB009B00225A63009B002283F8A1
:102470002F20009B9B6A012B0AD1009B1B6A03F053
:102480004003002B04D102210198FFF7C9FB03E0B0
:1024900001210198FFF7C4FB20210198FFF7FCFA06
:1024A000009B93F82D30022B03D000210198FFF7F9
:1024B000F3FA009B1B68002B0DD0009B40F2862294
:1024C0009A60009B9B6819460198FFF729FB2DE055
:1024D000039B013B0393039B002B06DD00990198AE
:1024E000FFF756FE0346002BF2D1009B93F82F30E6
:1024F000002B0DD00198FFF762FB0490049B002B8A
:1025000004D00498FFF726FC059001E0032305930F
:10251000039B002B0ADC0198FFF71FFB0198FFF7D4
:1025200013FB06480EF0F2F803230593059B1846AB
:1025300007B05DF804FB00BFA086010064D0020074
:1025400030B587B003900291019200930023059368
:10255000029B93F82D30012B05D1019B1B78012B99
:1025600001D108236DE0029B93F82D30022B05D199
:10257000019B1B78012B01D0082362E032490398AC
:10258000FFF7D8FA029B93F83030DBB2002B09D06A
:10259000029B9B6819460398FFF7C2FA1123059323
:1025A000059B4EE0009B03F00403002B0CBF0123AE
:1025B0000023DAB2029B83F83020029B009A1A6251
:1025C000029B019A03F10C0415460FCD0FC42B6832
:1025D0002360019B5A68029B9A62019BDA68029B06
:1025E0005A62019B5B7819460398FFF7F6FA019B44
:1025F0001B78012B17D0019B1B78002B04D1009B6B
:1026000003F02003002B01D0012300E0002303F09E
:102610000103DAB2029B83F82C2002990398FFF79A
:1026200087FE059004E002990398FFF7FFFE0590EE
:10263000029B1B68002B03D1029B002283F83020F1
:10264000059B184607B030BD8642040000B587B030
:1026500003900291019200230593039B1B791A4674
:1026600013461B019B1A9B00144A13440493049BBA
:102670001B68002B08D1029B1B78022B04D1104948
:102680004FF42270F4F75AF9049B1B68002B08D111
:10269000029B1B78032B04D1094940F28920F4F7EF
:1026A0004DF9039B1868019B029A0499FFF748FFB4
:1026B0000590059B184607B05DF804FBB00A0020A2
:1026C000E0CF020000B58BB00390019200930B465F
:1026D0008DF80B3000238DF814309DF80B308DF8F9
:1026E0001530009B069300230793019B089300235A
:1026F00009939DF83030002B01D0202200E0002209
:1027000005AB19460398FFF7A1FF034618460BB027
:102710005DF804FB00B58BB00390019200930B466B
:102720008DF80B3001238DF814309DF80B308DF8A7
:102730001530009B069300230793019B0893002309
:10274000099305AB002219460398FFF77FFF034664
:1027500018460BB05DF804FB30B58BB001900091CA
:10276000009B1B68002B04D14A494FF42F70F4F7EB
:10277000E5F800990198FFF70BFD0346002B40F0A8
:102780008680009B93F82F3083F00103DBB2002B8F
:1027900033D0009B1B7B022B03D0009B1B7B032BA6
:1027A0002BD1009B5A6A009B9B699A4225D1009BC2
:1027B000DA69009B5A62009B5A69009B9A62009BEF
:1027C0001B6A03F02003002B14BF01230023DAB29D
:1027D000009B83F82C20009B002283F82D20009B77
:1027E0001B7B032B04D100990198FFF7A1FD4FE05B
:1027F00000990198FFF71AFE4AE0009B04AC03F130
:102800000C050FCD0FC42B682360009B93F82F306D
:10281000002B22D00198FFF7D2F90990099B03F011
:102820000203002B03D001238DF80C3018E0099B24
:1028300003F00403002B03D002238DF80C300FE0CB
:10284000099B03F00103002B03D003238DF80C3008
:1028500006E004238DF80C3002E000238DF80C30E4
:10286000009B002283F83020009B1B6A03F00403C6
:10287000002B04D0009B93F82F30002B08D0009B36
:102880001B68009A516803AA1046984700E000BFF1
:102890000BB030BDE0CF020008B503490348FFF795
:1028A0005BFF00BF08BD00BFB00A00200030004041
:1028B00008B503494FF04020FFF74EFF00BF08BDA9
:1028C000EC0A002000B585B00190019B002B0AD0D6
:1028D000074B43F001030393019B9B010293039B6E
:1028E0000298984700E000BF05B05DF804FB00BF08
:1028F000B0D0020000B583B00190019B1B68184660
:1029000000F077F80346002B04D10B494FF4F67022
:10291000F4F714F8019B1B681F2B02D84FF0A0435B
:1029200006E0019B1B6803F01F02019B1A60034B2A
:10293000184603B05DF804FB8CD002000003005081
:1029400000B585B0019001AB1846FFF7D3FF0390A7
:10295000019B012202FA03F31946039800F035F8AF
:1029600000BF05B05DF804FB00B585B0019001AB78
:102970001846FFF7BFFF0390019B012202FA03F301
:102980001946039800F02BF800BF05B05DF804FB72
:1029900000B585B0019001AB1846FFF7ABFF03907F
:1029A000039800F00AF80246019B22FA03F303F0B1
:1029B0000103184605B05DF804FB82B00190019B4D
:1029C000D3F81035184602B0704782B001900091DC
:1029D000019B009AC3F8082500BF02B0704782B07F
:1029E00001900091019B009AC3F80C2500BF02B032
:1029F000704784B00190019B5B090293002303930D
:102A0000029B002B03D0029B012B04D007E04FF068
:102A1000FF33039303E04FF6FF73039300BF019B63
:102A200003F01F030193039A019B22FA03F303F0BF
:102A30000103002B14BF01230023DBB2184604B0AE
:102A4000704700B585B001904FF0A042019B1B6814
:102A500003F5E07340F20C6142F823104FF0A042FE
:102A6000019B5B6803F5E07340F20C6142F82310B0
:102A7000019B1B681846FFF763FF019B5B681846C4
:102A8000FFF75EFF4FF0A042019B1B6803F5E07368
:102A900040F20D6142F823104FF0A042019B5B68A9
:102AA00003F5E07340F20D6142F823100420FFF7B4
:102AB00009FF002303931EE0019B5B681846FFF7A4
:102AC00067FF0346002B03D0039B002B17D124E0A4
:102AD000019B1B681846FFF747FF0420FFF7F2FE33
:102AE000019B1B681846FFF72BFF0420FFF7EAFE47
:102AF000039B01330393039B082BDDDD00E000BF44
:102B0000019B5B681846FFF72FFF0420FFF7DAFEF2
:102B1000019B5B681846FFF713FF05B05DF804FBE7
:102B200000B589B001900091009B0793019B1B7831
:102B30008DF80C30019B1B798DF81030019B5B796F
:102B40008DF81130019B9B68DBB28DF81230019B30
:102B5000DB68DBB28DF81330019B1B690593019B89
:102B60005B690693074A079B52F823300649079A88
:102B700051F8221003AA1046984700BF09B05DF82B
:102B800004FB00BF280B0020300B002000B587B0ED
:102B90000390029101920093039B1B7805931249C5
:102BA000059B019A41F823201049059B009A41F8A2
:102BB0002320029B5B7B002B02D00298FFF741FF92
:102BC00000230493039B181D019B002B01D0084A8E
:102BD00000E00022059B0299FFF7F4F80490049BA3
:102BE000184607B05DF804FB280B0020300B0020CE
:102BF000212B010082B003468DF807309DF9073084
:102C0000002B0CDB9DF8073003F01F0205499DF9EE
:102C100007305B09012000FA02F241F8232000BFCF
:102C200002B0704700E100E082B0034600918DF8E9
:102C300007309DF90730002B0ADB009BDAB20C4904
:102C40009DF907305201D2B20B4483F800230BE008
:102C5000009BDAB207499DF8073003F00F03043BED
:102C60005201D2B20B441A7600BF02B0704700BFC7
:102C700000E100E000ED00E000B583B003460A4645
:102C80008DF8073013468DF806309DF80630072B77
:102C900003D908496B20F3F751FE9DF806209DF9F2
:102CA000073011461846FFF7BFFF00BF03B05DF8BD
:102CB00004FB00BFB8D0020000B583B003468DF816
:102CC00007309DF907301846FFF794FF00BF03B0A7
:102CD0005DF804FB82B003468DF80730034A9DF887
:102CE0000730C2F80C3500BF02B070470000014049
:102CF00082B003468DF807309DF8073003F180431A
:102D000003F5803301221A6000BF02B0704784B01F
:102D10000346ADF80630BDF8063003F1804303F5F5
:102D2000803300221A60BDF8063003F1804303F5BA
:102D300080331B680393039B00BF04B0704782B0CD
:102D40000346ADF80630BDF8063003F1804303F5C5
:102D500080331B68002B14BF01230023DBB218460D
:102D600002B0704782B00190034A019BC2F804335D
:102D700000BF02B0704700BF0000014082B0019068
:102D8000034A019BC2F8043500BF02B0704700BF80
:102D90000000014082B003468DF80730074BD3F89E
:102DA00008259DF80730012101FA03F30349134375
:102DB000C1F8083500BF02B0704700BF00000140F5
:102DC00082B003468DF80730054A9DF8073003F5B9
:102DD000C073044942F8231000BF02B0704700BF1F
:102DE000000001403546526E08B54FF48070FFF781
:102DF000A6FF0346002B06D0044B1B6898474FF4F0
:102E00008070FFF784FF00BF08BD00BF3C0B0020AF
:102E100030B587B001900091019B002B03D1284968
:102E20004A20F3F78BFD009B002B03D124494E2051
:102E3000F3F784FD234A009B1360234B1B78002B80
:102E400023D1214B01221A70019B1B781846FFF7F2
:102E500041FF019B5B6800221C4615464FF00000B5
:102E60004FF00001E90341EA5441E0034FF47A7264
:102E70004FF0000316F0E6FD02460B46CDE90223B3
:102E8000DDE90223012B08D303E008230593059B0A
:102E900013E00B496420F3F751FD029B1846FFF73E
:102EA0006DFF019B1B7A19461020FFF7E5FE1020ED
:102EB000FFF702FF00230593059B184607B030BDBE
:102EC000DCD002003C0B0020380B002008B50D4B75
:102ED0001B78002B03D10C497520F3F72FFD0B4B0A
:102EE0001B78012B03D008497620F3F727FD01203A
:102EF000FFF738FF0020FFF7FBFE044B02221A7099
:102F000000BF08BD390B0020DCD00200380B0020C8
:102F100000B585B00190019B002B03D117498C208F
:102F2000F3F70CFD164B1B78012B03D013498D20B2
:102F3000F3F704FD0020F3F72BFC124B1B78072B53
:102F400011D8104B1A78019B1A700E4B1B78013365
:102F5000DAB20C4B1A70019B1B781846FFF71AFF68
:102F60000023039301E0042303930020F3F724FCE0
:102F7000039B184605B05DF804FB00BFDCD00200DF
:102F8000380B0020390B002000B583B003468DF8C4
:102F90000730084B1B78022B03D00749A220F3F718
:102FA000CDFC9DF807301846FFF70AFF00BF03B0BD
:102FB0005DF804FB380B0020DCD0020084B00190E7
:102FC0000B46ADF80230BDF80230019A13440022DE
:102FD0001A60BDF80230019A13441B680393039BE7
:102FE00000BF04B0704782B001900B46ADF80230CC
:102FF000BDF80230019A13441B68002B14BF012353
:103000000023DBB2184602B07047000000B583B061
:103010000190019B1B68184600F05AF80346002BEC
:1030200004D10B494FF4F670F3F788FC019B1B6841
:103030001F2B02D84FF0A04306E0019B1B6803F052
:103040001F02019B1A60034B184603B05DF804FB96
:1030500064D102000003005000B585B0019001ABBF
:103060001846FFF7D3FF0390019B012202FA03F3F6
:103070001946039800F018F800BF05B05DF804FB8E
:1030800000B585B0019001AB1846FFF7BFFF039074
:10309000019B012202FA03F31946039800F00EF88F
:1030A00000BF05B05DF804FB82B001900091019B68
:1030B000009AC3F8082500BF02B0704782B00190A3
:1030C0000091019B009AC3F80C2500BF02B0704725
:1030D00084B00190019B5B09029300230393029B40
:1030E000002B03D0029B012B04D007E04FF0FF33ED
:1030F000039303E04FF6FF73039300BF019B03F0BC
:103100001F030193039A019B22FA03F303F00103C7
:10311000002B14BF01230023DBB2184604B0704714
:1031200000B583B00190019BDB7FFF2B0ED0019B8C
:103130009B7F002B05D0019BDB7F1846FFF7A0FF8C
:1031400004E0019BDB7F1846FFF786FF019B00220E
:103150005A77019B00221A72019B1B68019A02F1A7
:103160000800019A52681146984700BF03B05DF805
:1031700004FB000000B583B0019000914FF48C7106
:103180000198FFF730FF0346002B10D04FF48C71ED
:103190000198FFF713FF009B1B68002B04D1064921
:1031A00040F29720F3F7CAFB0098FFF7B9FF00BF82
:1031B00003B05DF804FB00BF88D1020008B50349E5
:1031C0000348FFF7D7FF00BF08BD00BF400B00203A
:1031D00000300240BFF34F8F00BF064BDB6803F4A3
:1031E000E0620449044B1343CB60BFF34F8F00BF31
:1031F00000BFFDE700ED00E00400FA0500B583B074
:103200000190019B1B68184600F0B9F80346002B9B
:1032100004D10B494FF4F670F3F790FB019B1B6848
:103220001F2B02D84FF0A04306E0019B1B6803F060
:103230001F02019B1A60034B184603B05DF804FBA4
:10324000ECD102000003005000B585B001900846A3
:1032500011461A4603468DF803300B468DF80230AE
:1032600013468DF8013001AB1846FFF7C7FF0390F6
:103270009DF803209DF802305B001A439DF8013051
:103280009B001A439DF818301B0242EA03019DF887
:103290001C301B04019A1943039B02F5E07243F8AA
:1032A000221000BF05B05DF804FB00B585B00390A7
:1032B000002301930023009300230122012103989E
:1032C000FFF7C2FF00BF05B05DF804FB00B585B095
:1032D000019001AB1846FFF791FF0390019B01227B
:1032E00002FA03F31946039800F035F800BF05B061
:1032F0005DF804FB00B585B0019001AB1846FFF7FF
:103300007DFF0390019B012202FA03F31946039803
:1033100000F02BF800BF05B05DF804FB00B585B0E8
:10332000019001AB1846FFF769FF0390039800F086
:103330000AF80246019B22FA03F303F00103184640
:1033400005B05DF804FB82B00190019BD3F8103505
:10335000184602B0704782B001900091019B009A1C
:10336000C3F8082500BF02B0704782B001900091F9
:10337000019B009AC3F80C2500BF02B0704784B0CF
:103380000190019B5B09029300230393029B002B96
:1033900003D0029B012B04D007E04FF0FF330393CF
:1033A00003E04FF6FF73039300BF019B03F01F037D
:1033B0000193039A019B22FA03F303F00103002B0C
:1033C00014BF01230023DBB2184604B070474FF04E
:1033D0008043D3F800341846704782B001904FF014
:1033E0008042019BC2F8003400BF02B07047000069
:1033F00000B583B0054B0193019B00221A60019B2D
:10340000B1221A6006F01AF8FFF7E4FE1C0500402E
:1034100008B5FFF7DFFE000000B583B0154A13784A
:1034200043F00103137014480AF0B4FD03468DF80D
:1034300007309DF80730002B07D0104808F064F9DA
:103440000C4A13786FF3000313700AF05FFF034612
:103450008DF807309DF80730002B07D0084808F09A
:1034600053F9044A13786FF30003137000BF03B0DD
:103470005DF804FB080C00202C00002034D2020070
:1034800094D2020008B50AF0DDFB0AF0FBFA0AF05C
:10349000E7FBFFF7C1FF00BF08BD000000B58BB020
:1034A00003904FF08053D3F8A8309BB26FEA834368
:1034B0006FEA9343ADF826304FF08053D3F8A43031
:1034C0000893BDF8262004A8089B00931346064ADB
:1034D0000F2116F026FD04AB1946039816F05CFD8B
:1034E00000BF0BB05DF804FBD0D20200044B1B7888
:1034F000832B0CBF01230023DBB21846704700BFAB
:103500000C0C0020044B1B783F2B0CBF0123002325
:10351000DBB21846704700BF080C00200000000016
:1035200008B5FFF7E3FF03461A46314B1A70FFF761
:10353000E9FF034619462F4A137861F3C713137046
:103540002D4B1B78002B14BF01230023DBB283F02B
:103550000103DBB203F00103D9B2264A137861F309
:1035600041031370234A137843F001031370234B74
:103570001B7F002B13D0224B1B6893ED007A1F4B4F
:10358000D3ED067AB4EEE77AF1EE10FA4CBF0123E0
:103590000023D9B2174A137861F300031370154B57
:1035A0001B7803F00103DBB2002B0FD0144B1B6818
:1035B0001B68184615F0E0FC0BA3D3E9002315F0B7
:1035C000F9FB0346002B01D0012300E0002303F0A8
:1035D0000103D9B2074A137861F300031370FFF7B0
:1035E00085FF0346184608BD9A9999999999B93F5C
:1035F0000D0C00200C0C0020000C00202C000020E2
:10360000A800002008B51520FFF74FFE1520FFF792
:1036100071FE1C20FFF749FE1C20FFF757FE2520F6
:10362000FFF743FE4FF0A043D3F894374FF0A0428A
:1036300023F4E063C2F894374FF0A043D3F89437F3
:103640004FF0A04243F44073C2F894372520FFF7AF
:1036500051FE2320FFF729FE2320FFF737FE272006
:10366000FFF723FE2720FFF731FE2220FFF71DFE84
:103670002220FFF72BFE0D20FFF717FE0D20FFF78E
:1036800025FE00BF08BD08B502F026FF0BF0F4FAD6
:1036900008F0C6F9002317221821002003F0F2F8E1
:1036A000002310221121012003F0ECF805F07EF92F
:1036B0000AF0A4FA05F07DFF00BF08BD000000007D
:1036C0002DE9F04FE5B064ABA3F5827318600023D9
:1036D000ADF8383103238DF8243100238DF86F3194
:1036E00000238DF86E3100238DF86D3111238DF894
:1036F0008F3100238DF86C3100238DF88E3100233B
:103700008DF88D3100235A93002362930023619337
:1037100000238DF8233100238DF87F3100238DF8AD
:10372000673100238DF87E3100235E9300232E93B2
:1037300001238DF8B830012358934FF08043D3F81C
:103740001C254FF08043D3F820356D496D4816F0A5
:10375000FCFB6C4807F0D8FF4FF08043D3F82035CE
:10376000DBB2694A1370684A137843F0010313709F
:103770002620FFF7D3FD0346002B0CBF01230023B7
:103780008DF85F319DF85F31002B06D05F4B1B78C1
:1037900083F00103DBB2002B06D15B4B1B7803F0F7
:1037A0002003DBB2002B07D0574A13786FF3451381
:1037B0001370FFF767FE01E0FFF72EFE0BF0CCF968
:1037C00003461946524A137861F341031370514B73
:1037D000DA8F40F2E7339A4214BF01230023D9B2B3
:1037E0004B4A137861F3C30313704A4BDA8F40F2EC
:1037F000EB239A4214BF01230023D9B2444A137821
:1038000061F304131370444B1978414A137861F340
:1038100045131370002004F05DF94FF4806012F03E
:10382000DFFA00BF0BF0BAFC034683F00103DBB202
:10383000002BF7D10BF0CEFD334B1B784FF08042BD
:10384000C2F820354FF08043D3F81C254FF0804359
:10385000D3F8203531492B4816F077FB294807F07B
:1038600053FF2F4A052313702E4A022313702E4A4A
:103870000523137000235D93264B1B69184615F032
:103880007BFB4FF00002294B15F0BCF802460B46BB
:103890001046194615F0ECFA03469A02244BA3FB96
:1038A00002239B09609300235C934FF4806356933B
:1038B00000235593164A137843F00403137001F064
:1038C000D9F8174B1B78184A1370164B1B78144AFB
:1038D0001370134B1B78023B062B01F26C8001A284
:1038E00052F823F03539010031440100AD470100A1
:1038F000B7490100B149010099450100994501000E
:10390000CCD30200100C0020040C0020E61D002087
:10391000080C00202C000020FB010020F8D302003E
:1039200078000020790000207A00002000408F40BD
:10393000D34D6210B04B1A78B04B1B789A4275D0B9
:1039400001F09AFC07238DF8AC30AD4B18682BA919
:103950000023002213F01CFA5490549B012B02D038
:10396000A84807F0D1FE03238DF8A830A64B1868AD
:103970002AA90023002213F00BFA5490549B012B28
:1039800002D0A24807F0C0FEA14B1B69184615F0F3
:10399000F3FA4FF000029F4B15F034F802460B4645
:1039A0001046194615F064FA03469A029A4BA3FB97
:1039B00002239B096093964B93F84830002B03D069
:1039C00003F00AFE0AF0A0FF0121002005F0BCFB75
:1039D0000021042005F0B8FB0021032005F0B4FB12
:1039E0000121022005F0B0FB0021082005F0ACFB0E
:1039F000FFF796FD0346002B14BF01230023DBB223
:103A000083F00103DBB203F00103DBB219460A20A5
:103A100005F09AFB012001F04DFC12F02FFB5A90AB
:103A200000238DF88E3100238DF88D3100238DF821
:103A30006F3100238DF86E31784B18682EA9002362
:103A4000002213F0A5F95490549B012B02D0744826
:103A500007F05AFE734B18684AAB6622194613F0FA
:103A6000E9FA0346012B40F0B1829DF87E3183F0E4
:103A70000103DBB2002B00F0EF8001238DF87E31D3
:103A8000694B186800230A22684913F081F95490A1
:103A9000549B012B02D0664807F036FE4B9B18461C
:103AA00015F06AFA02460B46CDE90023614A6249E5
:103AB000624816F04AFA6149132007F0C5FDFFF786
:103AC00086FC5390539B03F00103002B14BF01238A
:103AD0000023DBB29C46539B03F00203002B14BF70
:103AE00001230023DBB21F46539B03F00403002B8A
:103AF00014BF01230023DBB21E46539B03F00803CF
:103B0000002B14BF01230023DBB21D46539B03F49B
:103B10008033002B14BF01230023DBB21C46539BD0
:103B200003F40033002B14BF01230023DBB218463B
:103B3000539B03F48023002B14BF01230023DBB22B
:103B40001946539B03F40023002B14BF01230023C9
:103B5000DBB21A46539B03F48013002B14BF0123DE
:103B60000023DBB20793069205910490039402951B
:103B7000019600976346539A3149304816F0E5F9AB
:103B80002E49132007F060FD2E48FFF726FC2E4B30
:103B90001B781A462D49294816F0D7F92748FFF710
:103BA0007DFC2649132007F04FFDFFF7ABFC0346D1
:103BB00083F00103DBB2002B4ED0FFF7A3FC0346DA
:103BC000002B14BF01230023DBB283F00103DBB21F
:103BD00003F00103DBB219460B2005F0B5FA1C4BCC
:103BE0001B781A461B49154816F0AFF913491520E2
:103BF00007F02AFD30E000BF7A00002078000020A6
:103C00008028002024D40200984400205CD40200C4
:103C10002C00002000408F40D34D6210900D0020FA
:103C200090D40200980B00201C290020E807030014
:103C3000D8D4020000D5020020D50200100C0020CC
:103C40002CD502000F001F00040C002094D50200A8
:103C5000080C0020B0D5020005F08AF803468DF864
:103C60004B318B4B1B8907EE903AF8EE677A17EED3
:103C7000900A15F081F94FF00002864B14F05EFFB8
:103C800002460B46104619467DA3D3E9002314F0E3
:103C9000B9FE02460B46104619467BA3D3E9002322
:103CA00014F08AFD02460B461046194615F07EF9BF
:103CB00003465193784B5093754B5B8907EE903ACE
:103CC000F8EE677A17EE900A15F056F94FF00002F9
:103CD000704B14F033FF02460B461046194668A39A
:103CE000D3E9002314F08EFE02460B461046194617
:103CF00065A3D3E9002314F05FFD02460B4610468E
:103D0000194615F053F903464F93DDED4B7AB7EEA4
:103D1000007AF4EEC77AF1EE10FA0DD54B9B1846F7
:103D200015F02AF902460B465C495D4816F00DF97C
:103D30005B49152007F088FC9DF84B31012B2ED0F4
:103D4000DDED4B7A9DED507AB4EEE77AF1EE10FAA4
:103D500003D89DF84B31022B10D19DED4B7ADDED50
:103D6000507ADFED506A77EEA67AB4EEE77AF1EE9C
:103D700010FA14DB9DF84B31022B10D14A4A002374
:103D800013704A4B1B7883F00103DBB2002B00F069
:103D9000E68001220121022005F0FEF9DFE09DF816
:103DA0004B31022B00F08C80DDED4B7A9DED507A8B
:103DB000B4EEE77AF1EE10FA0CDDDDED4B7A9DED15
:103DC000517AB4EEE77AF1EE10FA03D89DF84B3150
:103DD000032B15D1DDED4B7A9DED507AB4EEE77AE9
:103DE000F1EE10FA6CDDDDED4B7A9DED4F7AB4EE1D
:103DF000E77AF1EE10FA63D89DF84B31032B5FD1CF
:103E0000294A00231370294B1B7883F00103DBB28E
:103E1000002B04D002220121022005F0BDF99DF8FB
:103E20008E31002B00F09B8000238DF88E31204BCB
:103E3000186800230A221F4912F0AAFF5490549BCD
:103E4000012B02D01C4807F05FFC4B9B184615F075
:103E500093F804460D464F9815F08EF802460B462F
:103E6000CDE9002322462B4614490D4816F06DF883
:103E70000B4807F049FC0A49152007F0E5FB6EE006
:103E8000CECCCCCCCCCCF43F3333333333330740BC
:103E90002C0000200000594000007840F0D50200BE
:103EA000100C00200AD7233C000C0020E61D002047
:103EB0001C290020E8070300D8D402003CD60200E9
:103EC000DDED4B7A9DED517AB4EEE77AF1EE10FA22
:103ED00045DD9DF84B31032B41D08F4A01231370F0
:103EE0009DF88E3183F00103DBB2002B2BD0012330
:103EF0008DF88E31894B186800230A22884912F008
:103F000047FF5490549B012B02D0864807F0FCFBDE
:103F10004B9B184615F030F804460D46519815F0A5
:103F20002BF802460B46CDE90223CDE900457E4A37
:103F30007E497F4816F009F87D4807F0E5FB7C498B
:103F4000152007F081FB7B4B1B7883F00103DBB26C
:103F5000002B04D003220121022005F01DF9DDED24
:103F60004C7A9FED757AF4EEC77AF1EE10FA2DDBFC
:103F70009DF88D3183F00103DBB2002B21D00123AA
:103F80008DF88D31654B186800230A22644912F0C0
:103F9000FFFE5490549B012B02D0624807F0B4FB03
:103FA0004C9B184614F0E8FF02460B46CDE900236F
:103FB000624A63495E4815F0C8FF5D49162007F064
:103FC00043FB604A13786FF3820313705D9B0133E8
:103FD0005D935D4BD3ED016A5B4B93ED007AC6EECA
:103FE000877AFDEEE77A17EE901A5D9A92FBF1F36D
:103FF00001FB03F3D31A002B10D102238DF8AC3050
:10400000524B18682BA90023002212F0C1FE5490D5
:10401000549B012B02D04E4807F076FB4D4B18689D
:1040200049AB0022194613F005F80346012B29D1AC
:10403000494807F069FB00238DF8A43000238DF870
:10404000A530464B186829A90023002212F0A0FED3
:104050005490549B012B02D0414807F055FB414B33
:1040600018680DF223134FF0FF32194612F0E2FFE9
:104070005490549B012B02D03B4807F045FB012391
:104080008DF87F31374B18680DF223130022194643
:1040900012F0D0FF0346012B02D101238DF87F31AE
:1040A0009DF82431022B07D1002001F003F92F4A9B
:1040B0000623137000F086BC9DF87F31002B65D07D
:1040C0009DF82431012B1ED19DF82331002B1AD0ED
:1040D000264A04231370002001F0ECF8002104208C
:1040E00005F032F80021032005F02EF8002102200F
:1040F00005F02AF801210D2005F026F8032000F034
:1041000067FC00F05FBC9DF82331002B30D001210B
:10411000012005F019F836E0000C00201C290020D1
:10412000E8070300D8D4020088D60200ACD602000B
:10413000100C0020E61D002000006C42CCD60200CE
:10414000ECD60200080C00202C0000208028002063
:10415000F4D60200B00B002030D70200D41D00209E
:1041600050D70200B40B002094D702007900002041
:104170009DF8233183F00103DBB2002B03D0002133
:10418000012004F0E1FF00238DF87F31BDF83831C4
:10419000ADF834319F4B18684EAB4FF0FF321946E3
:1041A00012F048FF5490549B012B02D09A4807F01C
:1041B000ABFA9DF838318DF86F319DF839318DF8B3
:1041C0006E319DF8383183F00103DBB2002B03D050
:1041D0009DF83431002B0AD19DF8393183F0010369
:1041E000DBB2002B07D09DF83531002B03D0002126
:1041F000092004F0A9FF894B5B681B7883F0010359
:10420000DBB2002B13D05D9B07EE903AB8EEE77A55
:10421000834B93ED016A824BD3ED006AC6EE267A9A
:10422000B4EEE77AF1EE10FA01DD00235D937D4BE9
:104230005B78C3F30003DCB2FFF772F9034683F047
:104240000103DBB29C4211D0FFF750F90346002B6B
:1042500014BF01230023DBB283F00103DBB203F0C0
:104260000103DBB219460A2004F06EFF9DF82431E9
:10427000002B0CD19DF86D3183F00103DBB2002BD4
:1042800005D0694A03231370642011F0A9FD644B23
:104290005B7F002B64D011F0F1FE0246629BD31AC3
:1042A000002218931992DDE9184522462B464FF05B
:1042B00000004FF00001590141EAD261500102466D
:1042C0000B462146B2EB0108294663EB01094FF08A
:1042D00000024FF000034FEA890343EA98734FEA64
:1042E000880290469946234618EB030308932B4611
:1042F00049EB030309934FF000024FF00003DDE99F
:1043000008452946CB00214643EA51732146CA009D
:10431000CDE908234FF000004FF00001900A40EA79
:104320008350990A04463E4BDB68184614F024FE7D
:104330004FF000023D4B14F065FB02460B46104661
:10434000194614F095FD03469C4209D99DF88F311A
:10435000092B05D1344A03231370642011F040FD6A
:1043600003238DF8243111F089FE02465C9BD31A99
:1043700000221A931B92DDE91A4522462B464FF084
:1043800000004FF00001590141EAD261500102469C
:104390000B462146B2EB010A294663EB010B4FF0B5
:1043A00000024FF000034FEA8B0343EA9A734FEA8F
:1043B0008A0292469B4623461AEB03030A932B4636
:1043C0004BEB03030B934FF000024FF00003DDE9CA
:1043D0000A452946CB00214643EA51732146CA00CB
:1043E000CDE90A234FF000004FF00001900A40EAA7
:1043F0008350990A03465593559A569B9A42C0F0AA
:10440000DD82012000F056FF11F038FE5C900023A1
:104410005593D3E29C0B0020E4D70200A8000020B3
:104420002C000020342800207900002000408F401C
:10443000554B1A78554B1B789A4205D007F0C6FDAC
:104440000021022004F080FE11F018FE02465C9B61
:10445000D31A00221C931D92DDE91C4522462B46EF
:104460004FF000004FF00001590141EAD2615001C4
:1044700002460B462146511A0C91294663EB010373
:104480000D934FF000024FF00003DDE90C67394651
:104490008B00314643EA917331468A001046194633
:1044A000CDE90C01034622469B180E930B462A4683
:1044B00053410F934FF000024FF00003DDE90E452A
:1044C0002946CB00214643EA51732146CA00CDE973
:1044D0000E234FF000004FF00001900A40EA835095
:1044E000990A03465593559A569B9A4207D3012041
:1044F00000F0E0FE11F0C2FD5C900023559307F040
:10450000B3FD03468DF88F3111F0B8FD6290204B5A
:1045100018680DF223130022194612F08BFD034692
:10452000012B02D101238DF87F319DF87F31002BC3
:1045300016D09DF82331002B04D00121012004F076
:1045400003FE0AE09DF8233183F00103DBB2002B68
:1045500003D00021012004F0F7FD00238DF87F3106
:104560009DF88F31012B03D10A4A0223137029E2EF
:104570009DF88F31002B03D1064A0323137021E2EB
:10458000044A072313701DE27A00002078000020FF
:10459000B40B002079000020BC4B1A78BC4B1B7870
:1045A0009A4268D00121002004F0CEFD00210420B1
:1045B00004F0CAFD0021032004F0C6FD0021022002
:1045C00004F0C2FD0021082004F0BEFD11F056FDEC
:1045D0006190609B00221E931F92DDE91E452246DA
:1045E0002B464FF000004FF00001590141EAD26123
:1045F000500102460B462146511A1091294663EBA1
:10460000010311934FF000024FF00003DDE9106742
:1046100039468B00314643EA917331468A00104691
:104620001946CDE91001034622469B1812930B460A
:104630002A46534113934FF000024FF00003DDE987
:1046400012452946CB00214643EA51732146CA0050
:10465000CDE912234FF000004FF00001900A40EA2C
:104660008350990A03461A468A498B4815F06DFC17
:10467000894807F049F811F001FD02465C9BD31A06
:10468000002220932192DDE9204522462B464FF05F
:1046900000004FF00001590141EAD2615001024689
:1046A0000B462146511A1491294663EB01031593D9
:1046B0004FF000024FF00003DDE9146739468B002C
:1046C000314643EA917331468A0010461946CDE9D6
:1046D0001401034622469B1816930B462A46534163
:1046E00017934FF000024FF00003DDE9164529460D
:1046F000CB00214643EA51732146CA00CDE9162377
:104700004FF000004FF00001900A40EA8350990AF0
:1047100003465593559A569B9A4207D3012000F0C1
:10472000C9FD11F0ABFC5C9000235593BDF8383106
:10473000ADF83431594B18684EAB4FF0FF32194683
:1047400012F078FC54909DF838318DF86F319DF857
:1047500039318DF86E319DF8383183F00103DBB2C9
:10476000002B03D09DF83431002B0AD19DF839314C
:1047700083F00103DBB2002B07D09DF83531002B0D
:1047800003D00021092004F0DFFC11F077FC014682
:10479000619A609B13449942C0F0138101210E205D
:1047A00004F0D2FC3E4A022313700AE1374B1A7818
:1047B000374B1B789A4216D006238DF89830394B28
:1047C000186826A90023002212F0E2FA5490549BA4
:1047D000012B02D0344806F097FF00235E9301219D
:1047E000002004F003FE5E9A531C5E93092A05DD47
:1047F00000235E930121002004F0F8FD2B4B186884
:1048000049AB0022194612F015FC0346012B26D1B4
:1048100000238DF8943000238DF89530244B1868D0
:1048200025A90023002212F0B3FA5490549B012BC7
:1048300002D0204806F068FF1F4B18680DF22313C2
:104840004FF0FF32194612F0F5FB5490549B012BA8
:1048500002D01A4806F058FF01238DF87F31164B1D
:1048600018680DF223130022194612F0E3FB0346E9
:10487000012B02D101238DF87F319DF82431022BC9
:104880001ED1074A062313709CE000BF7A00002067
:104890007800002024D80200100D00209C0B00207E
:1048A000790000208028002044D80200B00B0020AE
:1048B000D41D00208CD80200B40B0020CCD80200FC
:1048C0009DF87F31002B57D09DF82431002B15D156
:1048D0009DF82331002B11D003238DF824310021C2
:1048E0000D2004F031FC384A02231370012000F03F
:1048F0006FF80021002004F079FD39E09DF82431A3
:10490000002B18D19DF8233183F00103DBB2002B7B
:1049100011D003238DF8243100210D2004F014FC64
:10492000294A02231370002000F052F800210020D1
:1049300004F05CFD1CE09DF82431012B03D19DF8AF
:104940002331002B14D19DF82431032B10D19DF875
:10495000233183F00103DBB2002B09D000210D20AD
:1049600004F0F2FB184A02231370002000F030F824
:1049700000238DF87F3117E0144B1B7883F001037F
:10498000DBB2002B10D003238DF8243100210D2041
:1049900004F0DAFB0C4A02231370012000F018F82F
:1049A0000021002004F022FD662011F019FA09E030
:1049B000FEF71EFD06E000BFFEF783BF00BFFEF757
:1049C00080BF00BFFEF77DBF79000020E61D0020FC
:1049D00000B585B003468DF8073000238DF80B3005
:1049E00001238DF808309DF807308DF809301B48F9
:1049F00006F08AFE9DF80730012B03D009F022F95A
:104A000009F008F9164B186802A90023002212F0D9
:104A1000BFF90390039B012B02D0124806F074FEED
:104A2000114B1B680DF10B014FF0FF32184612F0CD
:104A300001FB0390039B012B02D00C4806F064FE9F
:104A40009DF80730012B01D1FEF7C4FB084806F0A2
:104A50005BFE00BF05B05DF804FB00BF1CD902007F
:104A6000D41D002044D90200B80B002084D90200D4
:104A7000D8D9020000B59DB0A84B01930023009344
:104A800000234FF48062A649A64811F005F81B9058
:104A90001B9B012B0ED002AB1B9AA349184615F0A5
:104AA00054FA02AB184606F02FFE9C4B1B681846C2
:104AB00011F026F99D4B01930023009300234FF43E
:104AC00080629B499B4810F0E7FF1B901B9B012BCA
:104AD0000ED002AB1B9A9849184615F036FA02AB75
:104AE000184606F011FE914B1B68184611F008F9A4
:104AF000924B01930023009300234FF400629049EE
:104B0000904810F0C9FF1B901B9B012B0ED002ABED
:104B10001B9A8D49184615F018FA02AB184606F094
:104B2000F3FD864B1B68184611F0EAF8874B01939A
:104B30000023009300234FF480628549854810F0DC
:104B4000ABFF1B901B9B012B0ED002AB1B9A824923
:104B5000184615F0FAF902AB184606F0D5FD7B4B66
:104B60001B68184611F0CCF87C4B0193002300938E
:104B700000234FF480627A497A4810F08DFF1B9031
:104B80001B9B012B0ED002AB1B9A7749184615F0E0
:104B9000DCF902AB184606F0B7FD704B1B681846EF
:104BA00011F0AEF8714B01930023009300234FF4F2
:104BB00080626F496F4810F06FFF1B901B9B012BA9
:104BC0000ED002AB1B9A6C49184615F0BEF902AB29
:104BD000184606F099FD654B1B68184611F090F8D1
:104BE000664B01930023009300234FF480626449D5
:104BF000644810F051FF1B901B9B012B0ED002ABA1
:104C00001B9A6149184615F0A0F902AB184606F048
:104C10007BFD5A4B1B68184611F072F85B4B0193F1
:104C2000002300930023642259495A4810F034FFAE
:104C30001B901B9B012B0ED002AB1B9A56491846AA
:104C400015F083F902AB184606F05EFD4F4B1B686A
:104C5000184611F055F8514B01930023009300239F
:104C60004FF480624E494F4810F016FF1B901B9B7B
:104C7000012B0ED002AB1B9A4B49184615F065F973
:104C800002AB184606F040FD444B1B68184611F075
:104C900037F8464B01930023009300234FF48062C2
:104CA0004349444810F0F8FE1B901B9B012B0ED08B
:104CB00002AB1B9A4049184615F047F902AB18465B
:104CC00006F022FD394B1B68184611F019F83B4BD2
:104CD00001930023009300234FF480623849394840
:104CE00010F0DAFE1B901B9B012B0ED002AB1B9A1F
:104CF0003549184615F029F902AB184606F004FDAF
:104D00002A4B1B68184610F0FBFF304B0193002321
:104D1000009300234FF480622D495BE0680B002074
:104D200004DA0200FDAD010010DA02006C0B002075
:104D300038DA0200C9B0010044DA0200700B00202A
:104D40006CDA02001D9B010078DA0200740B00206F
:104D5000A0DA0200CD530100ACDA0200780B00208B
:104D6000E0DA02000D600100E8DA0200840B0020A6
:104D700018DB0200955D01002CDB02007C0B00209B
:104D80005CDB020089BB010064DB0200800B0020B9
:104D900088DB02009992010090DB0200880B002062
:104DA000B4DB020039970100C0DB02008C0B00204D
:104DB000F0DB02007D8D0100F8DB0200900B00208B
:104DC00030DC0200C5EC01003CDC0200940B00204A
:104DD0006CDC02000C4810F05FFE1B901B9B012B4B
:104DE0000ED002AB1B9A0949184615F0AEF802AB7B
:104DF000184606F089FC064B1B68184610F080FF29
:104E000000BF1DB05DF804FBF103020074DC02007A
:104E1000940B002008B500220C21052011F060FF42
:104E20000346AA4A1360A94B1B68002B02D1A8486D
:104E300006F06AFC00220221012011F051FF034616
:104E4000A44A1360A34B1B68002B02D1A24806F0B2
:104E50005BFC00220121042011F042FF03469F4A1F
:104E600013609E4B1B68002B02D19D4806F04CFC42
:104E700000220121012011F033FF0346994A1360FB
:104E8000984B1B68002B02D1974806F03DFC00228E
:104E90001421052011F024FF0346944A1360934B1C
:104EA0001B68002B02D1924806F02EFC0022012143
:104EB000012011F015FF03468E4A13608D4B1B68CD
:104EC000002B02D18C4806F01FFC0022012101209A
:104ED00011F006FF0346894A1360884B1B68002BBC
:104EE00002D1874806F010FC00220121012011F0B8
:104EF000F7FE0346834A1360824B1B68002B02D1E6
:104F0000814806F001FC00220121012011F0E8FE99
:104F100003467E4A13607D4B1B68002B02D17C4800
:104F200006F0F2FB00224021012011F0D9FE0346D9
:104F3000784A1360774B1B68002B02D1764806F045
:104F4000E3FB002228210A2011F0CAFE0346734A1F
:104F50001360724B1B68002B02D1714806F0D4FB22
:104F600000220C21142011F0BBFE03466D4A136091
:104F70006C4B1B68002B02D16B4806F0C5FB00226E
:104F800004210A2011F0ACFE0346684A1360674B07
:104F90001B68002B02D1664806F0B6FB00220121F7
:104FA0000A2011F09DFE0346624A1360614B1B68A4
:104FB000002B02D1604806F0A7FB002202210A2044
:104FC00011F08EFE03465D4A13605C4B1B68002B9C
:104FD00002D15B4806F098FB002201210A2011F063
:104FE0007FFE0346574A1360564B1B68002B02D1C5
:104FF000554806F089FB00220C21012011F070FEBB
:105000000346524A1360514B1B68002B02D1504893
:1050100006F07AFB00224FF48C71142011F060FE30
:1050200003464C4A13604B4B1B68002B02D14A4885
:1050300006F06AFB002202211E2011F051FE0346F9
:10504000464A1360454B1B68002B02D1444806F0CA
:105050005BFB00220121012011F042FE0346414A80
:105060001360404B1B68002B02D13F4806F04CFBFD
:10507000002204210A2011F033FE03463B4A13604C
:105080003A4B1B68002B02D1394806F03DFB002249
:1050900003210A2011F024FE0346364A1360334BE5
:1050A0001B68002B02D1344806F02EFB00220121A0
:1050B000012011F015FE0346304A13602F4B1B6888
:1050C000002B5FD12E4806F01FFB5BE0980B002001
:1050D0009CDC02009C0B0020CCDC0200A00B00201A
:1050E000F4DC0200A40B002024DD0200A80B002049
:1050F00050DD0200AC0B00207CDD0200B40B002070
:10510000ACDD0200B80B0020DCDD0200BC0B00208F
:105110000CDE0200C40B00203CDE0200102900203F
:1051200068DE02008028002090DE0200900D002042
:10513000B8DE020040280020E0DE0200D41D00207E
:1051400008DF0200E01D00202CDF020018290020EB
:1051500054DF02001C29002088DF02003C280020C8
:10516000B8DF0200B00B0020E8DF02009429002025
:1051700018E00200302800203CE00200C00B0020B4
:1051800060E00200002203210A2011F0A9FD03467D
:10519000054A1360044B1B68002B02D1034806F03C
:1051A000B3FA00BF08BD00BF984400208CE00200A5
:1051B00000B583B001900091034806F0A5FA00BF46
:1051C00003B05DF804FB00BFB0E0020000B59FB083
:1051D000F5F782F91D901D9B1C931C9B002B05D09D
:1051E000204A40F246611C98ECF742F90020F5F79E
:1051F000D5F900BFF5F720FA034683F00103DBB2CF
:10520000002BF7D1FEF7FEF9FEF73DFAF6F704FBA7
:1052100000F0F2FAFFF7FEFD134B01930023009319
:1052200000234FF480621149114810F035FC1B90A7
:105230001B9B012B0ED002AB1B9A0E49184614F093
:1052400084FE02AB184606F05FFA074B1B6818464F
:1052500010F056FD10F0F6FD002318461FB05DF863
:1052600004FB00BFD8E00200640B00201CE1020038
:10527000C136010028E1020000B583B002238DF899
:10528000003000238DF80130084B18686946002370
:10529000002211F07DFD0190019B012B02D00448FA
:1052A00006F032FA00BF03B05DF804FB3C28002092
:1052B0004CE1020000B585B003468DF807300023AD
:1052C000ADF8083000238DF808309DF807308DF8D0
:1052D0000930094B186802A90023002211F058FD7B
:1052E0000390039B012B02D0044806F00DFA00BF87
:1052F00005B05DF804FB00BF3C2800204CE1020033
:1053000000B585B0019000238DF80830084B18686F
:1053100002A90023002211F03BFD0390039B012B07
:1053200002D0044806F0F0F900BF05B05DF804FBB8
:10533000900D0020C0E1020010B584B04FF400735E
:105340000393124B1868642300930023039A0421EB
:1053500012F03AFA0346012B02D00D4806F0D4F9B8
:105360000A4B1C6810F08AFE0246002300930023BB
:105370000121204612F028FA0346012B02D00548ED
:1053800006F0C2F900BF04B010BD00BF940D0020AC
:1053900000E2020028E2020000B583B0094B186861
:1053A0006423009300230022032112F00DFA034628
:1053B000012B02D0044806F0A7F900BF03B05DF846
:1053C00004FB00BF940D002048E2020000B5A7B026
:1053D0000390794B1B88ADF8843000238DF897300B
:1053E00001238DF88330754B1B88ADF87C30744BEE
:1053F0001B88ADF878304FF400732493714B009301
:10540000002301222499704812F094F903466F4A50
:105410001360FFF791FF6E4B1B6822A94FF0FF321C
:10542000184611F007FE2390239B012B03D06948F7
:1054300006F06AF9EFE79DF88830052B00F2B0809E
:1054400001A252F823F000BF615401008154010011
:105450002D5501006B550100A1550100815501003A
:105460005D4B186821A90023002211F091FC2390C4
:10547000239B012B00F09680584806F045F991E0F7
:10548000002003F0E1FB03461A46554B1A6000204A
:1054900003F0F2FB53EC102B1046194613F086FD77
:1054A00006EE900A9FED4F7AC6EE877A4C4BC3ED1D
:1054B000017A052010F094FC002003F01FFC53EC4F
:1054C000102B1046194613F071FD0346444A9360B1
:1054D0009DF88930002B16D1434B186800234FF4F8
:1054E0007A723F4911F054FC2390239B012B5BD02F
:1054F00005AB239A3D49184614F027FD05AB184625
:1055000006F002F950E09DF88930012B4CD1384B60
:10551000186800230022324911F03AFC2390239BA3
:10552000012B41D0334806F0EFF83DE0274B1B68D4
:10553000184612F0D9FB0346012B01D1FFF72CFFCF
:1055400001238DF8843000238DF88530224B1868B4
:1055500021A90023002211F01BFC2390239B012B87
:1055600024D01E4806F0D0F820E0184B1B681846DF
:1055700012F0BAFB0346002B1AD1FFF7DDFE17E04D
:105580001D4B18680DF183010023002211F000FC6F
:105590002390239B012B0DD0184806F0B5F809E0A5
:1055A00000BF38E700BF36E700BF34E700BF32E78F
:1055B00000BF30E700BF2EE7C8E30200CCE30200E3
:1055C000D0E302000153010068E20200940D0020C4
:1055D000900D002078E202003C2800209CE20200AE
:1055E0007C00002000007A44980B0020ECE20200CE
:1055F0001829002038E30200A00B00207CE3020001
:1056000082B00190019B184602B0704782B00190B1
:10561000019B184602B0704782B00190019B18466A
:1056200002B0704700B585B0019002238DF80830B4
:1056300000238DF80930094B186802A900230022C5
:1056400011F0A6FB0390039B012B02D0044806F047
:105650005BF800BF05B05DF804FB00BFD41D00205F
:10566000F8E3020010B584B066230393114B186869
:10567000642300930023039A042112F0A5F8034643
:10568000012B02D00C4806F03FF80A4B1C6810F0C2
:10569000F5FC02460023009300230121204612F06E
:1056A00093F80346012B02D0044806F02DF800BF02
:1056B00004B010BD341E002030E4020054E40200A7
:1056C00000B583B0094B18686423009300230022BF
:1056D000032112F079F80346012B02D0044806F0AA
:1056E00013F800BF03B05DF804FB00BF341E0020B8
:1056F00070E4020000B585B0019000238DF80B30F6
:10570000094B18680DF10B010023002211F040FB3A
:105710000390039B012B02D0044805F0F5FF00BF66
:1057200005B05DF804FB00BFE01D00208CE4020022
:1057300010B584B00A230393114B186864230093B7
:105740000023039A042112F03FF80346012B02D0F4
:105750000C4805F0D9FF0A4B1C6810F08FFC02467C
:105760000023009300230121204612F02DF8034668
:10577000012B02D0044805F0C7FF00BF04B010BDE4
:10578000381E0020C0E40200F0E4020000B583B03F
:10579000094B18686423009300230022032112F0B0
:1057A00013F80346012B02D0044805F0ADFF00BFFB
:1057B00003B05DF804FB00BF381E002018E50200AE
:1057C00000B583B001238DF80330094B18680DF143
:1057D00003010023002211F0DBFA0190019B012B51
:1057E00002D0044805F090FF00BF03B05DF804FB51
:1057F000B80B002040E5020008B50322002101207B
:1058000011F06EFA0346094A1360084B1B68002B1F
:1058100003D107499920F1F791F8044B1868002348
:105820000022002111F0B4FA00BF08BD602700205B
:105830008CE5020000B585B0019000911C4B1B78EF
:1058400083F00103DBB2002B29D11A4B1B7883F0C4
:105850000103DBB2002B22D1174B1B684FF0FF3145
:10586000184611F0B1FC0346012B1AD11348FFF77B
:10587000C7FE0390009B1A4601990398F4F73EFB7C
:1058800002900D4B186800230022002111F080FACD
:10589000029B112B07D10A2010F0A2FADCE700BF0F
:1058A00002E000BF00E000BF05B05DF804FB00BFF0
:1058B000E81D0020F01D002060270020F8E902000C
:1058C00000B5A9B001900B468DF803300198FFF7A1
:1058D0009DFE27909DF80330032B5FD801A252F85C
:1058E00023F000BF1F5901009D590100F558010028
:1058F0000F5901002C4805F007FF2C4B01221A70AC
:1059000001222B492B48F4F753FB269047E02A4805
:1059100005F0FAFE254B00221A7040E000BF2798E0
:10592000F4F738FB2590254B1B68214A12781A7032
:10593000224B1B680133214A1360204B1B68002255
:105940001A701F4815F08DF803463C2B02D91D48EC
:1059500005F0DAFE012216491648F4F729FB2490D7
:10596000249B002BDAD003AB40221549184614F0D3
:1059700086FB154B186803A90023002211F008FAD2
:105980002390239B012B02D0104805F0BDFE0B4B4A
:105990000B4A1A600A4B00221A7000E000BF00BFD9
:1059A00029B05DF804FB00BFD0E50200F01D002027
:1059B000D01D0020F8E90200E4E502008C00002080
:1059C000F41D0020F8E50200C40B00202CE60200C4
:1059D00000B583B003468DF807309DF80730023BD1
:1059E0000C2B6FD801A252F823F000BF215A0100FE
:1059F000295A0100C55A0100C55A0100C55A0100C3
:105A0000C55A01004D5A0100755A0100B35A0100F0
:105A1000C55A0100C55A0100315A01003F5A010020
:105A20002C4805F071FE50E02B4805F06DFE4CE06F
:105A30002A4805F069FE2A4B01221A7045E02948E0
:105A400005F062FE264B00221A703EE0264805F063
:105A50005BFE264B01221A70254B01221A70FAF7C1
:105A6000B1F8034683F00103DBB2002B2CD0ECF736
:105A70006DFB29E01F4805F047FEFAF7A3F803463F
:105A8000002B01D0ECF792FB1B4B00221A701B4B32
:105A90001B7883F00103DBB2002B03D0134B0022F1
:105AA0001A7002E0154B00221A70114B01221A7075
:105AB0000BE0134805F028FEECF752FB114B0122D6
:105AC0001A7002E000BF00E000BF00BF03B05DF845
:105AD00004FB00BF74E6020084E6020094E60200C4
:105AE000E61D0020A4E60200B4E60200E81D002046
:105AF000EF1D0020C8E60200EB1D0020ED1D002078
:105B0000DCE60200D11D002082B001900B468DF82A
:105B1000033000BF02B0704700B589B000238DF894
:105B20001E3000238DF81D3000238DF81C3000231B
:105B30008DF81F3001238DF8143003238DF80430C5
:105B400001238DF80730354B186801A90023002286
:105B500011F01EF90690069B012B50D0304805F03D
:105B6000D3FD4CE02F4B1B68184611F021FC034677
:105B7000002B43D02B4B1B6804A90022184611F0C0
:105B800059FA0690069B012B03D0274805F0BCFD6F
:105B900035E09DF81030013B052B30D801A252F8BA
:105BA00023F000BFBD5B0100CD5B0100FF5B010086
:105BB000ED5B0100FF5B0100DD5B01009DF8113032
:105BC000002B1CD001238DF81E3018E09DF81130F9
:105BD000002B14D001238DF81D3010E09DF81130FA
:105BE000002B0CD001238DF81C3008E09DF81130FB
:105BF000002B04D001238DF81F3000E000BF9DF87A
:105C00001F3083F00103DBB2002BABD1074B012225
:105C10001A7000BF09B05DF804FB00BF80280020A7
:105C2000E8E60200D81D002024E70200E71D00205E
:105C300000B58DB003460A468DF8073013468DF83F
:105C40000630F4F76DFA4948ECF746F90B900B9BD8
:105C50000A930A9B002B05D0454A40F277110A9817
:105C6000EBF706FCECF728FF0B900B9B0993099BC5
:105C7000002B05D03E4A4FF4BD710998EBF7F8FBB5
:105C80003C4B01221A709DF80630002B16D03A4B7F
:105C900001221A703948FFF7BFFC06900698ECF70E
:105CA0009FFD0B900B9B0593059B002B1CD0304A4E
:105CB0004FF4C1710598EBF7DBFB15E02E4B00228A
:105CC0001A702F48FFF7A8FC08900898ECF788FD99
:105CD0000B900B9B0793079B002B05D0244A40F2A7
:105CE00087110798EBF7C4FB9DF80730002B16D0FF
:105CF000244B01221A702448FFF782FC0490049878
:105D0000ECF76EFD0B900B9B0393039B002B09D0CC
:105D1000174A4FF4C7710398EBF7AAFB02E0194B3F
:105D200000221A70ECF7E8F90B900B9B0293029B90
:105D3000002B05D00E4A40F2A9110298EBF798FB10
:105D4000124B1B78022B0CD0104B1B78032B08D066
:105D50000F4B1B78002B04D0FFF732FD0C4B0022B9
:105D60001A7000BF0DB05DF804FB00BF2CEA020002
:105D70008CE50200EC1D0020E91D0020CCE90200AA
:105D80001CEA0200EA1D0020F8E90200E51D0020DF
:105D9000EE1D002000B589B0039000238DF81E3061
:105DA00000238DF81D3000238DF81C3000238DF862
:105DB0001F30834B0093002301220A21814811F0F8
:105DC000B9FC0346804A1360FFF7B2FC7F4B1B7897
:105DD00083F00103DBB2002B06D000210120FFF786
:105DE00027FF7B4B01221A7000238DF81230794B6C
:105DF00018680DF112010023002210F0C9FF06906F
:105E0000069B012B02D0744805F07EFC714B1B6889
:105E10000DF113014FF0FF32184611F00BF9069007
:105E2000069B012B02D06D4805F06EFC9DF81330E7
:105E3000022B00F0B380022BE8DC002B03D0012BF7
:105E400000F0A180BAE000BFECF750FC0346002B45
:105E5000FAD1634B1B78002B27D0624B1B78002BA9
:105E600023D0614B1B7883F00103DBB2002B1CD0E5
:105E70005E4B1B7883F00103DBB2002B15D0544B33
:105E80001B78022B03D0524B1B78032B0DD1FFF74D
:105E900043FE00238DF81E3000238DF81D300023B3
:105EA0008DF81C3000238DF81F304F4B1B78002BD2
:105EB0007FD04F4B1B68184611F07AFA0346002B2F
:105EC0004ED04B4B1B6805A90022184611F0B2F8C2
:105ED0000690069B012B02D0464805F015FC9DF864
:105EE0001430013B052B3DD801A252F823F000BF2E
:105EF000095F01001F5F0100655F01004B5F01004A
:105F0000655F0100355F01009DF81530002B02D060
:105F100001238DF81E30384805F0F6FB23E09DF88C
:105F20001530002B02D001238DF81D30334805F0C9
:105F3000EBFB18E09DF81530002B02D001238DF803
:105F40001C302F4805F0E0FB0DE09DF81530002BCC
:105F500002D001238DF81F302A4805F0D5FB02E05E
:105F600000BF00E000BF9DF81F30002B21D01E4B6A
:105F700000221A701D4B01221A70FFF721FC224BE0
:105F800000221A7015E0104B1B68184611F0ACFE89
:105F90000346012B0FD1FFF7F9FB0CE00A4B1B68FE
:105FA000184611F0A1FE0346002B06D1FFF7C0FBF7
:105FB00003E000BF2AE700BF28E700BF26E700BFD5
:105FC000F556010098E70200381E0020E61D00206B
:105FD000E51D0020E01D00208CE40200ACE702007B
:105FE000E91D0020E81D0020E71D0020EB1D00201A
:105FF000DC1D0020ECE702002CE8020050E8020063
:1060000074E8020094E80200EE1D002000B58BB099
:10601000039000238DF8273005238DF826300023C8
:106020008DF8253000238DF82430704B01221A7032
:106030006F4B00930023012266216E4811F07AFB1A
:1060400003466D4A1360FFF70DFB6C4B1B6805A9F7
:106050004FF0FF32184610F0EDFF0890089B012B1F
:1060600002D0674805F050FB9DF81430042BECD8A3
:1060700001A252F823F000BF8D600100AD60010065
:1060800085610100B1610100C76101005D4B1868C5
:10609000002300225C4910F07BFE0890089B012B36
:1060A00000F09C80594805F02FFB97E0584B0122E7
:1060B0001A709DF81530032B5BD801A252F823F01B
:1060C000D1600100FB600100216101004761010016
:1060D0004D4B1B78002B0DD00920FFF779FCECF716
:1060E0003AF8EBF7A7FF00200AF010FD002101208D
:1060F000FFF79EFDFFF764FB43E09DF81F30012B87
:106100003AD00920FFF764FCECF725F8EBF792FF93
:1061100000210120FFF78CFD0820FFF759FC30E03B
:106120009DF81F30022B29D00920FFF751FCECF716
:1061300012F8EBF77FFF01210020FFF779FD08201F
:10614000FFF746FC1DE09DF81F30032B18D0314BA4
:1061500001221A700920FFF73BFCEBF7FCFFEBF77D
:1061600069FF01210120FFF763FD0820FFF730FCE4
:1061700007E0ECF71BF804E000BF36E000BF34E0B6
:1061800000BF32E0244B1B78002B29D01D4B186830
:10619000002300221C4910F0FBFD0890089B012BF6
:1061A00002D01E4805F0B0FA1B4B00221A7017E00F
:1061B000114B1B68184611F097FD0346012B11D1B6
:1061C000FFF77EFA0EE00C4B1B68184611F08CFDB1
:1061D0000346002B08D1FFF745FA05E000BF34E77E
:1061E00000BF32E700BF30E700BF2EE7E41D00200C
:1061F00025560100B8E80200341E0020D41D0020FE
:10620000C4E80200B40B0020E81D002000E90200F1
:10621000EE1D0020ED1D0020EF1D00204CE90200C6
:1062200086B005908DED040ACDED030A8DED021ABE
:10623000CDED011A0091059B4FF000025A61059BBC
:106240004FF000029A61059B4FF000025A61059BD6
:106250004FF00002DA61059B049A1A62059B039ACB
:106260001A60059B029A5A60059B019A9A60009BEE
:1062700007EE903AF8EEE77A059BC3ED037A059BAB
:106280004FF000021A6100BF06B0704786B005905B
:106290008DED040ACDED030A8DED021ACDED011A44
:1062A000059BD3ED087A9DED047AB4EE677AF1EEA2
:1062B00010FA03D0059B4FF000025A61059B049A27
:1062C0001A62059B039A1A60059B029A5A60059B05
:1062D000019A9A6000BF06B0704786B001908DEDBC
:1062E000000A019B93ED087ADDED007A77EE677A7C
:1062F000CDED047A019BD3ED007A9DED047A67EE33
:10630000277ACDED037A019B93ED057A019BD3EDBE
:10631000016ADDED047A66EEA77A77EE277A019BB3
:10632000C3ED057A019B93ED057A019BD3ED037ACA
:10633000B4EEE77AF1EE10FA04DD019BDA68019B16
:106340005A610EE0019B93ED057A019BD3ED047A2F
:10635000B4EEE77AF1EE10FA03D5019B1A69019BBE
:106360005A61019BD3ED067A9DED007A77EE677A4C
:10637000CDED027A019B93ED007ADDED047A27EEF4
:10638000277A019BD3ED057A37EE277A019BD3ED6F
:10639000026ADDED027A66EEA77A77EE677ACDEDD6
:1063A000057A019BD3ED037A9DED057AB4EEE77A89
:1063B000F1EE10FA03DD019BDB6805930CE0019B15
:1063C000D3ED047A9DED057AB4EEE77AF1EE10FA9A
:1063D00002D5019B1B690593019B059ADA61019B1C
:1063E000009A9A6100BF06B07047000000B583B004
:1063F00001900091019B002B01D1054B0193009965
:106400000198FBF707F90346184603B05DF804FB53
:1064100088EA020082B0019000BF02B0704700001D
:1064200000B583B00DF1020319460120FBF7E0F936
:10643000BDF90230184600F027F88DED010A114B26
:10644000D3ED0C7AB7EE007A77EE877A9DED017A7C
:10645000B4EEE77AF1EE10FA0DDA0A4BD3ED0C7ACE
:10646000B7EE007A77EE677A9DED017AB4EEE77ABF
:10647000F1EE10FA01D8012300E00023184603B022
:106480005DF804FB2C00002084B00346ADF8063014
:10649000BDF9063007EE903AF8EEE77ACDED037AD3
:1064A000DDED037A9FED0A7A67EE877ACDED037A08
:1064B0009DED037ADFED076AC7EE267ACDED037A0C
:1064C000039B07EE903AB0EE670A04B0704700BF36
:1064D0000000614000007A4400B587B0134A6B4663
:1064E00007CA03C31A7012490020FFF77FFF059007
:1064F000059B0493049B002B04D00E4A4921049869
:10650000EAF7B6FF6B4619460120FBF7F3F8059052
:10651000059B0393039B002B04D0064A4D2103984F
:10652000EAF7A6FF00BF07B05DF804FB7CEA0200B3
:106530001564010038EA020000B583B00190019BA8
:1065400004331846FBF7E8FC00BF03B05DF804FB1A
:1065500000B583B00190019B04331846FBF72EFD74
:1065600000BF03B05DF804FB00B583B00190019B50
:1065700004331846FBF74CFD00BF03B05DF804FB85
:1065800000B589B0059003921A460B468DF813307A
:1065900013468DF8123000230793059B181D9DF8B4
:1065A00012209DF813109DF8283000931346039A8B
:1065B000FCF788F80790079B184609B05DF804FBC4
:1065C00000B587B0039001921A460B468DF80B3048
:1065D00013468DF80A3000230593039B181D9DF880
:1065E0000A309DF80B10019AFCF794F80590059B72
:1065F000184607B05DF804FB00B583B00190019B1D
:106600001B68184600F08BF80346002B04D10B4999
:106610004FF4F670F0F792F9019B1B681F2B02D81C
:106620004FF0A04306E0019B1B6803F01F02019B93
:106630001A60034B184603B05DF804FB8CEA0200B5
:106640000003005000B585B00190084611461A4677
:1066500003468DF803300B468DF8023013468DF853
:10666000013001AB1846FFF7C7FF03909DF80320E8
:106670009DF802305B001A439DF801309B001A43DD
:106680009DF818301B0242EA03019DF81C301B04E0
:10669000019A1943039B02F5E07243F8221000BFF0
:1066A00005B05DF804FB00B585B0019001AB18465C
:1066B000FFF7A2FF0390019B012202FA03F31946A0
:1066C000039800F018F800BF05B05DF804FB00B5B2
:1066D00085B0019001AB1846FFF78EFF0390019B38
:1066E000012202FA03F31946039800F00EF800BFE6
:1066F00005B05DF804FB82B001900091019B009A07
:10670000C3F8082500BF02B0704782B00190009125
:10671000019B009AC3F80C2500BF02B0704784B0FB
:106720000190019B5B09029300230393029B002BC2
:1067300003D0029B012B04D007E04FF0FF330393FB
:1067400003E04FF6FF73039300BF019B03F01F03A9
:106750000193039A019B22FA03F303F00103002B38
:1067600014BF01230023DBB2184604B070470000B9
:1067700000B595B003460A468DF80F3013468DF8E4
:106780000E309DF80F301B013A4A13441846FFF7AC
:10679000EBFE9DF80F301B01364A13441846FFF7F5
:1067A000CBFE9DF80F30344A1B01134418680023B8
:1067B000019307230093032301220121FFF742FFE6
:1067C000002313931AE09DF80F302B4A1B0113444A
:1067D0001B681846FFF77BFF01200FF001FB9DF8B7
:1067E0000F30254A1B0113441B681846FFF75BFF57
:1067F00001200FF0F5FA139B01331393139B082B21
:10680000E1DD9DF80F301C4A1B011344186800237A
:10681000019307230093032300220021FFF712FFB7
:1068200005200FF0DDFA9DF80F301B01114A981872
:106830009DF80F301B01104A991800230022FCF725
:10684000A5F99DF80F209DF80E3004A8009313467B
:106850000A4A3C2113F065FB04AB184604F054FFD0
:10686000074B1B680133064A136000BF15B05DF883
:1068700004FB00BF60EB02006C270020D4EA02009A
:106880008C27002010B58CB0049103921A46034661
:106890008DF8173013468DF816309DF81730012B00
:1068A00067D89DF81630002B03D14FF0CC730B93B3
:1068B00002E04FF0CD630B93039B0693049B079379
:1068C0000B9B089302238DF8243000238DF825308C
:1068D00000238DF826309DF81730274A1B011344FA
:1068E0001C4606AB0FCB84E80F009DF817301B0148
:1068F000224A98189DF817301B011F4A9918002347
:106900000022FCF743F90A90002301930723009328
:106910000323002200210398FFF794FE0023019334
:10692000072300930323002200210498FFF78AFE27
:106930009DF8174003220021012010F0D1F90346F1
:106940000F4A42F824309DF817300D4A52F8233090
:10695000002B03D10B497420EFF7F0FF9DF817309F
:10696000074A52F8230000230022002110F010FAF9
:1069700000E000BF0CB010BD6C27002060EB0200EF
:106980006427002010EB020000B587B00293034695
:106990008DF80F300B468DF80E3013468DF80D3004
:1069A000374A9DF80D301370BDF82030002B01D10F
:1069B000092361E09DF80F30324A52F8233032212A
:1069C000184610F001FC0346012B01D0112353E0BF
:1069D00000238DF813303EE09DF80F301B012A4A4A
:1069E00013441846FFF7B4FD9DF80F301B01264AEB
:1069F00098189DF80E10012300930123204AFFF7F9
:106A0000BFFD0590059B002B0DD19DF80F301B019C
:106A10001D4A9818BDF82030DBB29DF80E10029A7E
:106A2000FFF7CEFD05909DF80F301B01164A134469
:106A30001846FFF799FD059B002B11D09DF80E20FD
:106A40009DF80F3011461846FFF792FE9DF813305F
:106A500001338DF813309DF81330022BBCD900E0C0
:106A600000BF9DF80F30074A52F823000023002290
:106A7000002110F08DF9059B184607B05DF804FB66
:106A8000902700206427002060EB020000B587B04B
:106A9000029303468DF80F300B468DF80E301346E7
:106AA0008DF80D30384A9DF80D301370BDF8203048
:106AB000002B01D1092363E09DF80F30334A52F8CF
:106AC00023303221184610F07FFB0346012B01D002
:106AD000112355E000238DF8133040E09DF80F306E
:106AE0001B012B4A13441846FFF732FD9DF80F3067
:106AF0001B01274A98189DF80E10012300930123CB
:106B0000214AFFF73DFD0590059B002B0FD19DF815
:106B10000F301B011E4A9818BDF82030DBB29DF8DB
:106B20000E1000220092029AFFF72AFD05909DF8B0
:106B30000F301B01164A13441846FFF715FD059B3D
:106B4000002B11D09DF80E209DF80F3011461846ED
:106B5000FFF70EFE9DF8133001338DF813309DF8CA
:106B60001330022BBAD900E000BF9DF80F30074A5E
:106B700052F8230000230022002110F009F9059BA0
:106B8000184607B05DF804FB912700206427002019
:106B900060EB020000B587B0029303468DF80F301A
:106BA0000B468DF80E3013468DF80D30304A9DF8A7
:106BB0000D301370BDF82030002B01D1092352E0B5
:106BC0009DF80F302B4A52F823303221184610F02E
:106BD000FBFA0346012B01D0112344E000238DF87A
:106BE00013302FE09DF80F301B01234A1344184641
:106BF000FFF7AEFC9DF80F301B011F4A9818BDF837
:106C00002030DBB29DF80E1000220092029AFFF7AE
:106C1000B7FC05909DF80F301B01174A1344184626
:106C2000FFF7A2FC059B002B11D09DF80E209DF8CC
:106C30000F3011461846FFF79BFD9DF813300133C6
:106C40008DF813309DF81330022BCBD900E000BF34
:106C50009DF80F30074A52F823000023002200213C
:106C600010F096F8059B184607B05DF804FB00BFCE
:106C7000922700206427002060EB020000B587B057
:106C800003468DF80F300B468DF80E3013468DF805
:106C90000D301E4B1B78002B01D0022332E01B4B22
:106CA00001221A701A4A9DF80E301370194A9DF885
:106CB0000D3013709DF80F30002B06D101238DF895
:106CC000173077238DF8163000BF9DF80E209DF801
:106CD00016109DF81700012300930D4BFFF7D6FE09
:106CE0000490049B002B09D0084B00221A70049BCF
:106CF000112B01D1022305E0012303E0034B002205
:106D00001A700023184607B05DF804FB9327002093
:106D1000C02700209427002000B587B002930346C7
:106D20008DF80F300B468DF80E3013468DF80D3070
:106D30001E4B1B78002B01D0022333E01B4B01229A
:106D40001A701B4A9DF80D3013709DF80F30002B00
:106D500006D101238DF8173077238DF8163000BF48
:106D60009DF820309BB29DF80E209DF816109DF8DE
:106D700017000093029BFFF707FE0490049B002B73
:106D80000CD00A4B00221A70049B112B01D1022354
:106D900008E0084804F0B8FC012303E0034B00229C
:106DA0001A700023184607B05DF804FB93270020F3
:106DB0009427002080EB020000B583B003468DF8D5
:106DC00007309DF80730042248211846FFF756FF88
:106DD0000346184603B05DF804FB00000000000005
:106DE000F0B58BB0034602918DF80F30C24B1B7883
:106DF0008DF814300DF1150300221A8005AB9DF8B3
:106E00000F000322009205220021FFF785FF0346B1
:106E10008DF827309DF814301A049DF815301B02A8
:106E200013449DF8162013440893089812F068F84C
:106E30004FF00002B14B11F081FE02460B461046A6
:106E4000194612F015F8034607939DF80F20AC4938
:106E500013469B0013445B000B4408331B881A46FF
:106E60001346DB079B1A5B00184612F035F8044600
:106E70000D469FED8F1B9FED900B12F0B9FB53EC6D
:106E8000102B2046294611F0BDFD02460B46144644
:106E90001D46079812F034F802460B469FED881BFA
:106EA00043EC102B12F0A4FB53EC102B2046294688
:106EB00011F0A8FD02460B4616461F469DF80F200E
:106EC0008F4913469B0013445B000B4406331B8819
:106ED0009B00184612F000F804460D469FED7A1B01
:106EE0009FED750B12F084FB53EC102B20462946C6
:106EF00011F088FD02460B4614461D46079811F016
:106F0000FFFF02460B469FED721B43EC102B12F065
:106F10006FFB53EC102B2046294611F073FD0246FF
:106F20000B463046394611F047FC02460B461646E2
:106F30001F469DF80F20724913469B0013445B00C7
:106F40000B4404331B881A461346DB079B1A5B006D
:106F5000184611F0C1FF04460D469FED5F1B9FEDE3
:106F6000560B12F045FB53EC102B2046294611F02E
:106F700049FD02460B4614461D46079811F0C0FF16
:106F800002460B469FED561B43EC102B12F030FBD4
:106F900053EC102B2046294611F034FD02460B46D7
:106FA0003046394611F008FC02460B4616461F468D
:106FB0009DF80F20524913469B0013445B000B447D
:106FC00002331B88184611F087FF04460D469FEDDB
:106FD000461B9FED390B12F00BFB53EC102B204698
:106FE000294611F00FFD02460B4614461D46079830
:106FF00011F086FF02460B462046294611F002FD9D
:1070000002460B463046394611F0D6FB02460B4687
:1070100014461D469DF80F20394913469B00134422
:107020005B000B441B88184611F056FF4FF000021E
:10703000344B11F0E7FC02460B4616461F469FED07
:107040002C1B9FED1D0B12F0D3FA53EC102B304686
:10705000394611F0D7FC02460B462046294611F06E
:10706000ABFB02460B461046194611F09FFF034644
:107070000693DDED067AF5EEC07AF1EE10FA08D44B
:10708000DDED067A9FED207AF4EEC77AF1EE10FA84
:1070900003DD029B069A1A6002E0029B069A1A60C0
:1070A0009DF8273018460BB0F0BD00BFAFF300804D
:1070B00000000000000035C0000000000000244077
:1070C000000000000000104000000000000030C080
:1070D000000000000000084000000000000026C082
:1070E000000000000000004000000000000018C088
:1070F00000000000000000C098EB0200000070409B
:10710000982700200000F8BF0000DC4200B587B0DF
:1071100003468DF80F3005AB9DF80F000222009258
:107120000322AA21FFF7F8FD03468DF817309DF8DA
:107130001730012B02D19DF8173099E09DF81430DB
:107140009BB21B0299B29DF815309BB29DF80F209F
:107150000B4498B2484913469B0013445B000B4410
:1071600002461A8005AB9DF80F000222009203220E
:10717000A821FFF7D1FD03468DF817309DF8143094
:107180009BB21B0299B29DF815309BB29DF80F205F
:107190000B4498B2384913469B0013445B000B44E0
:1071A000023302461A8005AB9DF80F0002220092BE
:1071B0000322A621FFF7B0FD03468DF817309DF896
:1071C00014309BB21B0299B29DF815309BB29DF80A
:1071D0000F200B4498B2284913469B0013445B00D0
:1071E0000B44043302461A8005AB9DF80F000222BF
:1071F00000920322A421FFF78FFD03468DF817307C
:107200009DF814309BB21B0299B29DF815309BB2C9
:107210009DF80F200B4498B2174913469B00134466
:107220005B000B44063302461A8005AB9DF80F0045
:10723000022200920322A221FFF76EFD03468DF881
:1072400017309DF814309BB21B0299B29DF815308F
:107250009BB29DF80F200B4498B2074913469B0040
:1072600013445B000B44083302461A809DF8173024
:10727000184607B05DF804FB9827002082B003464B
:107280008DF807309DF807301B09DBB21A469200D3
:1072900013445B00DAB29DF8073003F00F03DBB252
:1072A0001344DBB2184602B07047000082B00346B8
:1072B0008DF807309DF807300C4AA2FB0323DB084A
:1072C000DBB21B0158B29DF80720084BA3FB021349
:1072D000D9080B469B000B445B00D31ADBB25BB2B0
:1072E00003435BB2DBB2184602B07047CDCCCCCCC6
:1072F00000B585B001AB00221A60C3F8032001ABD2
:10730000184600F027F80346002B1BD09DF80A30E2
:1073100014335A069DF809305B051A439DF807306F
:107320001B041A439DF80630DB021A439DF8053012
:107330005B0113439DF804205208D2B21343039318
:10734000039B00E0024B184605B05DF804FB00BF4C
:1073500000002158F0B5A1B0079000238DF87F30D0
:1073600000238DF87F30A2E01CAB0722009204229C
:1073700051210020FFF708FB1E901E9B002B04D01C
:10738000584804F0C1F90023A9E09DF8703003F0DB
:107390007F03DBB21846FFF771FF03461A46079BCF
:1073A0001A709DF8713003F07F03DBB21846FFF7C7
:1073B00065FF03461A46079B5A709DF8723003F02A
:1073C0003F03DBB21846FFF759FF03461A46079BF7
:1073D0009A709DF8733003F03F03DBB21846FFF755
:1073E0004DFF03461A46079BDA709DF8743003F090
:1073F0000703DBB21846FFF741FF03461A46079B17
:107400001A719DF8753003F01F03DBB21846FFF7C1
:1074100035FF03461A46079B5A719DF87630184689
:10742000FFF72CFF03461A46079B9A71079B9B792F
:10743000502B13D0079B5B79002B0FD0079BDB7879
:10744000002B0BD0079B9B78002B35D1079B5B78DB
:10745000002B31D1079B1B78002B2DD1079B9B79EB
:107460001F46079B5B791A46079BDB781946079BEB
:107470009B781C46079B5B781D46079B1B781E4626
:107480009DF87F3008A80593049603950294019116
:1074900000923B46144A642112F043FD08AB1846A3
:1074A00004F032F99DF87F3001338DF87F309DF87C
:1074B0007F30022B7FF658AF9DF87F30022B04D926
:1074C00008AB1946142004F0BFF89DF8703003F0A3
:1074D0008003DB43002B14BF01230023DBB21846DB
:1074E00021B0F0BDC0EB0200F0EB020000B589B0A6
:1074F000039004238DF81430039B1B781846FFF784
:10750000D5FE03468DF81530039B5B781846FFF7D0
:10751000CDFE03468DF81630039B9B781846FFF787
:10752000C5FE03468DF81730039BDB781846FFF73E
:10753000BDFE03468DF81830039B1B791846FFF7F4
:10754000B5FE03468DF81930039B5B791846FFF7AB
:10755000ADFE03468DF81A30039B9B791846FFF762
:10756000A5FE03468DF81B3005AB082200920422CD
:1075700051210020FFF70EFB0790079B002B01D045
:10758000002300E00123184609B05DF804FB00B5B4
:1075900085B000238DF8083058238DF8093002ABF0
:1075A00001220092002251210020FFF76FFA039080
:1075B00002AB02220092002251210020FFF766FA5E
:1075C0000390039B002B01D0002300E00123184609
:1075D00005B05DF804FB000000B583B0434B5B6C65
:1075E000434A82FB03125111DA178A1A642101FB04
:1075F00002F29A1AD3B28DF800303C4B5B6C3C4AD5
:1076000082FB03125211DB17D31A394A82FB031291
:107610005111DA178A1A642101FB02F29A1AD3B2C5
:107620008DF80130314B5B6C324A82FB031212132E
:10763000DB17D31A2E4A82FB03125111DA178A1A6A
:10764000642101FB02F29A1AD3B28DF80230274B63
:107650001B6C274A82FB03125111DA178A1A642124
:1076600001FB02F29A1AD3B28DF806301F4B1B6C45
:107670001F4A82FB03125211DB17D31A1C4A82FBEA
:1076800003125111DA178A1A642101FB02F29A1AC5
:10769000D3B28DF80330154B1B6C164A82FB0312D4
:1076A0001213DB17D31A124A82FB03125111DA1795
:1076B0008A1A642101FB02F29A1AD3B28DF80530BE
:1076C00001238DF80430FFF762FF05200EF088FBE0
:1076D0006B461846FFF70AFF6B461846FFF73AFE5F
:1076E0000123184603B05DF804FB00BF2C00002006
:1076F0001F85EB51AD8BDB6800B59FB01BAB012242
:107700000092002251210020FFF73EF91D901D9BA1
:10771000002B0CD19DF86C301A4602AB1649184666
:1077200012F013FC02AB184603F0EEFF02E0134820
:1077300003F0EAFF1BAB012200920422512100203A
:10774000FFF722F91D901D9B002B0CD19DF86C308A
:107750001A4602AB0A49184612F0F7FB02AB18466C
:1077600003F0D2FF02E0074803F0CEFF00BF184647
:107770001FB05DF804FB00BF30EC020044EC0200D7
:107780005CEC020074EC020082B06B4683E80300FC
:107790009DF802301A460F4B9A609DF801301A4648
:1077A0000C4B5A609DF800301A460A4B1A609DF83F
:1077B0000530013B074A13619DF803301A46054B1B
:1077C000DA609DF806306433024A5361014B184673
:1077D00002B07047C427002000B583B00190019B20
:1077E0001B68184600F09CF80346002B04D10B4997
:1077F0004FF4F670EFF7A2F8019B1B681F2B02D81D
:107800004FF0A04306E0019B1B6803F01F02019BA1
:107810001A60034B184603B05DF804FB90EC0200BD
:107820000003005000B585B00190084611461A4685
:1078300003468DF803300B468DF8023013468DF861
:10784000013001AB1846FFF7C7FF03909DF80320F6
:107850009DF802305B001A439DF801309B001A43EB
:107860009DF818301B0242EA03019DF81C301B04EE
:10787000019A1943039B02F5E07243F8221000BFFE
:1078800005B05DF804FB00B585B0039000230193BB
:10789000002300930023012201210398FFF7C2FF78
:1078A00000BF05B05DF804FB00B585B0019001ABE9
:1078B0001846FFF791FF0390019B012202FA03F3A0
:1078C0001946039800F018F800BF05B05DF804FBF6
:1078D00000B585B0019001AB1846FFF77DFF03901E
:1078E000019B012202FA03F31946039800F00EF8F7
:1078F00000BF05B05DF804FB82B001900091019BD0
:10790000009AC3F8082500BF02B0704782B001900A
:107910000091019B009AC3F80C2500BF02B070478C
:1079200084B00190019B5B09029300230393029BA7
:10793000002B03D0029B012B04D007E04FF0FF3354
:10794000039303E04FF6FF73039300BF019B03F023
:107950001F030193039A019B22FA03F303F001032F
:10796000002B14BF01230023DBB2184604B070477C
:1079700000B589B0059003930B468DF8133013467C
:107980008DF81230184B1B78002B01D0032326E012
:10799000154B01221A70059B1B788DF81F30134A76
:1079A0009DF812301370124B19789DF81F20022396
:1079B0000093059B0120FFF7EDF80690069B002B36
:1079C00009D0094B00221A70069B112B01D1032309
:1079D00005E0022303E0044B00221A70002318463E
:1079E00009B05DF804FB00BF18280020192800200A
:1079F000A000002000B585B001900B468DF8033043
:107A00009DF80310002303220198FFF7B1FF0346FE
:107A10008DF80F309DF80F30002B02D09DF80F30FD
:107A200000E00023184605B05DF804FB00B585B002
:107A300003460A468DF8073013468DF806309DF848
:107A400007308DF80C309DF806308DF80D3003A806
:107A5000002303220221FFF78BFF03468DF80F302E
:107A60009DF80F30002B02D09DF80F3000E000236E
:107A7000184605B05DF804FB00B587B003460091D9
:107A80008DF80730009B1B788DF81730104B1B6862
:107A9000009AD31A04930E4B5A68049B13441B7824
:107AA0008DF80F309DF817209DF80F309A4209D0BD
:107AB0009DF817209DF8073011461846FFF7B6FFCE
:107AC000034600E00123184607B05DF804FB00BF41
:107AD0009800002000B587B00346ADF8063023209B
:107AE000FFF7D1FE002000F065FE0023059303E0C0
:107AF00000BF059B01330593059B632BF8DD012037
:107B000000F058FEFF23ADF80C3003AB02211846FD
:107B1000FFF770FF0023049303E000BF049B0133D1
:107B20000493049B632BF8DD012000F043FE134A0D
:107B3000937843F070039370104A137843F007036F
:107B400013700E4A137843F0700313700B4B00222E
:107B50001A710A4B00225A71084B00229A71074B86
:107B60000022DA71054B00221A72044B00225A726D
:107B700000F03AF800BF07B05DF804FBE8270020EA
:107B800000B585B001901023ADF80C30084B1B6890
:107B900003A806220221FFF7EBFE9DF80F30002B11
:107BA00001D0022300E00023184605B05DF804FB75
:107BB0001C28002000B585B001902623ADF80C30BC
:107BC000084B1B6803A80C220221FFF7D1FE9DF889
:107BD0000F30002B01D0022300E00023184605B02F
:107BE0005DF804FB1C28002030B583B000F01AF8C3
:107BF00003468DF807300A4B1A68094B5B6810681A
:107C000051689568D468186059609D60DC6010699F
:107C10005169186159619DF80730184603B030BDAD
:107C20009800002000B583B000238DF806300023B3
:107C30008DF805308E490120FFF71EFF03468DF8B1
:107C400007309DF80730002B03D101238DF8063053
:107C500006E09DF80730012B02D09DF8073003E1C4
:107C600084490320FFF708FF03468DF807309DF88D
:107C70000730002B03D101238DF8063006E09DF874
:107C80000730012B02D09DF80730EDE07A4904203F
:107C9000FFF7F2FE03468DF807309DF80730002B02
:107CA00003D101238DF8063006E09DF80730012B43
:107CB00002D09DF80730D7E070490520FFF7DCFEC1
:107CC00003468DF807309DF80730002B03D10123C0
:107CD0008DF8063006E09DF80730012B02D09DF8A4
:107CE0000730C1E000238DF8043023E09DF8043014
:107CF0000733DAB29DF804305D490B44043319466A
:107D00001046FFF7B9FE03468DF807309DF807309F
:107D1000002B03D101238DF8053006E09DF80730D4
:107D2000012B02D09DF807309EE09DF8043001330E
:107D30008DF804309DF80430052BD7D900238DF839
:107D4000033024E09DF803301133DAB29DF803309C
:107D5000083347490B44023319461046FFF78CFE9F
:107D600003468DF807309DF80730002B03D101231F
:107D70008DF8053006E09DF80730012B02D09DF804
:107D8000073071E09DF8033001338DF803309DF822
:107D90000330052BD6D900238DF8023023E09DF85F
:107DA00002301A33DAB29DF80230103330490B44F6
:107DB00019461046FFF760FE03468DF807309DF820
:107DC0000730002B03D101238DF8053006E09DF824
:107DD0000730012B02D09DF8073045E09DF80230B6
:107DE00001338DF802309DF80230012BD7D90023E2
:107DF0008DF8013024E09DF801301D33DAB29DF892
:107E0000013010331A490B44023319461046FFF76C
:107E100033FE03468DF807309DF80730002B03D161
:107E200001238DF8053006E09DF80730012B02D0C4
:107E30009DF8073018E09DF8013001338DF80130CE
:107E40009DF80130052BD6D99DF80630002B03D1C3
:107E50009DF80530002B05D00020FFF791FE002093
:107E6000FFF7A8FE9DF80730184603B05DF804FB45
:107E7000E8270020E9270020EA270020EB27002040
:107E800082B0034600918DF8073013468DF8063016
:107E90009DF80730002B16D1824AD37843F01003A7
:107EA000D370804AD3786FF30003D3707D4A137880
:107EB00043F0070313707B4A53789DF8061061F373
:107EC0000413537019E09DF80730012B15D1754A42
:107ED000D37843F02003D370724AD3786FF3410311
:107EE000D370704A137843F0700313706D4A53785F
:107EF0009DF8061061F3451353709DF807206949FA
:107F000013465B0013440B4403F1080293786FF3AC
:107F1000030393709DF80720624913465B001344E6
:107F20000B4403F1080293786FF3051393709DF8E7
:107F300007205C4913465B0013440B4403F109021C
:107F400093786FF3030393709DF807205549134608
:107F50005B0013440B4403F1090293786FF305139C
:107F600093709DF807204F4913465B0013440B4460
:107F700003F10A0293786FF3030393709DF80720CF
:107F8000484913465B0013440B4403F10A029378FB
:107F90006FF3051393709DF80730424A1A44137C1F
:107FA0006FF3020313749DF807303E4A1A44137CA2
:107FB0006FF3061313749DF807203A4913465B00CC
:107FC00013440B4403F1100293786FF3030393708F
:107FD0009DF80720334913465B0013440B4403F11B
:107FE000100293786FF3051393709DF807202D49C5
:107FF00013465B0013440B4403F1110293786FF3B3
:10800000030393709DF80720264913465B00134431
:108010000B4403F1110293786FF3051393709DF8ED
:108020000720204913465B0013440B4403F112025E
:1080300093786FF3030393709DF807201949134653
:108040005B0013440B4403F1120293786FF30513A2
:1080500093709DF80720009B1878124913465B0027
:1080600013440B44043302461A709DF80720009B0A
:1080700058780C4913465B0013440B440533024601
:108080001A709DF80720009B9878064913465B00FC
:1080900013440B44063302461A700023184602B0FC
:1080A000704700BFE827002082B0034600918DF89A
:1080B000073013468DF806309DF80730002B0FD19E
:1080C0007B4AD3786FF30413D370794A137843F063
:1080D00007031370764A537843F01003537012E08D
:1080E0009DF80730012B0ED1714AD3786FF34513F9
:1080F000D3706F4A137843F0700313706C4A53784F
:1081000043F0200353709DF80720694913465B0034
:1081100013440B4403F1080293786FF30303937045
:108120009DF80720624913465B0013440B4403F19A
:10813000080293786FF3051393709DF807205C494C
:1081400013465B0013440B4403F1090293786FF369
:10815000030393709DF80720554913465B001344B1
:108160000B4403F1090293786FF3051393709DF8A4
:1081700007204F4913465B0013440B4403F10A02E6
:1081800093786FF3030393709DF8072048491346D3
:108190005B0013440B4403F10A0293786FF3051359
:1081A00093709DF80730424A1A44137C6FF3020320
:1081B00013749DF807303E4A1A44137C6FF306137C
:1081C00013749DF807203A4913465B0013440B448F
:1081D00003F1100293786FF3030393709DF8072067
:1081E000334913465B0013440B4403F110029378A8
:1081F0006FF3051393709DF807202D4913465B001C
:1082000013440B4403F1110293786FF3030393704B
:108210009DF80720264913465B0013440B4403F1E5
:10822000110293786FF3051393709DF8072020498E
:1082300013465B0013440B4403F1120293786FF36F
:10824000030393709DF80720194913465B001344FC
:108250000B4403F1120293786FF3051393709DF8AA
:108260000720009B1878124913465B0013440B4407
:10827000043302461A709DF80720009B58780C4979
:1082800013465B0013440B44053302461A709DF8F5
:108290000720009B9878064913465B0013440B4463
:1082A000063302461A700023184602B0704700BF1A
:1082B000E827002084B0034600918DF8073013466C
:1082C0008DF806309DF80730002B0FD1A34AD378E4
:1082D0006FF30413D370A14A137843F007031370AC
:1082E0009E4A537843F01003537012E09DF8073014
:1082F000012B0ED1994AD3786FF34513D370974A67
:10830000137843F070031370944A537843F02003BA
:10831000537000238DF80F3000238DF80E309DF838
:1083200007209DF80F3003F00F03D9B28B48134696
:108330005B001344034403F10802937861F30303E1
:1083400093709DF807209DF80E3003F00303D9B217
:10835000824813465B001344034403F108029378F8
:1083600061F3051393709DF807209DF80F3003F01B
:108370000F03D9B2794813465B001344034403F159
:108380000902937861F3030393709DF807209DF829
:108390000E3003F00303D9B2704813465B00134458
:1083A000034403F10902937861F3051393709DF878
:1083B00007209DF80F3003F00F03D9B2674813462A
:1083C0005B001344034403F10A02937861F303034F
:1083D00093709DF807209DF80E3003F00303D9B287
:1083E0005E4813465B001344034403F10A0293788A
:1083F00061F3051393709DF80730584A1A44137CB3
:1084000043F0070313749DF80730544A1A44137C51
:108410006FF3C71313749DF80730504A1A44137C46
:10842000012161F30613137401238DF80D3000232D
:108430008DF80C309DF807209DF80D3003F00F03E8
:10844000D9B2464813465B001344034403F11002BB
:10845000937861F3030393709DF807209DF80C3027
:1084600003F00303D9B23D4813465B0013440344B1
:1084700003F11002937861F3051393709DF80720C0
:108480009DF80D3003F00F03D9B2344813465B005A
:108490001344034403F11102937861F303039370CF
:1084A0009DF807209DF80C3003F00303D9B22B4848
:1084B00013465B001344034403F11102937861F304
:1084C000051393709DF807209DF80D3003F00F03FE
:1084D000D9B2224813465B001344034403F112024D
:1084E000937861F3030393709DF807209DF80C3097
:1084F00003F00303D9B2194813465B001344034445
:1085000003F11202937861F3051393709DF807202D
:10851000009B1878114913465B0013440B44043345
:1085200002461A709DF80720009B58780B491346A5
:108530005B0013440B44053302461A709DF8072074
:10854000009B9878054913465B0013440B4406339F
:1085500002461A700023184604B07047E82700202E
:1085600084B003468DF807309DF80730002B0FD1FB
:108570008F4AD3786FF30413D3708D4A137843F086
:10858000070313708A4A537843F01003537012E0C4
:108590009DF80730012B0ED1854AD3786FF3451330
:1085A000D370834A137843F070031370804A537872
:1085B00043F02003537000238DF80F3000238DF813
:1085C0000E309DF807209DF80F3003F00F03D9B24D
:1085D000774813465B001344034403F10802937881
:1085E00061F3030393709DF807209DF80E3003F0AC
:1085F0000303D9B26E4813465B001344034403F1EE
:108600000802937861F3051393709DF807209DF895
:108610000F3003F00F03D9B2654813465B001344D3
:10862000034403F10902937861F3030393709DF807
:1086300007209DF80E3003F00303D9B25C481346BF
:108640005B001344034403F10902937861F30513BB
:1086500093709DF807209DF80F3003F00F03D9B2F7
:10866000534813465B001344034403F10A02937812
:1086700061F3030393709DF807209DF80E3003F01B
:108680000303D9B24A4813465B001344034403F181
:108690000A02937861F3051393709DF80730444AFA
:1086A0001A44137C43F0070313749DF80730404AC3
:1086B0001A44137C6FF3C71313749DF807303C4AB8
:1086C0001A44137C012161F3061313749DF80720EB
:1086D000374913465B0013440B4403F110029378AF
:1086E0006FF3030393709DF80720314913465B0035
:1086F00013440B4403F1100293786FF30513937046
:108700009DF807202A4913465B0013440B4403F1EC
:10871000110293786FF3030393709DF807202449A7
:1087200013465B0013440B4403F1110293786FF37B
:10873000051393709DF807201D4913465B001344F1
:108740000B4403F112029378012161F30303937048
:108750009DF80720164913465B0013440B4403F1B0
:10876000120293786FF3051393709DF80720104958
:1087700013465B0013440B440433FF221A709DF828
:1087800007200B4913465B0013440B4405330022BA
:108790001A709DF80720064913465B0013440B44EA
:1087A000063346221A700023184604B0704700BFF3
:1087B000E827002000B585B003468DF807309DF806
:1087C0000730002B0CD02320FFF76EF84FF4807396
:1087D000ADF80C3003AB02211846FFF70BF90AE0A5
:1087E0000023ADF8083002AB02211846FFF702F96A
:1087F0002320FFF76DF800BF05B05DF804FB000013
:1088000000B587B0029303468DF80F300B46ADF8E4
:108810000C3013468DF80E301B4B1B78002B01D00B
:1088200002232DE0184B01221A70BDF80C30DAB289
:10883000164B1A70BDF80C301B0A9BB2DAB2134B00
:108840005A70134A9DF80E3013709DF80F200223C2
:1088500000930E4B36210020FEF718F90590059B7A
:10886000002B09D0084B00221A70059B112B01D157
:10887000022305E0012303E0034B00221A700023CA
:10888000184607B05DF804FB2028002024280020AB
:108890002128002000B585B003460A468DF8073030
:1088A0001346ADF80430BDF804109DF8070000230E
:1088B0000122FFF7A5FF03468DF80F309DF80F301A
:1088C000002B02D09DF80F3000E00023184605B0C1
:1088D0005DF804FB00B587B0034602928DF80F30B7
:1088E0000B468DF80E30164B1B78002B01D002235F
:1088F00021E0134B01221A70124A9DF80E301370BA
:108900009DF80F20022300930F4B36210020FEF725
:108910003BF80590059B002B09D0094B00221A70EB
:10892000059B112B01D1022305E0012303E0044B39
:1089300000221A700023184607B05DF804FB00BF40
:1089400020280020212800202A28002000B585B0FA
:10895000034600918DF807309DF807300022002172
:108960001846FFF7B7FF03468DF80F309DF80F301C
:10897000002B02D09DF80F3012E00B4B9B78ADF826
:108980000C30094BDB789BB21B029AB2BDF80C305D
:108990001344ADF80C30009BBDF80C201A80002366
:1089A000184605B05DF804FB2828002000B585B006
:1089B00000238DF80F300023ADF808300023ADF808
:1089C00006300023ADF80C300DF1060319460020E7
:1089D000FFF7BCFF03468DF80A309DF80A30002BE4
:1089E00002D09DF80A302BE1BDF8063003F00203F7
:1089F000002B00F023810DF1060319463D20FFF7FF
:108A0000A5FF03468DF80A309DF80A30002B02D0EE
:108A10009DF80A3014E100238DF80B301CE00DF1B5
:108A2000060319463D20FFF791FF03468DF80A30F3
:108A30009DF80A30002B02D09DF80A3000E19DF825
:108A40000B3001338DF80B309DF80B30962B03D98A
:108A500003238DF80F3005E0BDF8063003F0010365
:108A6000002BDCD102AB1946BA20FFF76FFF03469B
:108A70008DF80A309DF80A30002B02D09DF80A309C
:108A8000DEE090216020FFF705FF03468DF80A30F5
:108A90009DF80A30002B02D09DF80A30D0E000216A
:108AA000BA20FFF7F7FE03468DF80A309DF80A302A
:108AB000002B02D09DF80A30C2E000216020FFF7B1
:108AC000E9FE03468DF80A309DF80A30002B02D0EB
:108AD0009DF80A30B4E047F230511820FFF7DAFE73
:108AE00003468DF80A309DF80A30002B02D09DF81D
:108AF0000A30A5E086211E20FFF7CCFE03468DF844
:108B00000A309DF80A30002B02D09DF80A3097E019
:108B10004FF411413A20FFF7BDFE03468DF80A30AD
:108B20009DF80A30002B02D09DF80A3088E04AF206
:108B300010211D20FFF7AEFE03468DF80A309DF888
:108B40000A30002B02D09DF80A3079E04FF4004142
:108B5000DB20FFF79FFE03468DF80A309DF80A30B0
:108B6000002B02D09DF80A306AE00DF10603194689
:108B7000DB20FFF7EBFE03468DF80A309DF80A3044
:108B8000002B02D09DF80A305AE00023ADF80C30DB
:108B90001CE00DF106031946DB20FFF7D7FE034664
:108BA0008DF80A309DF80A30002B02D09DF80A306B
:108BB00046E0BDF80C300133ADF80C30BDF80C3098
:108BC000962B03D903238DF80F3004E0BDF806304F
:108BD0001BB2002BDDDBBDF808301946BA20FFF7C9
:108BE00059FE03468DF80A309DF80A30002B02D05A
:108BF0009DF80A3024E00DF1060319460020FFF726
:108C0000A5FE03468DF80A309DF80A30002B02D0ED
:108C10009DF80A3014E0BDF8063003F0FD039BB266
:108C200019460020FFF736FE03468DF80A309DF8FE
:108C30000A30002B02D09DF80A3001E09DF80F3079
:108C4000184605B05DF804FB00B585B0019000BF83
:108C5000019A02210620FFF73DFE0346022BF7D0C2
:108C6000044BDB788DF80F309DF80F30184605B0B7
:108C70005DF804FB2828002000B585B0019000BFF6
:108C8000019A03210920FFF725FE0346022BF7D0A6
:108C9000184B9B78ADF80E30164BDB789BB21B025D
:108CA0009AB2BDF80E301344ADF80E30BDF80E3058
:108CB00007EE903AF8EE677ACDED027ADDED027AB2
:108CC0009FED0D7A67EE877ACDED027A029810F06B
:108CD00053F902460B4643EC102B10F063FEB0EE46
:108CE000407AF0EE607AB0EE470AF0EE670A05B01F
:108CF0005DF804FB282800200000A03D00B585B0E9
:108D0000019000BF019A03210820FFF7E3FD03460D
:108D1000022BF7D0144B9B78ADF80E30124BDB785A
:108D20009BB21B029AB2BDF80E301344ADF80E3060
:108D3000BDF80E3007EE903AF8EE677ACDED027A84
:108D4000029810F019F94FF00002084B0FF0F6FEF0
:108D500002460B4643EC172BB0EE470AF0EE670ACB
:108D600005B05DF804FB00BF28280020000070401B
:108D7000014B1B7818467047A100002000B585B054
:108D800001900A4B1B6802A94FF0FF3218460EF003
:108D900051F90390039B012B03D0054802F0B4FC6A
:108DA000EFE7029800F006F8EBE700BF302800205C
:108DB000FCEC020000B583B00190B64B1A88B64BAC
:108DC0001A80B64B1A78B64B1A709DF804300E2BE9
:108DD00000F2B28001A252F823F000BF198E010008
:108DE000298E0100398E0100698E0100798E010003
:108DF000898E0100998E0100A98E0100B98E0100B3
:108E0000C98E0100E98E0100D98E0100F98E0100A2
:108E1000098F0100198F01009DF806109D4A1378F3
:108E200061F3000313708CE09DF80610994A1378E3
:108E300061F34103137084E09DF80610954A13789E
:108E400061F3820313709DF80630002B78D09DF8F3
:108E50000530032B74D89DF80530002B70D09DF899
:108E600005208E4B1A706BE09DF80610894A137826
:108E700061F3C303137064E09DF80610854A13780C
:108E800061F3041313705CE09DF80610814A1378B7
:108E900061F34513137054E09DF806107D4A137872
:108EA00061F3861313704CE09DF80610794A13782D
:108EB00061F3C713137044E09DF80610754A5378A8
:108EC00061F3820353703CE09DF80610714A5378B9
:108ED00061F3C303537034E09DF806106D4A537874
:108EE00061F3410353702CE09DF80610694A5378F2
:108EF00061F30003537024E09DF80610654A53782F
:108F000061F3041353701CE09DF80610614A537816
:108F100061F34513537014E05E4A13786FF3451301
:108F200013705C4A13786FF386131370594A1378E1
:108F30006FF3C713137004E05A4802F0E5FB00E03A
:108F400000BF554B1A88534B1B889A4206D1544B8D
:108F50001A78524B1B789A4200F0D7804D4B1B7801
:108F6000C3F30003DBB283F00103DBB2002B40F05C
:108F7000CD8000F0D9F8474B1B7803F02003DBB21B
:108F8000002B65D1434B1B7803F04003DBB2002B71
:108F900005D0012244490020FFF78CF958E03D4BF1
:108FA0001B7823F07F03DBB2002B05D001223F4961
:108FB0000020FFF77FF94BE0364B5B7803F00403AA
:108FC000DBB2002B05D0012239490020FEF758FF03
:108FD0003EE0304B1B7803F00403DBB2002B24D0BF
:108FE0002C4B5B7803F00803DBB2002B05D000228A
:108FF0002D490020FEF744FF2AE0264B5B7803F062
:109000000203DBB2002B03D00020FFF7A9FA1FE018
:10901000204B5B7803F00103DBB2002B18D0002259
:1090200022490020FEF72CFF12E01A4B1B7803F0B8
:109030000803DBB2002B05D001221D490020FFF7F9
:1090400033F805E0134B1B7803F01003DBB2002B61
:10905000104B5B78C3F34013DBB283F00103DBB248
:10906000002B45D00B4B1B7803F00203DBB2002B27
:1090700005D001220F490120FFF716F842E0074B07
:109080001B78012B1AD100220B490120FEF7F8FEB4
:1090900038E000BF3428002038280020A10000203C
:1090A0003A28002020ED020090ED02009CED020025
:1090B00094ED020098ED02008CED0200154B1B7838
:1090C000022B05D1002214490120FEF7D9FE19E038
:1090D000104B1B78032B05D1002210490120FEF70D
:1090E000CFFE0FE000220E490120FEF7C9FE09E085
:1090F00001220C490020FEF7D7FF01220949012077
:10910000FEF7D2FFFEF770FD00E000BF03B05DF890
:1091100004FB00BFA10000209CED020090ED0200C6
:10912000A0ED020098ED020008B5012205490020DB
:10913000FEF7A6FE012203490120FEF7A1FE00BFB3
:1091400008BD00BF88ED020000B585B003460A46A1
:109150008DF8073013468DF806309DF807308DF8EE
:1091600008309DF806308DF80A30094B186802A9BE
:10917000002300220DF00CFE0390039B012B02D074
:10918000044802F0C1FA00BF05B05DF804FB00BF5F
:10919000302800203CED020000B585B003468DF874
:1091A00007300B468DF8063013468DF805309DF8D4
:1091B00007308DF808309DF806308DF80A309DF89C
:1091C00005308DF80930094B186802A900230022E8
:1091D0000DF0DEFD0390039B012B02D0044802F04A
:1091E00093FA00BF05B05DF804FB00BF30280020F3
:1091F0003CED020000B583B001900091019B002B73
:1092000001D1054B019300990198F9F701FE03463E
:10921000184603B05DF804FBE8EE020000BF70479B
:1092200000B587B000230593174A6B4607CA83E849
:10923000070009238DF800304FF47A7301936B46D1
:1092400012491846FFF7D6FF0590059B0493049B2F
:10925000002B04D00E4A14210498E8F709F90D48B0
:10926000F9F756FE0590059B0393039B002B04D052
:10927000074A17210398E8F7FBF8F9F727FE00BF24
:1092800007B05DF804FB00BF10EE02001D92010064
:10929000C8ED02003B28002000B58BB001900023F0
:1092A0008DF827300023089300238DF81F3000230A
:1092B000069300238DF817300023049300238DF8C4
:1092C0000F3000238DF80E3000238DF80D30FFF79E
:1092D000A7FF1FE09DF80830022B0CD0022B18DCF2
:1092E000002B0FD0012B14D19DF809308DF81F30C1
:1092F000002306930EE09DF809308DF827300023F7
:10930000089307E09DF809308DF817300023049387
:1093100000E000BF304B1B6802A9002218460DF088
:1093200089FE0346012BD5D09DF82730002B02D0B3
:10933000089B013308939DF81F30002B02D0069B39
:10934000013306939DF81730002B02D0049B0133A4
:109350000493089B052B0CDD9DF80F3083F001036F
:10936000DBB2002B05D001238DF80F301B4802F033
:10937000CBF9069B052B0CDD9DF80E3083F0010325
:10938000DBB2002B05D001238DF80E30144802F01B
:10939000BBF9049B052B0CDD9DF80D3083F0010318
:1093A000DBB2002B05D001238DF80D300D4802F003
:1093B000ABF9089B052B0ADC069B052B07DC049BFD
:1093C000052B04DC084B1B781846F9F7DDFD4FF43C
:1093D000FA700CF005FD9DE73C2800201CEE020011
:1093E00044EE020070EE02003B28002000B585B07C
:1093F00003460A468DF8073013468DF806309DF86F
:1094000007308DF808309DF806308DF80930094B8B
:10941000186802A9002300220DF0BAFC0390039BF8
:10942000012B02D0044802F06FF900BF05B05DF8CF
:1094300004FB00BF3C28002098EE020008B5034B57
:109440001B781846F9F7A0FD00BF08BD3B28002097
:1094500000B583B00190019B1B68184600F081F8AD
:109460000346002B04D10B494FF4F670EDF766FA72
:10947000019B1B681F2B02D84FF0A04306E0019B05
:109480001B6803F01F02019B1A60034B184603B0D0
:109490005DF804FBF4EE02000003005000B585B057
:1094A0000190084611461A4603468DF803300B46D4
:1094B0008DF8023013468DF8013001AB1846FFF7E6
:1094C000C7FF03909DF803209DF802305B001A430C
:1094D0009DF801309B001A439DF818301B0242EAA8
:1094E00003019DF81C301B04019A1943039B02F5EC
:1094F000E07243F8221000BF05B05DF804FB00B530
:1095000085B003900B468DF80B309DF80B30002290
:10951000019200220092002200210398FFF7BEFF73
:1095200000BF05B05DF804FB00B585B0019001AB4C
:109530001846FFF78DFF0390039800F00AF80246E3
:10954000019B22FA03F303F00103184605B05DF80E
:1095500004FB82B00190019BD3F81035184602B08D
:10956000704784B00190019B5B0902930023039331
:10957000029B002B03D0029B012B04D007E04FF08D
:10958000FF33039303E04FF6FF73039300BF019B88
:1095900003F01F030193039A019B22FA03F303F0E4
:1095A0000103002B14BF01230023DBB2184604B0D3
:1095B000704708B500212620FFF7A1FF00BF08BDB6
:1095C00000B585B08DF80400084B186801A9002388
:1095D00000220DF0DDFB0390039B012B02D0044819
:1095E00002F092F800BF05B05DF804FBB00B00205C
:1095F00018EF020000B585B0019002238DF8083005
:10960000084B186802A9002300220DF0C1FB03904B
:10961000039B012B02D0044802F076F800BF05B08E
:109620005DF804FB4028002050EF020010B584B024
:1096300051230393114B1868642300930023039A6A
:1096400004210EF0C1F80346012B02D00C4802F0B1
:109650005BF80A4B1C680CF011FD024600230093D6
:109660000023012120460EF0AFF80346012B02D063
:10967000044802F049F800BF04B010BD442800209F
:1096800094EF0200C8EF020000B583B0094B1868E0
:10969000642300930023002203210EF095F8034673
:1096A000012B02D0044802F02FF800BF03B05DF890
:1096B00004FB00BF44280020F4EF020000B587B08F
:1096C00001900B468DF8033000230493164B1B7852
:1096D000002B03D0144B00221A7022E0134B1B689E
:1096E000002B06DD104B1B7883F00103DBB2002B4F
:1096F00016D101238DF80C300D4B186804AA03A96C
:1097000000230DF025FC0590059B012B02D0094894
:1097100001F0FAFF054B1B680133044A136000E0B7
:1097200000BF07B05DF804FB482800204C2800204B
:109730004028002014F0020000B589B003902620D4
:10974000FFF7F2FE0346002B14BF01230023DAB219
:109750003E4B1A70512307933D4B00930023012287
:1097600007993C480DF0E6FF03463B4A1360FFF7BC
:109770005DFF3A4B1B6805A94FF0FF3218460DF00C
:1097800059FC0690069B012B03D0354801F0BCFF25
:10979000EFE79DF81430022B51D0022B52DC002B46
:1097A00002D0012B26D04DE02B4B1B6818460EF043
:1097B0009BFA0346012B01D1FFF766FF294B0122DB
:1097C0001A70294B00221A60284B00221A60284A7E
:1097D00004AB1268114619800233120C1A7004ABE4
:1097E000244A19462620F2F75FFA01212620F2F7D3
:1097F000D7FA2AE02620F2F757FB174B1B681846CA
:109800000EF072FA0346002B01D1FFF70FFF174B42
:109810001B68002B18DC184B18680023002217491E
:109820000DF0B6FA0690069B012B02D0144801F009
:109830006BFF0E4B1B6801330C4A136004E000F011
:1098400021F802E000BF94E700BF92E7A2000020E9
:10985000F595010058F0020044280020402800201F
:1098600064F00200482800204C28002060280020D6
:10987000CCF00200BD960100BC0B0020A40000202B
:1098800088F0020000B583B02620FFF74DFE0346A6
:10989000002B14BF012300238DF807300CF0EEFBE2
:1098A0000090334B1B789DF807209A4227D09DF8F3
:1098B000073083F00103DBB2002B0ED02D4B1B6869
:1098C00001332C4A13602C4A009B13602B4A009BE7
:1098D00013602B4B01221A7011E0294B00221A70E1
:1098E000254B1A68254B1B68D31AB3F5806F06D237
:1098F000204B1B68012B02D1224B00221A70204BF7
:109900001B78002B0CD01D4B1B68009AD31AB3F5A3
:10991000006F05D31B4B01221A70194B00221A70DD
:10992000154B1B68009AD31AB3F5006F09D3114B7E
:109930001B68022B02DD134B02221A700D4B002212
:109940001A60104B1B78032B0AD00E4B1A780E4B63
:109950001A700D4B1878FFF733FE0A4B03221A706A
:10996000034A9DF80730137000BF03B05DF804FB95
:10997000A200002050280020542800205828002051
:1099800064280020A30000205C280020BFF34F8F34
:1099900000BF064BDB6803F4E0620449044B134349
:1099A000CB60BFF34F8F00BF00BFFDE700ED00E0CD
:1099B0000400FA0500B587B0019004238DF8083043
:1099C0000C4B1B7883F00103DBB2002B0DD00A4B4C
:1099D000186802A9002300220DF0DAF90590059B12
:1099E000012B02D0054801F08FFE00BF07B05DF8E3
:1099F00004FB00BF8F28002080280020F4F0020024
:109A000010B584B01D4B1B6818460FF0B5FA4FF027
:109A100000021B4B0EF0F6FF02460B46104619469D
:109A20000FF026FA03469B02164AA2FB03239B096A
:109A30000393154B1868642300930023039A0421B1
:109A40000DF0C2FE0346012B02D0104801F05CFE6F
:109A50000D4B1C680CF012FB024600230093002300
:109A6000012120460DF0B0FE0346012B02D008482C
:109A700001F04AFE00BF04B010BD00BF2C00002062
:109A800000408F40D34D62108428002048F102002E
:109A900070F1020000B583B0094B1868642300938D
:109AA0000023002203210DF08FFE0346012B02D07C
:109AB000044801F029FE00BF03B05DF804FB00BFBD
:109AC0008428002094F1020000B583B00020FDF747
:109AD0001DFB03461A460C4B1A700B4B1B78012BCF
:109AE00001D1FFF753FF094B1968094B009300237D
:109AF000012208480DF01EFE0346074A136000BF0E
:109B000003B05DF804FB00BF7C28002088280020FB
:109B1000B5990100B4F102008428002000B595B089
:109B2000019004238DF84F30604B1B88ADF8403016
:109B30005F4B1B88ADF83C305E4BD3ED016A5D4B4B
:109B400093ED007AC6EE877AFCEEE77A17EE902A5C
:109B5000594B1A60574B1B6818460FF00DFA4FF01F
:109B60000002564B0EF04EFF02460B4610461946B9
:109B70004FF00002524B0EF041FF02460B461046DA
:109B800019460FF075F903469B024E4AA2FB0323C8
:109B90009B094D4A1360FFF797FF4C4B1B680CA9BC
:109BA0004FF0FF3218460DF045FA1290129B012B30
:109BB00003D0474801F0A8FDEFE79DF83030082BAF
:109BC00070D801A252F823F0ED9B01002D9C0100FA
:109BD000379C01003F9C01008D9C0100A59C010069
:109BE000939C0100999C01009F9C01009DF83120ED
:109BF000384B1A7002AB28220021184610F0B5FE2F
:109C000006238DF80830334B1B788DF81E30324B0D
:109C1000186802A9002300220DF0BAF81290129BD6
:109C2000012B41D02D4801F06FFD3DE09DF8322021
:109C30002B4B1A7039E02B4B01221A7035E02A4B5E
:109C4000186810A9002300220DF0A2F81290129BB0
:109C5000012B02D0254801F057FD254B01221A7037
:109C60004FF470500CF0BCF8224B18680FA9002379
:109C700000220DF08DF81290129B012B02D01E488D
:109C800001F042FD1A4B00221A700EE000F086F837
:109C90000BE000F033F808E000F040F805E000F0D9
:109CA0004DF802E000BF78E700BF76E7C8F2020097
:109CB000CCF202002C0000209028002000408F40B1
:109CC00000002840D34D6210882800208028002002
:109CD000C4F102008D28002010290020E8F10200C4
:109CE0008E2800208C280020D81D002034F202008D
:109CF0008F280020DC1D002084F2020008B5064BEE
:109D00001B6818460DF0F0FF0346012B01D1FFF749
:109D1000C1FE00BF08BD00BF8428002008B5064B67
:109D20001B6818460DF0E0FF0346002B01D1FFF73A
:109D300067FE00BF08BD00BF8428002008B50C4B9B
:109D40001B6818460DF0D0FF0346012B01D1FFF729
:109D5000A1FE00F00FF8064B1B6818460DF0C4FF7B
:109D60000346002B01D1FFF74BFE00BF08BD00BF2B
:109D700084280020074BD3ED016A064B93ED007A4F
:109D8000C6EE877AFCEEE77A17EE902A024B1A604D
:109D900000BF70472C0000209028002010B5B4B000
:109DA00000238DF8BF3000238DF8A03000238DF8FC
:109DB000BE30002333936F4B1B788DF8BE30FCF719
:109DC0002FFB0346002B03D06A4B01221A7002E0DE
:109DD000684B00221A70674B1B789DF8BE209A4290
:109DE0000AD0644B1B78002B03D0634801F08CFC35
:109DF00002E0624801F088FC5E4B01225A700023A9
:109E0000329328E019AB1946002000F0CDF8034644
:109E10008DF8AF309DF8AF30002B09D0199A329BE6
:109E20009B0034A90B44683B1A60002333930FE076
:109E3000339B01333393524801F066FC339B042B70
:109E400006DD01238DF8A0304E4801F05DFC8FE067
:109E5000329B01333293329B052BD3DD00233193A8
:109E60003EE00023309332E0309B9B0034AA134441
:109E7000683B93ED007A309B01339B0034AA134476
:109E8000683BD3ED007AB4EEE77AF1EE10FA1BDD11
:109E9000309B9B0034AA1344683B1B682C93309B77
:109EA00001339B0034AA1344683B1A68309B9B0023
:109EB00034A90B44683B1A60309B01339B0034AAE1
:109EC0001344683B2C9A1A60309B01333093319BCA
:109ED000C3F10503309A9A42C6DB319B01333193BB
:109EE000319B042BBDDD9DED1C7ADDED1D7A37EE37
:109EF000277AF0EE006AC7EE267ACDED2E7A224A56
:109F00002E9B1360214B186800230A2219490CF07C
:109F10003FFF2D902D9B012B02D01D4801F0F4FB3B
:109F20001C4B1B78002B03D11B4B1B78002B1CD028
:109F300003238DF88030144B21AC0FCB84E80F0045
:109F4000164B186820A9002300220CF021FF2D9049
:109F50002D9B012B09D06B462D9A114918460FF005
:109F6000F4FF6B46184601F0CFFB0E4B00221A702F
:109F700034B010BD68280020D0F20200E8F20200E0
:109F80000CF3020034F302006C2800209C0B00202C
:109F900070F302008D2800208E2800201029002058
:109FA000B0F302008C28002000B585B00346009174
:109FB0008DF80730002303939DF807301846FCF70F
:109FC000FBFE03468DF80B309DF80B30002B04D0C0
:109FD0000F4801F099FB002315E00C200BF000FF67
:109FE0009DF8073000991846FCF7FAFE03468DF8F5
:109FF0000B309DF80B30002B04D0064801F084FB99
:10A00000002300E00123184605B05DF804FB00BF03
:10A01000FCF3020038F4020000B583B00190019B0C
:10A020001B68184600F07EF80346002B04D10B494C
:10A030004FF4F670ECF782FC019B1B681F2B02D8D3
:10A040004FF0A04306E0019B1B6803F01F02019B39
:10A050001A60034B184603B05DF804FB68F4020075
:10A060000003005000B585B00190084611461A461D
:10A0700003468DF803300B468DF8023013468DF8F9
:10A08000013001AB1846FFF7C7FF03909DF803208E
:10A090009DF802305B001A439DF801309B001A4383
:10A0A0009DF818301B0242EA03019DF81C301B0486
:10A0B000019A1943039B02F5E07243F8221000BF96
:10A0C00005B05DF804FB00B585B003900023019353
:10A0D000002300930023012201210398FFF7C2FF10
:10A0E00000BF05B05DF804FB00B585B0019001AB81
:10A0F0001846FFF791FF0390019B012202FA03F338
:10A100001946039800F004F800BF05B05DF804FBA1
:10A1100082B001900091019B009AC3F8082500BF0E
:10A1200002B0704784B00190019B5B090293002349
:10A130000393029B002B03D0029B012B04D007E06A
:10A140004FF0FF33039303E04FF6FF73039300BF19
:10A15000019B03F01F030193039A019B22FA03F36F
:10A1600003F00103002B14BF01230023DBB21846C8
:10A1700004B0704782B001900B468DF803309DF813
:10A180000330019A1344184602B0704700B583B0FB
:10A1900001900B468DF80330019B1B689DF803204E
:10A1A00011461846FFF7E6FF0346184603B05DF870
:10A1B00004FB82B001900B468DF8033000BF02B063
:10A1C000704782B001900B468DF8033000BF02B09B
:10A1D0007047000000B585B0F1F782FB034683F0BD
:10A1E0000103DBB2002B0CD0F1F716FB0390039BAD
:10A1F0000293029B002B04D01F4A21210298E7F70B
:10A2000037F903238DF8003000238DF801309DF8D5
:10A2100002306FF300038DF802309DF802306FF3C7
:10A2200041038DF802309DF802306FF382038DF800
:10A23000023000238DF801306B46104A1946042085
:10A24000F1F732FD0390039B0193019B002B04D097
:10A25000094A28210198E7F70BF901210420F1F7B9
:10A260009FFD1920FFF72FFF1920FFF73DFF00BFCB
:10A2700005B05DF804FB00BF8CF40200B3A101003F
:10A2800000B585B000238DF8003000238DF8013033
:10A2900000238DF8023006238DF80330002301934C
:10A2A00003238DF8023001238DF801306B460D4AEF
:10A2B00019460D48F6F7CAFB0390039B0293029BD5
:10A2C000002B04D0094A4A210298E7F7D1F8064842
:10A2D000F6F7E8FC0448F6F741FD00BF05B05DF86D
:10A2E00004FB00BFC3A10100D4F402008CF40200FF
:10A2F00000B589B0F6F7D2FE0790079B0693069B40
:10A30000002B04D0204A5B210698E7F7B1F81F48DC
:10A31000F6F7DEF80790079B0593059B002B04D00A
:10A32000194A5E210598E7F7A3F80420F1F734FEF7
:10A33000049008211648FFF729FF0390134B1B7860
:10A34000039A04991846F6F741F90790079B029380
:10A35000029B002B04D00C4A64210298E7F788F88E
:10A360000A4B1B781846F6F76AF90790079B01938A
:10A37000019B002B04D0044A67210198E7F778F885
:10A3800000BF09B05DF804FB8CF4020094280020A3
:10A39000D4F4020008B5FFF773FFFFF71BFFFFF7C8
:10A3A000A7FF014B184608BDD4F4020000B583B0E6
:10A3B0000190019B1B68184600F05AF80346002BD9
:10A3C00004D10B494FF4F670ECF7B8FA019B1B6807
:10A3D0001F2B02D84FF0A04306E0019B1B6803F03F
:10A3E0001F02019B1A60034B184603B05DF804FB83
:10A3F000DCF402000003005000B585B0019001AB11
:10A400001846FFF7D3FF0390019B012202FA03F3E2
:10A410001946039800F018F800BF05B05DF804FB7A
:10A4200000B585B0019001AB1846FFF7BFFF039060
:10A43000019B012202FA03F31946039800F00EF87B
:10A4400000BF05B05DF804FB82B001900091019B54
:10A45000009AC3F8082500BF02B0704782B001908F
:10A460000091019B009AC3F80C2500BF02B0704711
:10A4700084B00190019B5B09029300230393029B2C
:10A48000002B03D0029B012B04D007E04FF0FF33D9
:10A49000039303E04FF6FF73039300BF019B03F0A8
:10A4A0001F030193039A019B22FA03F303F00103B4
:10A4B000002B14BF01230023DBB2184604B0704701
:10A4C00000B589B003468DF807309DF8073083F05A
:10A4D0000103DBB2002B03D01520FFF7A1FF02E040
:10A4E0001520FFF789FF344B1B68D3ED037AF5EE97
:10A4F000407AF1EE10FA06D09DF80730002B02D01A
:10A500002E4B01221A7000238DF810309DF8073071
:10A510008DF811302A4B186804A9002300220CF092
:10A5200037FC0790079B012B02D0264801F0ECF87E
:10A530000023039302238DF80C309DF80730002B85
:10A5400002D003238DF80C301F4B186803A9002399
:10A5500000220CF01DFC0790079B012B02D01B482A
:10A5600001F0D2F802238DF8083000238DF809306D
:10A570009DF807308DF80930154B186802A90023A3
:10A5800000220CF005FC0790079B012B02D011481C
:10A5900001F0BAF8104BD3ED016A0F4B93ED007A3E
:10A5A000C6EE877AFCEEE77A17EE902A0B4B1A601C
:10A5B00000BF09B05DF804FB9C280020EF280020B4
:10A5C0008028002024F502009429002060F5020074
:10A5D0003C2800208CF502002C0000200C290020D3
:10A5E00000B589B003468DF807309DF80730002B81
:10A5F00003D02520FFF700FF02E02520FFF710FF22
:10A6000005238DF818309DF807308DF819309DF826
:10A610001930002B02D001238DF807302C4B18681D
:10A6200006A900230A220CF0B3FB0790079B012B1D
:10A6300002D0284801F068F89DF8073083F0010344
:10A64000DBB2002B02D0244B00221A6001238DF8CC
:10A650000C309DF807308DF80E30204B186803A998
:10A66000002300220CF094FB0790079B012B02D0E3
:10A670001B4801F049F80023029304238DF80830A9
:10A680009DF80730002B02D005238DF80830154BBC
:10A69000186802A9002300220CF07AFB0790079BA0
:10A6A000012B02D0104801F02FF8104BD3ED016AB6
:10A6B0000E4B93ED007AC6EE877AFCEEE77A17EE42
:10A6C000902A0B4B1A6000BF09B05DF804FB00BF75
:10A6D00098440020DCF50200F428002080280020A7
:10A6E00024F502009429002060F502002C000020CF
:10A6F0000C29002008B5214B1B6893ED057A1F4BF0
:10A700001B68D3ED076A1D4B1B6893ED086A1B4B52
:10A710001B68D3ED095A1A4BD3ED0A7AFDEEE77A9E
:10A7200017EE901AF0EE651AB0EE461AF0EE660AD1
:10A73000B0EE470A1348FBF773FD104B1B681B8BE9
:10A7400007EE903AF8EE677A0C4B1B6893ED0A7AA5
:10A750000A4B1B68D3ED0B6A084B1B6893ED0C6A20
:10A760006421F0EE461AB0EE661AF0EE470AB0EE3B
:10A77000670A0548FBF754FD00BF08BD9C28002070
:10A780002C000020A4280020C828002010B588B084
:10A79000B0EE406AF0EE606AB0EE417AF0EE617AB7
:10A7A0008DED006ACDED016A8DED027ACDED037A73
:10A7B000574B1C466B460FCB84E80F00554B1B785C
:10A7C000002B5FD0DDED007AB0EE670A5248FBF750
:10A7D00084FD524B1B78002B1BD09DED007A504B13
:10A7E0001B68D3ED057AB4EEE77AF1EE10FA10DBD0
:10A7F0004C4B18680023002248490CF0C9FA079016
:10A80000079B012B02D0484800F07EFF434B0022FB
:10A810001A70414BDB690593444BDB6906939DED50
:10A82000057ADDED067AB0EE470AF0EE670A01F030
:10A830004BF93F4B93ED097ADDED007AB4EEE77A00
:10A84000F1EE10FA06D4DDED007AF5EEC07AF1EE05
:10A8500010FA02D5374B01221A70364B1B78002BA9
:10A8600010D0354B18680023002232490CF090FAC2
:10A870000790079B012B02D0304800F045FF2D4B7D
:10A8800000221A70009B2E4A5360059B2C4A93604D
:10A890002C4B1B6807EE903AF8EEE77A284BC3ED95
:10A8A000037A224BDB69264A1361254B03221A7077
:10A8B000254B18680023002221490CF069FA079003
:10A8C000079B012B02D0214800F01EFF204B1B6884
:10A8D00001331F4A13601E4B1A681E4B1B689A42B5
:10A8E00013D3174B01221A70194B00221A60164B12
:10A8F00018680023002212490CF04AFA0790079BBF
:10A90000012B02D0114800F0FFFE00BF08B010BDBF
:10A91000F8280020ED280020A4280020EF2800209F
:10A920009C280020C00B002018F60200C828002038
:10A930002C000020EE280020A80B002050F602007A
:10A94000B4000020F42800201C290020A8F60200F2
:10A95000082900200C2900202DE9F04387B0019040
:10A960005F4B1B68DB7E002B09D0019B07EE903A02
:10A97000F8EEE77AB0EE670A5A48FBF7AEFC594B9F
:10A98000DB690493584BDB6903939DED037ADDED9E
:10A99000047AB0EE470AF0EE670A01F095F8534AE0
:10A9A000019B1360524B1B78002B00F095804C4BA1
:10A9B0001B681B8B1A46019B934207DB4D4B93F898
:10A9C0003C30002B02D04C4B01221A704A4B1B78B2
:10A9D000002B43D001980EF07FFA04460D46404B01
:10A9E0001B681B8B18460EF077FA06460F463C4B49
:10A9F0001B681B8B07EE903AF8EE677A17EE900A09
:10AA00000EF0BAFA804689463A4B5B6B07EE903AF5
:10AA1000F8EEE77A17EE900A0EF0AEFA4FF0000269
:10AA2000364B0EF08BF802460B46404649460DF079
:10AA3000E9FF02460B46304639460DF0DFFF02467D
:10AA40000B46204629460EF0D1F90346002B05D0CF
:10AA50002B4B01221A70284B00221A70214B93EDC8
:10AA6000077A244BD3ED0E7AB4EEE77AF1EE10FAC2
:10AA700005DB244B01221A701F4B00221A70204B59
:10AA80001B78002B03D11F4B1B78002B24D00121F6
:10AA90000620FEF759FB1A4B1B78002B08D01A4BE7
:10AAA00018680023002219490CF072F9059007E09C
:10AAB000154B18680023002215490CF069F9059020
:10AAC000059B012B02D0134800F01EFE0D4B002207
:10AAD0001A700B4B00221A7000BF07B0BDE8F0835C
:10AAE0009C280020C8280020A4280020F42800204A
:10AAF000EC2800202C000020F22800200000594003
:10AB0000F0280020F1280020A80B002070F7020098
:10AB100084F70200ECF6020084B000B587B00DF1B6
:10AB2000200C8CE80F00BDF82230013B9BB21A4686
:10AB30007D4B1A609DF8343083F00103DBB2002BAB
:10AB400054D07A4B1A68784B1B680133342101FBCF
:10AB500003F31344DB7E8DF80F30754B4FF000028A
:10AB6000DA619DF80F3083F00103DBB2002B03D0D4
:10AB7000704B4FF00002DA616D4BDB6901936D4B56
:10AB8000DB6902939DED017ADDED027AB0EE470AB2
:10AB9000F0EE670A00F098FF674B00221A70674BCF
:10ABA00000221A70664B00221A70664B00221A703F
:10ABB000634B1B781846FFF783FC5B4B1B685A1CE2
:10ABC000614B1B689A420BD09DF80F3083F0010354
:10ABD000DBB2002B04D19DF84230002B00F09E80A8
:10ABE000584B1B781846FFF7FBFC97E04F4B1A6851
:10ABF0004D4B1B681946342301FB03F31344534A9E
:10AC00001360BDF82230012B02D1FFF773FD42E043
:10AC10004E4B1B689B7E002B1AD04C4B1B68D3ED10
:10AC2000057A4A4B1B6893ED077A484B1B68D3EDB6
:10AC3000086A464B1B6893ED096AF0EE461AB0EEBF
:10AC4000661AF0EE470AB0EE670A3948FBF71EFBBA
:10AC50003E4B1B68DB7E002B1DD03C4B1B681B8BC7
:10AC600007EE903AF8EE677A384B1B6893ED0A7A54
:10AC7000364B1B68D3ED0B6A344B1B6893ED0C6AA3
:10AC8000F0EE461AB0EE661AF0EE470AB0EE670A2A
:10AC90002848FBF7FBFA284B00221A70274B0122A9
:10ACA0001A702B4B00221A60284B1B689A7E244B8B
:10ACB0001A70264B1B68DA7E224B1A70204B1B78C9
:10ACC0001846FFF7FDFB194B1A68174B1B6819460E
:10ACD000342301FB03F3343B1344DB7E8DF8173040
:10ACE000114B1B68002B06D09DF8173083F0010331
:10ACF000DBB2002B04D0134B1B781846FFF770FC17
:10AD0000144B1868002300220C490CF041F8049001
:10AD1000049B012B02D0104800F0F6FC00BF07B0E6
:10AD20005DF804EB04B07047A0280020C80B002099
:10AD3000A4280020C8280020F2280020B00000200D
:10AD4000ED280020EC280020504400209C28002002
:10AD500098280020A40B00203CF70200014B1B7830
:10AD600018467047EE28002010B489B00E4B04AC92
:10AD70000FCB84E80F0004980599069A079B06EE0E
:10AD8000100A06EE901A07EE102A07EE903AB0EE7F
:10AD9000460AF0EE660AB0EE471AF0EE671A09B0FE
:10ADA0005DF8044B704700BFF8280020014B1B786A
:10ADB00018467047ED28002000B583B00023ADF899
:10ADC000003002238DF8003001238DF80130094B4B
:10ADD00018686946002300220BF0DAFF0190019BFE
:10ADE000012B02D0044800F08FFC00BF03B05DF8D7
:10ADF00004FB00BF3C280020BCF7020070B59AB0ED
:10AE00000790684B1993199BDB689847664B1B6842
:10AE10000EA94FF0FF3218460CF00CF91890189B51
:10AE2000012B03D0614800F06FFCEFE79DF838304C
:10AE3000082B00F2B18001A252F823F099AF010073
:10AE400099AF010061AE01007DAE010055AF010078
:10AE500099AF01006DAF010099AF010099AF0100FA
:10AE6000199B9E686D4612AC0FCC0FC594E8030089
:10AE700085E803000EAB0FCBB04792E09DF8583049
:10AE8000002B33D0199B1B69984703468DF823305C
:10AE90009DF82330002B16D001238DF82430199B08
:10AEA0005B699847B0EE406AF0EE606AB0EE417AB6
:10AEB000F0EE617A8DED0A6ACDED0B6A8DED0C7ABC
:10AEC000CDED0D7A02E000238DF82430384B186860
:10AED0000DF12301002300220BF05AFF1890189B5C
:10AEE000012B5BD0334800F00FFC57E0324B1A685F
:10AEF000531C31490B6007EE902AB8EEE77A2F4BCE
:10AF0000D3ED006AB7EE006AC6EE267AB4EEE77AB1
:10AF1000F1EE10FA0ADD284B00221A60199B9B699A
:10AF200098470346002B01D0FFF746FF199B1B688B
:10AF30009DED0F6ADDED106A9DED117ADDED127A5F
:10AF4000B0EE460AF0EE660AB0EE471AF0EE671A67
:10AF5000984723E0199B5C68DDE9142310461946E5
:10AF60000DF060FF03461846A0471AE0199B9B6945
:10AF7000984703468DF82230114B18680DF12201D5
:10AF8000002300220BF004FF1890189B012B07D020
:10AF90000C4800F0B9FB03E000BF37E700BF35E71E
:10AFA00000BF33E7CC010020102900200CF802007C
:10AFB000A80B002030F80200142900202C000020EB
:10AFC000AC0B002088F8020000B585B00190134B4F
:10AFD00018680023002212490BF0DAFE0390039B4D
:10AFE000012B02D00F4800F08FFB0F4B1B684FF076
:10AFF000FF320E4918460CF01DF80390039B012BFD
:10B0000002D00B4800F080FB019B084A07CA83E886
:10B010000700019805B05DF804FB00BF900D00200B
:10B020001C0A0300F0F80200182900203029002033
:10B0300038F9020030B587B005901F48FCF78AF94F
:10B04000034683F00103DBB2002B06D01B4800F05F
:10B050005BFB1B4905980EF078FF1748FCF77AF95F
:10B06000034683F00103DBB2002B06D0134800F047
:10B070004BFB134905980EF068FF0F4B5B791C469C
:10B080000D4BDB781D460C4B9B791A460A4B9B787F
:10B090001946094B5B781846074B1B7803930290BF
:10B0A000019100922B462246064905980EF04DFF6D
:10B0B00000BF07B030BD00BF2429002088F902007E
:10B0C000B8F90200C4F90200F0B52DED028BADF223
:10B0D000BC4D0DF59763A3F5637318600DF5976389
:10B0E000A3F5967318464FF48C731A4600210FF09F
:10B0F0003CFC00238DF8B7340DF59763A3F51B7363
:10B1000000221A600DF59763A3F51B734FF0000240
:10B110005A600DF59763A3F51B734FF000029A6018
:10B12000734B00221A70734BCDF8B034724B00226F
:10B130001A70724B1B684DA94FF0FF3218460BF086
:10B1400079FFCDF8AC046C4B01221A700DF59763B2
:10B15000A3F561731B78042B00F2E38101A252F87E
:10B1600023F000BF79B101000BB2010019B3010057
:10B170008DB40100FFB40100614BD3ED017AB7EE4D
:10B18000007AF4EEC77AF1EE10FA02D501238DF8B9
:10B19000B734D6AB1846FFF74DFFD6AB184602F0D2
:10B1A000B9FD03468DF8A5349DF8A534082B03D1CD
:10B1B000544800F0A9FA0BE09DF8A534002B07D005
:10B1C000514800F0A1FA4A4A137843F00103137082
:10B1D0000DF59763A3F596734FF000025A600DF5D5
:10B1E0009763A3F596734FF000029A600DF597638D
:10B1F000A3F596734FF00002DA600DF59763A3F59F
:10B2000096734FF000021A618EE14048FCF7A2F8F5
:10B21000034683F00103DBB2002B02D03C4800F070
:10B2200073FA0DF59763A3F51B731846FFF7CCFE71
:10B230004DAB184600F0ACF9DDF8B0345D680DF5A3
:10B240009763A3F51B731B680DF59762A2F51B723C
:10B2500092ED018A0DF59762A2F51B72D2ED028A7A
:10B260000DF59762A2F56174284F96AE4593684636
:10B27000231D4FF48A7219460FF04EFB2368F0EE3F
:10B28000680AB0EE480A97E806003046A847CDF8AD
:10B29000A8040DF59763A3F596720DF59763A3F5D2
:10B2A0006173104619464FF48C731A460FF034FB45
:10B2B0009DF8B73483F00103DBB2002B00F033813B
:10B2C00096A9D6ABDDF8A824184602F079FD03460E
:10B2D0008DF8A6349DF8A634002B00F024810D488B
:10B2E00000F012FA024A137843F0040313701AE1D3
:10B2F0002C290020E8010020202900201C29002002
:10B300002C000020ECF9020044FA0200242900205D
:10B3100088FA0200ACFA02008448FCF71BF80346E6
:10B3200083F00103DBB2002B02D0814800F0ECF97E
:10B330000DF59763A3F51B7446AB1846FFF744FE63
:10B340000DF59763A3F56872234607CA83E80700E3
:10B350004DAB184600F01CF90DF59763A3F59672F6
:10B360000DF59763A3F5617302F11400143340F2F5
:10B37000011219460FF0D0FADDF8B0349D680DF5D2
:10B380009763A3F51B731B680DF59762A2F51B72FB
:10B3900092ED018A0DF59762A2F51B72D2ED028A39
:10B3A0000DF59762A2F59674604F96AE4593684688
:10B3B000231D4FF48A7219460FF0AEFA2368F0EE9F
:10B3C000680AB0EE480A97E806003046A847CDF86C
:10B3D000A8040DF59763A3F561731B7D022B14D0B0
:10B3E0000DF59763A3F561731B7D072B0DD00DF54C
:10B3F0009763A3F561731B7D082B06D00DF597634A
:10B40000A3F561731B7D092B1BD10DF59763A3F584
:10B4100096734FF000025A600DF59763A3F596738B
:10B420004FF000029A600DF59763A3F596734FF005
:10B430000002DA600DF59763A3F596734FF00002F2
:10B440001A619DF8B73483F00103DBB2002B15D0ED
:10B4500096A9D6ABDDF8A824184602F0B1FC034645
:10B460008DF8A7349DF8A734002B07D0314800F0A1
:10B470004BF9314A137843F002031370DDF8A82426
:10B4800096AB11461846FAF7D5F94DE04DAB184684
:10B4900000F07EF8DDF8B0345D680DF59763A3F534
:10B4A0001B731B680DF59762A2F51B7292ED018A62
:10B4B0000DF59762A2F51B72D2ED028A0DF5976227
:10B4C000A2F56174194F96AE45936846231D4FF45B
:10B4D0008A7219460FF020FA2368F0EE680AB0EE7F
:10B4E000480A97E806003046A847CDF8A804DDF8DA
:10B4F000A82496AB11461846FAF79CF914E00B4ABB
:10B500004DAB03F1150196A80CCA00F07DF8CDF8FB
:10B51000A804DDF8A82496AB11461846FAF78AF974
:10B5200002E000BF02E600BF00E600BF24290020C1
:10B5300088FA0200ACFA02002C29002086B08DEDBA
:10B54000050ACDED040A8DED031ACDED021A8DED3D
:10B55000012A9DED057ADDED047A77EE676A9DEDAF
:10B56000037ADDED047A77EE677A86EEA77ADDED71
:10B57000016ADDED027A76EEE77A27EE277ADDEDD5
:10B58000027A77EE277AB0EE670A06B070470000BD
:10B5900000B583B00190019BD3ED027A174B93ED78
:10B5A0000A7A9FED172ADFED171AB0EE471ADFED82
:10B5B000150AB0EE670AFFF7C1FFF0EE407A019B73
:10B5C000C3ED027A019BD3ED047A0C4B93ED0A7A1A
:10B5D0009FED0B2ADFED0B1AB0EE471ADFED090ADB
:10B5E000B0EE670AFFF7AAFFF0EE407A019BC3EDC9
:10B5F000047A00BF03B05DF804FB00BF2C000020FC
:10B600000000C8420000000000B587B0059004911A
:10B6100002A981E80C009DF80A3019469DF809300E
:10B6200018469DF808301A46049B01930092034681
:10B630000A46044905980EF088FC0346184607B0F0
:10B640005DF804FBD8FA020000B5ADF50B7D0246AB
:10B650008AABA3F50A7319608AABA3F221231A708F
:10B660008AABA3F58473184640F201131A460021F1
:10B670000FF07BF98AABA3F584738AAAA2F2212288
:10B6800012781A708AABA3F50A7348AA501CFF22DD
:10B6900019680EF0F4FC8AABA3F58473002283F8DA
:10B6A00000218AABA3F5087318464FF48C731A4631
:10B6B00000210FF05AF98AABA3F5087302221A7021
:10B6C0008AABA3F508738AAAA2F5847214331146D3
:10B6D00040F2011218460FF01FF9094B186802A931
:10B6E000002300220BF054FB8990899B012B02D090
:10B6F000044800F009F800BF0DF50B7D5DF804FB70
:10B700001C290020F0FA020000B5ADF54B7DCAAB54
:10B71000A3F549731860CAABA3F5497389A81B68E0
:10B720002F4A4FF480710EF0FCFB89AB184604F0F1
:10B73000EDFF2C4B1B7883F00103DBB2002B4AD1C9
:10B74000294B1B7D002B47D0CAABA3F54873184685
:10B7500040F201131A4600210FF007F9CAABA3F516
:10B76000487313221A7089A902AB0133FF221846CD
:10B770000EF085FCCAABA3F54873002283F80021C4
:10B78000CAABA3F5077318464FF48C731A46002111
:10B790000FF0EBF8CAABA3F5077304221A70CAAB1B
:10B7A000A3F50773CAAAA2F548721433114640F2F2
:10B7B000011218460FF0B0F80C4B186843A900238B
:10B7C00000220BF0E5FAC990C99B012B04D0084870
:10B7D000FFF79AFF00E000BF0DF54B7D5DF804FB1D
:10B7E00020FB0200E61D00202C0000201C29002068
:10B7F00028FB020000B583B001900198FFF784FF99
:10B8000002E001200AF0ECFA0A4B1B6818460BF024
:10B81000CFFD0346002BF4D102E001200AF0E0FA4C
:10B82000054B1B78DBB2002BF7D100BF00BF03B084
:10B830005DF804FB1C2900202029002084B003901F
:10B8400001AB83E8060000BF04B0704782B02DE969
:10B85000F04FA1B01F901DA880E806002B938DED3E
:10B860001C0ACDED1B0A9DF87A3013939DF87930B0
:10B8700014939DF8773015939DF8763016939DF8C4
:10B88000753017939DF874301A932C9B18460DF061
:10B8900073FB804689462D9B18460DF06DFB824652
:10B8A0008B462E9B18460DF067FBCDE918012F9BA8
:10B8B00018460DF061FB06460F461C980DF05CFB28
:10B8C00004460D461B980DF057FB02460B46CDE98A
:10B8D0001023CDE90E45719B0C93CDE90A679DEDD0
:10B8E000187B8DED087BCDE906ABCDE904891A996B
:10B8F0000391179902911699019115990091149B42
:10B90000139A05491F980EF020FB0346184621B0F4
:10B91000BDE8F04F02B0704758FB020082B02DE93D
:10B92000F04FA5B021901FA880E806002F938DED61
:10B930001E0ACDED1D0A002323939DF88230159336
:10B940009DF8813016939DF87F3017939DF87E30D7
:10B9500018939DF87D3019939DF87C301C93309B93
:10B9600018460DF009FB80468946319B18460DF0BC
:10B9700003FB82468B46329B18460DF0FDFACDE95B
:10B980001A01339B18460DF0F7FA06460F461E982B
:10B990000DF0F2FA04460D461D980DF0EDFA2FABAE
:10B9A00015331293CDE91001CDE90E45759B0C932B
:10B9B000CDE90A679DED1A7B8DED087BCDE906ABDD
:10B9C000CDE904891C990391199902911899019163
:10B9D00017990091169B159A064921980EF0B5FA11
:10B9E00003462393239B184625B0BDE8F04F02B0D1
:10B9F000704700BFA4FB020082B00190024B0122FD
:10BA00001A7000BF02B070478429002082B00190F4
:10BA1000024B01221A7000BF02B070478529002036
:10BA200030B58FB0214B06AC1D460FCD0FC42B682F
:10BA3000236001238DF820301D4B01AC1D460FCD36
:10BA40000FC42B68236000238DF80C3006AB194A15
:10BA500019461948ECF74EFC0D900D9B0C930C9B6E
:10BA6000002B04D0154AA4210C98E5F701FD01AB89
:10BA7000134A19461348ECF73DFC0D900D9B0B93B0
:10BA80000B9B002B04D00D4AA7210B98E5F7F0FC87
:10BA9000002200210848ECF7FDFA002200210948A5
:10BAA000ECF7F8FA00BF0FB030BD00BF5CFC02003D
:10BAB00070FC0200F9B90100FCFC020014FC020059
:10BAC0000DBA01000CFD020000B585B0B0EE407A61
:10BAD000F0EE607A8DED007ACDED017A00230293CD
:10BAE00001238DF80830DDED007AFDEEE77A17EEE0
:10BAF000902A1D4B1A60DDED017AFDEEE77A17EE14
:10BB0000902A1A4B1A60184B1B689BB21A460021E8
:10BB10001748ECF7BFFA154B1B689BB21A46002179
:10BB20001448ECF7B7FA104B1B68002B02DD124BE0
:10BB300001221A700D4B1B68002B02DD0F4B0122F6
:10BB40001A700F4B186802A9002300220BF020F98D
:10BB50000390039B012B02D00A48FFF7D5FD00BFDD
:10BB600005B05DF804FB00BF882900208C29002067
:10BB7000FCFC02000CFD020090290020912900200D
:10BB80009429002084FC020000B587B001900122B6
:10BB90000021A748ECF77EFA01220021A548ECF726
:10BBA00079FAA54B1B6804A94FF0FF3218460BF039
:10BBB00041FA0590059B012B03D0A048FFF7A4FD97
:10BBC000EFE79DF810300A2B00F2E58101A252F850
:10BBD00023F000BF97BF010001BC010065BC01005C
:10BBE0008DBC0100ABBC0100D3BC0100F1BC010065
:10BBF00061BD0100CDBD01001FBF010061BE01009C
:10BC00008F4B1B78DBB2002B11D08E4B1B78002B97
:10BC100002D08B4B00221A708B4B1B68002B06DC6A
:10BC2000884B1B78002B02D0864B00221A70874B62
:10BC30001B78DBB2002B00F0B081854B1B78002B0A
:10BC400002D07F4B00221A70824B1B68002B00F33E
:10BC5000A4817F4B1B78002B00F09F817C4B00223E
:10BC60001A709AE1002200217148ECF713FA66205D
:10BC70000AF0B6F8784B1B78002B00F090816C48E6
:10BC8000ECF7DEFC744B00221A7088E1724B1B78D3
:10BC900083F00103DBB2002B00F083816448ECF7F2
:10BCA0005DFC6D4B01221A707BE10022002161488E
:10BCB000ECF7F0F966200AF093F8684B1B78002B3C
:10BCC00000F071815B48ECF7BBFC644B00221A70FA
:10BCD00069E1624B1B7883F00103DBB2002B00F0BB
:10BCE00064815448ECF73AFC5C4B01221A705CE129
:10BCF000BDF81230DBB21A4664214FF47A7000F0BE
:10BD000057F9BDF81230DBB21A4664214FF4966041
:10BD100000F04EF9BDF81230DBB21A4664214FF440
:10BD2000AF6000F045F9BDF81230DBB21A4664216D
:10BD30004FF4E16000F03CF9BDF81230DBB21A4676
:10BD40004FF4FA714FF4FA7000F032F9BDF8123086
:10BD5000DBB21A4664214FF4487000F029F925E15E
:10BD6000BDF81230DBB21A4664214FF47A7000F04D
:10BD70001FF9BDF81230DBB21A4664214FF461702E
:10BD800000F016F9BDF81230DBB21A4664214FF408
:10BD9000487000F00DF9BDF81230DBB21A4664218C
:10BDA0004FF42F7000F004F9BDF81230DBB21A46E0
:10BDB0004FF4FA71FA2000F0FBF8BDF81230DBB254
:10BDC0001A466421962000F0F3F8EFE0BDF8123037
:10BDD000DBB21A4632219C2000F0EAF8BDF812309E
:10BDE000DBB21A463221A52000F0E2F8BDF812308D
:10BDF000DBB21A4632219C2000F0DAF8BDF812308E
:10BE0000DBB21A463221A52000F0D2F8BDF812307C
:10BE1000DBB21A4664219C2000F0CAF8BDF812304B
:10BE2000DBB21A46C8218B2000F0C2F8BEE000BF8A
:10BE3000FCFC02000CFD020094290020D0FC020052
:10BE400084290020902900208829002085290020AD
:10BE5000912900208C290020992900209829002070
:10BE6000BDF81230DBB21A46642140F2932000F094
:10BE70009FF800221921642000F09AF8BDF81230D2
:10BE8000DBB21A46642140F2932000F091F80022C0
:10BE90006421642000F08CF8BDF81230DBB21A4641
:10BEA000642140F2932000F083F800226421642092
:10BEB00000F07EF8BDF81230DBB21A46962140F24F
:10BEC0000B2000F075F800223221642000F070F899
:10BED000BDF81230DBB21A46642140F2932000F024
:10BEE00067F800226421642000F062F8BDF8123087
:10BEF000DBB21A4696214FF4447000F059F8002244
:10BF0000FA21642000F054F8BDF81230DBB21A4672
:10BF10004FF4AF714FF4C47000F04AF846E0BDF83A
:10BF20001230DBB21A461921642000F041F8BDF846
:10BF30001230DBB21A461921962000F039F8BDF80C
:10BF40001230DBB21A461921C82000F031F8BDF8D2
:10BF50001230DBB21A461921FA2000F029F8BDF898
:10BF60001230DBB21A4619214FF4C87000F020F8E5
:10BF7000BDF81230DBB21A4619214FF4FA7000F006
:10BF800017F8BDF81230DBB21A4632214FF47A703E
:10BF900000F00EF80AE000BF03E600BF01E600BFB4
:10BFA000FFE500BFFDE500BFFBE500BFF9E500BF11
:10BFB00082B00346ADF806300B46ADF804301346A8
:10BFC0008DF8033000BF02B070470000054B00221F
:10BFD0001A70054B00221A70044B00221A7000BF21
:10BFE000704700BF9A2900209B290020F4010020FF
:10BFF00008B5154B18680023002214490AF0C8FE42
:10C000000346134A1360124B1B68012B02D01148E0
:10C01000FFF77AFB104B1B680022104918460BF003
:10C0200009F80346012B0BD10C4BD3ED027A9FED9F
:10C030000C7AF4EEC77AF1EE10FA01DB042301E08A
:10C04000084B1B78184608BD900D0020180A030005
:10C05000182B002038FD0200980B0020E42A002055
:10C0600000006C429A2900202DE9F04F99B08A4ACD
:10C070000123137001F067B8874A00231370874BC0
:10C080001B78874A1370874B1B78844A1370834B45
:10C090001B78062B01F2538001A252F823F000BF57
:10C0A000BDC00100DFC3010079C4010001C8010067
:10C0B00069C9010015CF01009DD001007A4B1868B5
:10C0C00000230A2279490AF063FE0246784B1A607F
:10C0D000774B1B68012B02D07648FFF715FB764A99
:10C0E00000231370754A4FF000031360992009F084
:10C0F00077FE734B18680023002272490AF048FE4D
:10C1000002466B4B1A606A4B1B68012B02D06E48CB
:10C11000FFF7FAFA6D4B1B684FF480626C491846C2
:10C120000AF088FF0346012B23D16A4B1B78002BB2
:10C130000AD0614A02231370574A01231370594AE7
:10C140000623137000F0FFBF614BD3ED027A9FED21
:10C15000627AF4EEC77AF1EE10FA0ADB564A03234C
:10C1600013704D4A012313704E4A0623137000F0DA
:10C17000EABF5A4B1B684FF0FF32594918460AF084
:10C1800059FF02464A4B1A60554B186801F054F9A2
:10C190000346002B0AD0484A042313703E4A012369
:10C1A0001370404A0623137000F0CDBF4D4B1B782F
:10C1B000C3F30003DBB283F00103DBB2002B0AD030
:10C1C0003D4A07231370344A01231370354A06236E
:10C1D000137000F0B8BFF7F789F9034683F0010345
:10C1E000DBB2002B0AD0344A0D2313702A4A0123F4
:10C1F00013702C4A0623137000F0A5BF3A4B1B683E
:10C2000018460BF0D5F80346002B18D0364B1B68A8
:10C2100018460BF0CDF803461A46344934480DF061
:10C2200094FE3348FFF770FA00BF2F4B1B680022C3
:10C23000304918460AF0FEFE0346012BF5D02E4B7E
:10C240001B6818460BF0B4F80346002B18D02A4B95
:10C250001B6818460BF0ACF803461A4627492448D9
:10C260000DF073FE2248FFF74FFA00BF224B1B6808
:10C270000022204918460AF0DDFE0346012BF5D0C6
:10C280001F4A4FF0000313601E4A0023137000235F
:10C290008DF85F305AE000BFF90100209A29002094
:10C2A0009C2900209B2900201C290020E80703006E
:10C2B000182B002084FD0200F4010020D82A002061
:10C2C000900D0020180A030038FD0200980B002092
:10C2D000E42A0020000C002000006C429C0B00208F
:10C2E000A02A00200C0C0020A80B0020D0FD02008A
:10C2F000A0290020F02A0020C00B002024FE02000C
:10C30000A42A0020A82A0020BC4B19689DF85F20B1
:10C31000342302FB03F30B4493ED007AB84BD3EDC7
:10C32000007A77EE277AB64BC3ED007AB34B1968E3
:10C330009DF85F20342302FB03F30B449B7AB14A40
:10C3400013709DF85F3001338DF85F309DF85F20EA
:10C35000AD4B1B689A42D7DB09F090FE0246AB4B0F
:10C360001A60AB4A00231360A54B1B6818460CF0FB
:10C3700003FE4FF00002A74B0CF044FB02460B46B5
:10C38000104619460CF074FD03469A02A24BA3FB1B
:10C3900002239A099D4B1B681A44A04B1A60A048BF
:10C3A000FAF7D8FF9E4A13681846117953791B0291
:10C3B000194393791B0443EA0102002362F3170334
:10C3C0001946FBF7E1F9034618460EF0DBF9024681
:10C3D000944B1A60944A0123137000F0B4BE934B3F
:10C3E0001B689BB201339BB2184601F041F803462B
:10C3F00083F00103DBB2002B0DD08D48FFF784F9E9
:10C400008C4A072313708C4A01231370864A062333
:10C41000137000F098BE09F031FE0246874B1A6097
:10C420007F4A13681846117953791B02194393798F
:10C430001B0443EA0102002362F317031946FBF7CA
:10C44000A3F9034618460EF09DF902467C4B1A608C
:10C4500001210320FCF778FE734A02231370794A06
:10C4600000231370784A4FF000031360774A4FF0AF
:10C470000003136000F067BE754B1A78754B1B788C
:10C480009A421CD0664A13681846117953791B02E8
:10C49000194393791B0443EA0102002362F3170353
:10C4A0001946FBF771F9034618460EF06BF9024680
:10C4B000694B1A6009F0E2FD0246684B1A60664B50
:10C4C0001C68574A13681846117953791B0219439F
:10C4D00093791B0443EA0102002362F31703194610
:10C4E000FBF752F9034618460EF04CF9034619467D
:10C4F00020460EF048F853EC102B104619460CF06D
:10C5000055FD0246504B1A6009F0B8FD0246534BE8
:10C510001B68D31A9B0A07EE903AF8EE677A4B4BEA
:10C52000C3ED007A494B93ED007A474BD3ED007A87
:10C5300077EE677AFDEEE77A17EE900A0DF098FB3A
:10C5400007EE900AB8EEE77A454BD3ED087AB4EEE1
:10C55000E77AF1EE10FA0ADD364A10231370364AF4
:10C5600001231370304A0423137000F0ECBDFFF771
:10C570003FFD03462C4A13702B4B1B78042B07D12D
:10C580002C4A032313702C4A0123137000F0DBBDE7
:10C59000344B1B684FF0FF32334918460AF04AFD0E
:10C5A0000246324B1A60304B186800F045FF0346D4
:10C5B000002B0AD01F4A042313701F4A0123137053
:10C5C000194A0423137000F0BEBD294A03231370D7
:10C5D000284B1B680022264918460AF02BFD244BE5
:10C5E0001B78002B48D1134A05231370124A0123EC
:10C5F00013700D4A0423137000F0A5BDC80B002072
:10C60000A42A0020A82A002050440020AC2A0020A0
:10C61000B02A002000408F40D34D6210B42A002081
:10C6200024290020B82A00209B290020042B002068
:10C6300080FE0200F4010020F9010020C02A002041
:10C64000C42A0020E02A0020D82A0020DC2A00206A
:10C650009C2900209A290020CC2A0020C82A0020EA
:10C660002C0000209C0B0020A02A0020182B00206A
:10C67000F8010020B00B0020A34B1B6818460AF0FD
:10C6800097FE0346002B06D001F02AF903469F4A85
:10C69000137000F058BD9E4B19689E4B1B681A46DC
:10C6A000342302FB03F30B44D3ED037AF5EEC07A97
:10C6B000F1EE10FA3CDD984B1B7883F00103DBB2FE
:10C6C000002B10D0954B1B680022934918460AF0A6
:10C6D000B1FC0246924B1A60914B1B68012B02D0B1
:10C6E0008D4A002313708C4B1B7883F00103DBB25F
:10C6F000002B1DD0864B1968864B1B681A463423C5
:10C7000002FB03F30B4493ED037A864BD3ED007ADF
:10C71000B4EEE77AF1EE10FA0AD5834A08231370D3
:10C72000824A01231370794A0423137000F00BBD71
:10C73000774B1968774B1B681A46342302FB03F3C7
:10C740000B449B7A002B41D0714B1968714B1B68CD
:10C750001A46342302FB03F30B44D3ED037AF5EEC0
:10C76000C07AF1EE10FA31DD6B4B1B78002B10D044
:10C770006F4B1868002300226E490AF009FB02463D
:10C78000674B1A60664B1B68012B02D06A48FEF7A4
:10C79000BBFF6A4A13681846117953791B02194383
:10C7A00093791B0443EA0102002362F3170319463D
:10C7B000FAF7EAFF034618460DF0E4FF0246604B25
:10C7C0001A6009F05BFC02465E4B1A60504B196818
:10C7D000504B1B681A46342302FB03F30B4493EDC2
:10C7E000007A504BD3ED007AB4EEE77AF1EE10FA0E
:10C7F00004D8464A0323137000F0A5BC00F0A3BC84
:10C80000514B1A78514B1B789A4216D009F036FCDE
:10C8100003461A464A4B1A603D4B19683D4B1B684C
:10C820001A46342302FB03F30B441B891A464FF4C8
:10C830007A7303FB02F2464B1A60FFF7D9FB0346FB
:10C84000324A1370314B1B78042B07D1364A03232D
:10C850001370364A0123137000F075BC09F00EFC0A
:10C860000246374B1B68D31A07EE903AF8EE677A08
:10C87000384BC3ED007A364B1B6807EE903AB8EEA2
:10C88000E77A344BD3ED007AB4EEE77AF1EE10FAA2
:10C8900002D81E4A042313702F4B1B684FF0FF323F
:10C8A0002E4918460AF0C6FB02461D4B1A602B4B58
:10C8B000186800F0C1FD0346002B0AD01A4A042371
:10C8C00013701A4A01231370104A0423137000F0E6
:10C8D0003ABC234A03231370224B1B6800222049D1
:10C8E00018460AF0A7FB1E4B1B78002B40F02B8448
:10C8F0000D4A052313700D4A01231370034A0423C4
:10C90000137000F020BC00BFA80B00209B29002062
:10C91000C80B0020042B0020E02A0020C00B0020C0
:10C92000182B0020D82A0020F4010020F901002053
:10C930001C29002000090300D0FE02002429002049
:10C94000CC2A0020C82A00209C2900209A290020F7
:10C95000D02A0020D42A00209C0B0020A02A0020EE
:10C96000F8010020B00B00201B4B1A781B4B1B78E2
:10C970009A4200F0E88309F081FB0246184B1A60E6
:10C98000184A13681846117953791B021943937991
:10C990001B0443EA0102002362F317031946FAF766
:10C9A000F3FE034618460DF0EDFE02460E4B1A60EC
:10C9B0000E4B1B78002B21D00D4B1B689BB2013313
:10C9C0009BB20121184600F02FFE0A4A0123137082
:10C9D000094A06231370B6E39C2900209A290020F7
:10C9E000B02A002024290020BC2A0020F4010020C5
:10C9F000042B0020F90100209B290020BA4B1B6862
:10CA00009BB201339BB20021184600F00DFEB64BDD
:10CA10001B685A1CB54B1B689A4240F08181B44B8D
:10CA20001B6818460CF0A8FA80468946B14B1A6874
:10CA3000B14B1B68D31A002210931192DDE9104507
:10CA400022462B464FF000004FF00001590141EA09
:10CA5000D261500102460B462146B2EB010A29463B
:10CA600063EB010B4FF000024FF000034FEA8B0322
:10CA700043EA9A734FEA8A0292469B4623461AEB90
:10CA8000030306932B464BEB030307934FF000027F
:10CA90004FF00003DDE906452946CB00214643EA75
:10CAA00051732146CA00CDE906234FF000004FF034
:10CAB0000001900A40EA8350990A034618460CF098
:10CAC0001FFA87A3D3E900230BF09CFF02460B4615
:10CAD00014461D46864B1B6818460CF04DFA02465C
:10CAE0000B46204629460BF089FF02460B461446AA
:10CAF0001D46824B1A68824B1B68194610460DF082
:10CB000042FD57EC106B7A4B1B6818460CF034FA58
:10CB100002460B46304639460BF070FF02460B4684
:10CB2000CDE90423CDE90245CDE90089754AFF210D
:10CB300075480DF0F6F974491420FEF785FD734A27
:10CB400005231370724B1B7883F00103DBB2002BBB
:10CB500000F0F9826F4BD3ED087AF5EEC07AF1EE72
:10CB600010FA40F3D681654B1A68654B1B6819466D
:10CB700010460DF008FD55EC104B5D4B1B68184638
:10CB80000CF0FAF902460B46204629460BF036FF18
:10CB900002460B46104619460CF044F90346184667
:10CBA0000DF066F807EE900AB8EEE77A594BD3ED30
:10CBB000087AB4EEE77AF1EE10FA08DB534A06235E
:10CBC0001370554A0F231370544A01231370494BB5
:10CBD0001A68494B1B68D31A002212931392DDE99D
:10CBE000124522462B464FF000004FF0000159013C
:10CBF00041EAD261500102460B462146511A089182
:10CC0000294663EB010309934FF000024FF0000344
:10CC1000DDE9086739468B00314643EA91733146B6
:10CC20008A0010461946CDE90801034622469B18A2
:10CC30000A930B462A4653410B934FF000024FF0E4
:10CC40000003DDE90A452946CB00214643EA51733A
:10CC50002146CA00CDE90A234FF000004FF0000141
:10CC6000900A40EA8350990A034618460CF048F9A6
:10CC70001BA3D3E900230BF0C5FE02460B46144666
:10CC80001D461B4B1B6818460CF076F902460B46F6
:10CC9000204629460BF0B2FE02460B4610461946C6
:10CCA0000CF0C0F8034618460CF0E2FF07EE900ABD
:10CCB000B8EEE77A174BD3ED087AB4EEE77AF1EEE7
:10CCC00010FAC0F22681114A06231370124A0F236C
:10CCD0001370124A0123137035E200BFAFF30080D6
:10CCE000FCA9F1D24D62503F042B0020504400209B
:10CCF000A42A0020B02A0020AC2A0020B82A002054
:10CD0000BC2A00202CFF0200A02900209B29002023
:10CD1000A82A00202C000020F4010020F9010020A6
:10CD2000A54A01231370A54B1B7883F00103DBB2E6
:10CD3000002B00F0E980A24B1968A24B1B681A4631
:10CD4000342302FB03F30B44D3ED017AF5EEC07AF2
:10CD5000F1EE10FA40F3D8809B4B1A689B4B1B688E
:10CD6000194610460DF00FFC55EC104B944B19680A
:10CD7000944B1B681A46342302FB03F30B441B68D5
:10CD800018460CF0F9F802460B46204629460BF0EF
:10CD900035FE02460B46104619460CF043F8034692
:10CDA00018460CF065FF07EE900AB8EEE77A844B60
:10CDB0001968844B1B681A46342302FB03F30B44A7
:10CDC000D3ED017AB4EEE77AF1EE10FA08DB7A4A95
:10CDD000062313707E4A0E2313707E4A01231370BC
:10CDE0007D4B1A687D4B1B68D31A00221493159251
:10CDF000DDE9144522462B464FF000004FF00001BC
:10CE0000590141EAD261500102460B462146511AAE
:10CE10000C91294663EB01030D934FF000024FF094
:10CE20000003DDE90C6739468B00314643EA917314
:10CE300031468A0010461946CDE90C0103462246C8
:10CE40009B180E930B462A4653410F934FF0000256
:10CE50004FF00003DDE90E452946CB00214643EAA9
:10CE600051732146CA00CDE90E234FF000004FF068
:10CE70000001900A40EA8350990A034618460CF0D4
:10CE80003FF84BA3D3E900230BF0BCFD02460B4651
:10CE900014461D464A4B19684A4B1B681A463423F0
:10CEA00002FB03F30B441B6818460CF065F80246BE
:10CEB0000B46204629460BF0A1FD02460B461046C4
:10CEC00019460BF0AFFF034618460CF0D1FE07EEF3
:10CED000900AB8EEE77A3A4B19683A4B1B681A4643
:10CEE000342302FB03F30B44D3ED017AB4EEE77A6B
:10CEF000F1EE10FA08DB304A06231370344A0E2391
:10CF00001370344A012313702E4B1B685A1C2D4B8F
:10CF10001A6018E1324B1A78324B1B789A4228D0AB
:10CF200001210820FCF710F92F4A136818461179DF
:10CF300053791B02194393791B0443EA010200232E
:10CF400062F317031946FAF71FFC034618460DF063
:10CF500019FC0246254B1A60254BD3ED037AFDEEF2
:10CF6000E77A17EE902A234B1A6023491320FEF725
:10CF70006BFB224B1B684FF0FF32214918460AF029
:10CF800059F802461F4B1A601D4B186800F054FAFE
:10CF90000346002B38D00E4A012313700D4A01239B
:10CFA0001370054A06231370CDE000BFAFF3008075
:10CFB000FCA9F1D24D62503F9B290020A82A0020F5
:10CFC000C80B0020042B0020C42A0020BC2A00200B
:10CFD000F4010020F9010020B02A0020C02A00201E
:10CFE0009C2900209A29002024290020CC2A0020F6
:10CFF0002C000020D02A002070FF02009C0B002093
:10D00000A02A0020182B0020554A03231370554BEB
:10D010001B680022524918460AF00CF85248FAF7E9
:10D0200099F9524B1C68504A136818461179537984
:10D030001B02194393791B0443EA0102002362F3A4
:10D0400017031946FAF7A0FB034618460DF09AFBA2
:10D050000346194620460DF096FA53EC102B104665
:10D0600019460BF0A3FF0246414B1A60414B1B6867
:10D0700007EE903AB8EEE77A3D4BD3ED007AB4EE86
:10D08000E77AF1EE10FA08D83B4A092313703B4ABD
:10D09000012313703A4A0623137054E0374A0023E1
:10D0A0001370354B1B78012B3CD0364B1968364B2F
:10D0B0001B681A46342302FB03F30B4493ED047AF6
:10D0C000324BD3ED007AB4EEE77AF1EE10FA1CDDC4
:10D0D0002C4B19682C4B1B681A46342302FB03F3B4
:10D0E0000B44D3ED047AF5EEC07AF1EE10FA0CDDC4
:10D0F00001210720FCF728F800210920FCF724F87B
:10D1000023491320FEF7A0FA10E001210620FCF7C6
:10D110001BF801210920FCF717F81E491320FEF720
:10D1200093FA03E000210920FCF70EF8164A0023C9
:10D13000136000F031F8124A0023137003E0104A24
:10D140000623137000BF0D4B1B78DBB2002B7EF45F
:10D1500093AF094B1B78184619B0BDE8F08F00BF9C
:10D16000F8010020B00B002024290020CC2A002048
:10D17000D42A0020D02A0020F4010020F901002048
:10D180009B290020C80B0020042B0020D82A002057
:10D1900090FF0200ACFF02002DE9F04389B0894BFB
:10D1A0001B78013B0F2B00F2F68001A252F823F00E
:10D1B000F1D10100FBD1010031D2010011D20100F7
:10D1C00021D2010055D2010067D2010079D20100BD
:10D1D00089D2010099D20100A9D20100B9D201007F
:10D1E000C9D20100E3D2010011D301002FD3010005
:10D1F00000210920FBF7A8FFD5E0734B1B68734A99
:10D20000734974480CF0A1FE08238DF81F30CAE062
:10D2100004238DF81F3070496E480CF096FEC2E072
:10D2200003238DF81F306D496A480CF08EFEBAE07A
:10D2300016238DF81F30644B9B6818460BF09CFE3C
:10D2400002460B46CDE90023654A664961480CF069
:10D250007CFEA8E0644A65495E480CF076FE09232E
:10D260008DF81F309FE0624A60495A480CF06DFE0D
:10D2700007238DF81F3096E00D238DF81F305D4990
:10D2800054480CF062FE8EE00E238DF81F305A4990
:10D2900050480CF05AFE86E00F238DF81F30574996
:10D2A0004C480CF052FE7EE011238DF81F3054499B
:10D2B00048480CF04AFE76E012238DF81F305149A1
:10D2C00044480CF042FE6EE013238DF81F304E4BA5
:10D2D0001B781A464D4B1B784D493E480CF035FEE5
:10D2E00061E013238DF81F304A4B1A684A4B1B68C4
:10D2F0001946342301FB03F313445B6818460BF013
:10D300003BFE02460B46454932480CF01EFE4AE001
:10D3100013238DF81F30424B1B6A18460BF02CFE6E
:10D3200002460B463F492B480CF00FFE3BE013230F
:10D330008DF81F303A4B1B6A18460BF01DFE8046D5
:10D340008946394B1B6818460BF016FE04460D46FD
:10D35000364B1B6818460BF00FFE06460F462D4B4A
:10D360001A682D4B1B681946342301FB03F3134441
:10D370001B6818460BF000FE02460B46CDE904235D
:10D38000CDE90267CDE9004542464B4628491148A0
:10D390000CF0DBFD07E013238DF81F3025490D4805
:10D3A0000CF0D3FD00BF074B1B78012B05D09DF877
:10D3B0001F3008491846FEF747F900BF09B0BDE81D
:10D3C000F08300BFF4010020E42A0020DCFF02000B
:10D3D00024000300A02900202C00030048000300C3
:10D3E000680003008800030090000300B000030001
:10D3F000B4000300000103002801030054010300EE
:10D400006C010300A00103000C0C0020080C00209C
:10D41000D4010300C80B0020042B002014020300D9
:10D420002C0000205C020300D82A0020DC2A002007
:10D43000AC0203001C03030084B0ADF80400002319
:10D440008DF80F309DF80430002B14BF012300230A
:10D45000DBB283F00103DBB28DF80F309DF80F30A3
:10D4600003F001038DF80F3000BF184604B0704779
:10D47000F0B5ADF51B7D02469AABA3F252231A809C
:10D4800000238DF863325A4B00221A608EAB28229B
:10D49000002118460DF069FA02238DF838329AAB54
:10D4A000A3F252231B88ADF83A3201238DF84C3297
:10D4B000504B18688EA90023002209F069FC99904E
:10D4C000999B012B02D04C48FEF71EF99AABA3F5AD
:10D4D0009A734A4A1846114640F201131A460DF053
:10D4E0001BFA9AABA3F252231E88454B1A68454B90
:10D4F0001B681946342301FB03F313441B681846C9
:10D500000BF03AFD04460D4608F0B8FD07463E4BC9
:10D510001A6810461A79597909020A439B791B0443
:10D520001A43002362F317031946FAF72DF903464D
:10D5300018460DF027F902464DAB013303920297CE
:10D54000CDE900453246314918460CF0FEFC9AAB55
:10D55000A3F5137318464FF48C731A4600210DF08F
:10D5600004FA9AABA3F5137302221A709AABA3F5CF
:10D5700013739AAAA2F59A721433114640F201125B
:10D5800018460DF0C9F9224B186807A9002300229C
:10D5900009F0FEFB9990999B012B02D01D48FEF7E4
:10D5A000B3F81D4B1B680DF263214FF0FF32184694
:10D5B00009F040FD9990999B012B02D01748FEF786
:10D5C000A3F8174B1B680DF263214FF0FF3218468A
:10D5D00009F030FD9990999B012B02D00F48FEF77E
:10D5E00093F89DF8633218460DF51B7DF0BD00BF22
:10D5F0008C270020102900203C0303004404030072
:10D60000C80B0020042B00202429002074030300F1
:10D610001C290020A8030300AC0B0020EC0303002E
:10D62000A40B0020000000002DE9F04FADF51F7D98
:10D6300002469EABA3F252231A809EABA3F2532361
:10D640000A461A7000238DF8733292AB282200210B
:10D6500018460DF08AF902238DF848329EABA3F2EA
:10D6600052231B88ADF84A329EABA3F253231B789A
:10D670008DF86A328A4B186892A90023322209F089
:10D6800087FB9D909D9B012B02D08648FEF73CF8BE
:10D690009EABA3F59A73844A1846114640F20113D3
:10D6A0001A460DF039F99EABA3F253231B7883F091
:10D6B0000103DBB2002B00F0A3809EABA3F2522348
:10D6C0001B880793794B19680891794B1A68794B35
:10D6D0001B681946342301FB03F313441B681846E7
:10D6E0000BF04AFC82468B46734B1A68734B1B68DF
:10D6F000D31A00221E46174632463B464FF0000022
:10D700004FF00001590141EAD261500102460B4637
:10D71000941B63EB07054FF000024FF00003AB00D2
:10D7200043EA9473A20014461D4614EB060845EB29
:10D7300007094FF000024FF000034FEAC90343EA24
:10D7400058734FEAC80290469946404649464FF002
:10D7500000024FF00003820A42EA81528B0A13460C
:10D7600018460BF0CDFB4CA3D3E900230BF04AF98C
:10D7700002460B4614461D464D4B1A684D4B1B681E
:10D780001946342301FB03F313441B6818460BF0BE
:10D79000F3FB02460B46204629460BF02FF90246C2
:10D7A0000B4614461D46464B1B68464A12681146F6
:10D7B00018460CF0E8FE57EC106B3D4B1A683D4BD9
:10D7C0001B681946342301FB03F313441B681846F6
:10D7D0000BF0D2FB02460B46304639460BF00EF9F1
:10D7E00002460B4651A9481CCDE90423CDE9024568
:10D7F000CDE900AB089B079A33490CF0A6FB0BE080
:10D800009EABA3F252231A88284B196851AB581CBF
:10D810000B462E490CF099FB9EABA3F513731846EB
:10D820004FF48C731A4600210DF09FF89EABA3F5C0
:10D83000137302221A709EABA3F513739EAAA2F56E
:10D840009A721433114640F2011218460DF064F832
:10D850001F4B18680BA90023322209F099FA9D90FA
:10D860009D9B012B02D01B48FDF74EFF1A4B1B68F6
:10D870000DF273214FF0FF32184609F0DBFB9D904B
:10D880009D9B012B02D01548FDF73EFF00BF0DF513
:10D890001F7DBDE8F08F00BFFCA9F1D24D62503F63
:10D8A00010290020480503009C0603008C27002057
:10D8B000C80B0020042B0020B02A0020C02A002022
:10D8C000C42A0020BC2A002080050300D4050300E0
:10D8D0001C290020FC050300AC0B002040060300BF
:10D8E00010B51E4B1B6800221D49184609F0A2FB0B
:10D8F00003461C4A13601B4B1B68012B02D01A48BD
:10D90000FDF702FF164B1B78002B03D1174B0A22A1
:10D910001A701DE0124B1B78012B0AD1144A104BD0
:10D92000144604330FCB84E80F00104B06221A7004
:10D930000EE00B4B1B78022B03D10C4B0B221A7001
:10D9400006E0074B1B78032B02D1084B0C221A7000
:10D95000084B01221A700423184610BDA80B0020A2
:10D96000F02A0020182B0020A0070300F40100205B
:10D97000082B0020F901002000B59BB02E4B01229E
:10D980001A702E4B00221A704FF40E7200212C4890
:10D990000CF0EBFF01212B4803F05EFB002002F0AE
:10D9A000EBFF03461A46244B1A70234B1B78002BBF
:10D9B0000ED0214B1B781A4601AB234918460CF0B8
:10D9C000C4FA01AB1846FDF79FFE1B4B1B782EE0F7
:10D9D0001E48FDF799FE00F095F803461A461C4BC9
:10D9E0001A701B4B1B780D2B0FD100F04BF8034620
:10D9F0001A46174B1A70164B1B78002B12D015487D
:10DA0000FDF782FE124B1B7811E0114B1B78002BA7
:10DA100008D01148FDF778FE084B00221A700C4B15
:10DA20001B7804E0054B01221A7000F085F81846B7
:10DA30001BB05DF804FB00BFFA010020FB010020D1
:10DA4000543B0020FC010020440A03006C0A030040
:10DA5000D43E00208C0A0300B00A030008B5002061
:10DA600003F054F803461A46044B1A700220E5F7F7
:10DA700069F80348FDF748FE00BF08BDFA01002021
:10DA8000CC0A030000B585B01848FDF73DFE4FF401
:10DA900000730093164B00220721164806F086FFFC
:10DAA00003468DF80F309DF80F30002B05D012483B
:10DAB000FDF72AFE9DF80F3014E000F023F803462E
:10DAC0008DF80F309DF80F30002B08D00B48FDF774
:10DAD0001BFE0B4B00221A709DF80F3002E0084B22
:10DAE00001221A70184605B05DF804FBF00A030025
:10DAF000D83E0020080B03000C0B03001C0B030096
:10DB0000FB01002008B501220349044805F06AFD25
:10DB10000346184608BD00BF080B0300543B002015
:10DB200008B500220349002005F05CFD03461846B5
:10DB300008BD00BF080B030000B58FB02548FDF7F6
:10DB4000E3FD2549254806F0DAFB03461A46244B37
:10DB50001A70234B1B78002B03D02248FDF7D4FD0D
:10DB600034E021491D4806F047FC03461A461C4B89
:10DB70001A701B4B1B78002B03D01C48FDF7C4FD0B
:10DB800024E0194B9B7D002B1CD0174B1B7A03F014
:10DB90001003002B0AD0164A01AB164918460CF0A8
:10DBA000D4F901AB1846FDF7AFFD0BE00E4B1B6837
:10DBB00019460F4B1A4610480CF0C7F901AB18462E
:10DBC000FDF7A2FD084B9B7D002BCAD10FB05DF87D
:10DBD00004FB00BF480B03006C0B03008C3D0020CE
:10DBE000D43E0020700B0300BC3D00208C0B0300D2
:10DBF000D23D0020A40B0300B40B030008B5FFF7CF
:10DC0000BBFE00F02DF8024B01221A7000BF08BDC8
:10DC10004C44002008B5FFF721FF024B00221A7088
:10DC200000BF08BD4C44002008B5FFF76BFF03465A
:10DC3000002B02D00248FDF767FD00BF08BD00BF02
:10DC4000140C030008B5FFF76BFF0346002B02D04E
:10DC50000248FDF759FD00BF08BD00BF300C0300AE
:10DC600000B583B000F06CF9224806F090FD034641
:10DC70008DF807309DF80730002B02D11E48FDF7C4
:10DC800043FD1E4806F083FD03468DF807309DF8DE
:10DC90000730002B02D11A48FDF736FD00F0EEFCEC
:10DCA00003468DF807309DF80730002B03D1154847
:10DCB000FDF72AFD06E09DF80730082B02D0124838
:10DCC000FDF722FD00F076FD03468DF807309DF844
:10DCD0000730002B03D10D48FDF716FD06E09DF837
:10DCE0000730082B02D00A48FDF70EFD00BF03B035
:10DCF0005DF804FB4C0C0300540C03006C0C030097
:10DD0000740C0300900C0300E40C0300040D0300EA
:10DD1000540D030000B585B0019000F0A5F803464E
:10DD20008DF80F309DF80F30002B02D09DF80F308A
:10DD30003AE0062201991E4805F098FC03468DF84A
:10DD40000F309DF80F30002B02D09DF80F302BE0E4
:10DD5000184B4F221849164805F04DFF03468DF821
:10DD60000F309DF80F30002B02D09DF80F301BE0D4
:10DD70000F4806F029F903468DF80F309DF80F3053
:10DD8000002B02D09DF80F300EE00C4806F03FF952
:10DD900003468DF80F309DF80F30002B02D09DF810
:10DDA0000F3001E09DF80F30184605B05DF804FB18
:10DDB000D840002048440020840D0300D40D030007
:10DDC00000B587B003900291019200F04DF8034630
:10DDD0008DF817309DF81730002B02D09DF81730C2
:10DDE0003AE0322203991E4805F040FC03468DF8C4
:10DDF00017309DF81730002B02D09DF817302BE01C
:10DE000004AB019A0299164805F0F5FE03468DF819
:10DE100017309DF81730002B02D09DF817301BE00B
:10DE20000F4806F0D1F803468DF817309DF81730EB
:10DE3000002B02D09DF817300EE00A4806F0E7F8F4
:10DE400003468DF817309DF81730002B02D09DF84F
:10DE5000173001E09DF81730184607B05DF804FB55
:10DE6000D8400020D40D030000B583B0FFF7DCFEDE
:10DE70000F49104806F043FA03468DF807309DF825
:10DE80000730002B02D09DF807300CE00A4806F05E
:10DE9000BEF803468DF807309DF80730002B02D0FE
:10DEA0009DF80730FFE7184603B05DF804FB00BF9C
:10DEB000D80D0300004300204C0C030000B599B0BE
:10DEC0000190009100238DF85E309DF85E30002BAC
:10DED00009D002AB019A184918460CF036F802AB8B
:10DEE0001846FDF711FC00238DF85F30019801F012
:10DEF000A9FA1690169B002B06D00099169801F0EF
:10DF000035FB03468DF85F309DF85F3083F00103E9
:10DF1000DBB2002B09D002A8009B019A07490CF044
:10DF200014F802AB1846FDF7EFFB9DF85F3018467A
:10DF300019B05DF804FB00BFDC0D03000C0E0300FC
:10DF400000B583B000238DF8073013E00F4B1A683B
:10DF50009DF807301B0113440093009B1A68009B37
:10DF6000DB6819461046FFF7A9FF9DF8073001331B
:10DF70008DF80730064B1B789DF807209A42E5D3B1
:10DF800000BF00BF03B05DF804FB00BF6C030020BE
:10DF9000AC1C030000B5BBB00190FFF745FE424941
:10DFA000424806F0ACF903468DF8E7309DF8E730BB
:10DFB000002B02D09DF8E73072E03D4806F027F8CC
:10DFC00003468DF8E7309DF8E730002B02D09DF82E
:10DFD000E73065E001223749374805F047FB034643
:10DFE0008DF8E7309DF8E730002B02D09DF8E73040
:10DFF00056E02AAB304A3221184607F015F938901E
:10E00000389B1B78002B2FD02AAB2C4918460CF0DC
:10E0100031FA38901DAB389A294918460BF095FF14
:10E02000264900200CF026FA389010AB389A244983
:10E0300018460BF08AFF10AB0A2118460BF0F2FFCE
:10E040003790379B002B02D0379B00221A7010AA02
:10E0500003AB114618460CF0BBFC03AA1DAB1146DE
:10E060001846FFF72BFFC4E700BF134805F0ACFFCD
:10E0700003468DF8E7309DF8E730002B02D09DF87D
:10E08000E7300DE00F4805F0C2FF03468DF8E7309A
:10E090009DF8E730002B02D09DF8E73000E0002328
:10E0A00018463BB05DF804FBD80D03000043002088
:10E0B0006C0C0300400E0300D8400020500E0300FB
:10E0C000540E0300D40D030010B598B001900091D8
:10E0D00000238DF85D309DF85D30002B09D002AB38
:10E0E000019A7F4918460BF030FF02AB1846FDF746
:10E0F0000BFB00238DF85F3000238DF85E30C9E004
:10E10000784B19689DF85E2013465B0013449B0012
:10E110000B441693169B1B68194601980BF02AFFB7
:10E120000346002B40F0B1809DF85D30002B0AD0F3
:10E13000169B1A6802A8009B6B490BF006FF02AB06
:10E140001846FDF7E1FA169B1B79032B00F28D8030
:10E1500001A252F823F000BF69E10100B3E1010020
:10E16000EBE1010027E201009FED5B0B009800F05E
:10E17000BFFC51EC100B169B9C680AF017FF03467E
:10E1800023609DF85D30002B0FD0169B9B681B68A9
:10E1900018460AF0F1FE02460B4602A853490BF05E
:10E1A000D4FE02AB1846FDF7AFFA01238DF85F30BD
:10E1B00067E0169B9C680021009800F0B7FC0346BE
:10E1C00023609DF85D30002B0BD0169B9B681A686E
:10E1D00002AB474918460BF0B8FE02AB1846FDF7F4
:10E1E00093FA01238DF85F304BE00021009800F096
:10E1F0009DFC0246169B9B6892B21A809DF85D308A
:10E20000002B0CD0169B9B681B881A4602AB394921
:10E2100018460BF09AFE02AB1846FDF775FA01237B
:10E220008DF85F302DE0344900980CF0F3FB024686
:10E23000169B9B68002A0CBF01220022D2B21A70E2
:10E240009DF85D30002B0CD0169B9B681B781A46FE
:10E2500002AB2A4918460BF078FE02AB1846FDF7D0
:10E2600053FA01238DF85F300BE0169B1A6802A861
:10E27000009B23490BF069FE02AB1846FDF744FAF8
:10E2800000BF9DF85F30002B0CD19DF85E3001334C
:10E290008DF85E301B4B1B789DF85E209A42FFF490
:10E2A0002FAF00E000BF9DF85F3083F00103DBB2C9
:10E2B000002B09D002A8009B019A13490BF045FEE0
:10E2C00002AB1846FDF720FA9DF85F30184618B0EB
:10E2D00010BD00BFAFF30080000000000000000090
:10E2E000DC0D030030040020580E0300840E0300F0
:10E2F000A00E0300BC0E0300DC0E0300E40E0300BE
:10E30000000F0300AD1C03000C0E030030B5CDB0B0
:10E31000FFF78AFCFFF788FC6C496D4805F0EFFFBA
:10E3200003468DF82B319DF82B31002B02D09DF840
:10E330002B31C8E0674B00221A606749644806F039
:10E340005BF803468DF82B319DF82B31002B21D142
:10E35000614B9B7D002B1DD05F4B1B7A03F010039C
:10E36000002BEAD10D225D495D480BF06AFE0346A1
:10E37000002BE2D120AB0A2219465A480CF0B0F823
:10E38000209B1B782E2BD8D1524B1B680133514A4E
:10E390001360D2E74F4B1B68002B40F384804D4B3A
:10E3A0001B681A46342302FB03F318460BF03AFDB0
:10E3B00003464D4A136000234B936EE04B9B5A1C5F
:10E3C0006B464A4918460BF0C0FD6B4601221946C0
:10E3D000474805F04BF903468DF82B319DF82B315A
:10E3E000002B02D09DF82B316DE03BAB404A32212F
:10E3F000184606F019FF4990499B1B78002B3BD02B
:10E400003BAB3C4918460CF035F849902EAB499A85
:10E41000394918460BF099FD384900200CF02AF8CC
:10E42000499021AB499A344918460BF08EFD21AB37
:10E430000A2118460BF0F6FD4890489B002B02D0AD
:10E44000489B00221A7021AA2EAB11461846FFF7EE
:10E450003BFE254B1A684B9B342101FB03F313440D
:10E46000274A1C4615460FCD0FC40FCD0FC40FCD44
:10E470000FC42B682360B8E700BF1D4805F0A4FD5A
:10E4800003468DF82B319DF82B31002B02D09DF8DF
:10E490002B3118E04B9B01334B930E4B1B684B9A6F
:10E4A0009A428BDB01E004230DE0164805F0AFFD36
:10E4B00003468DF82B319DF82B31002B02D09DF8AF
:10E4C0002B3100E0002318464DB030BD580F03003B
:10E4D000004300205044002030430020600F030020
:10E4E0004643002053430020C80B0020700F030058
:10E4F000D84000208C0F0300540E0300500E030080
:10E50000CC0B0020D40D030010B5A0B003468DF84D
:10E510000730514805F07BFD03468DF87F309DF8AC
:10E520007F30002B02D09DF87F3091E00A224B49CA
:10E530004B4805F09BF803468DF87F309DF87F30FF
:10E54000002B02D09DF87F3082E000238DF87E30D2
:10E550005CE0444B1A689DF87E301B0113441E9307
:10E560009DF80730002B2FD01E9B1B683E49184694
:10E570000CF050FA0346002B12D11E9B1A6804AB14
:10E580003A4918460BF0E1FC03461D9303AB04A97E
:10E590001D9A334805F02FFB03468DF87F3029E0A4
:10E5A0001E9B1A681E9BDB6804A831490BF0CDFC4A
:10E5B00003461D9303AB04A91D9A294805F01BFBD4
:10E5C00003468DF87F3015E01E9B1C681E9800F0F6
:10E5D00063FF034604A8224625490BF0B6FC034618
:10E5E0001D9303AB04A91D9A1D4805F004FB0346C7
:10E5F0008DF87F309DF87F30002B02D09DF87F3062
:10E6000026E09DF87E3001338DF87E30194B1B7863
:10E610009DF87E209A429CD3114805F0D5FC034614
:10E620008DF87F309DF87F30002B02D09DF87F3031
:10E630000EE0114805F0EBFC03468DF87F309DF8A5
:10E640007F30002B02D09DF87F3001E09DF87F30B5
:10E65000184620B010BD00BF6C0C0300400E030034
:10E66000D84000206C030020900F0300980F030097
:10E67000A40F0300AC1C0300D40D030000B59BB035
:10E68000444805F0C4FC03468DF867309DF86730B8
:10E69000002B02D09DF8673078E006223E493F48C3
:10E6A00004F0E4FF03468DF867309DF86730082BCF
:10E6B0000FD13B49384805F0E5FE03468DF8673039
:10E6C000374B1B68002B01D008235FE03548FDF76E
:10E6D0001BF80DAB3449184605F011FE03468DF8C2
:10E6E00067309DF86730002B02D09DF867304DE011
:10E6F0000DAB2B49184605F07FFE03468DF86730B9
:10E700009DF86730002B28D1254B9B7D002B24D012
:10E71000234B9B7D2E2B0BD1214BDB7D002B1AD065
:10E720001F4BDB7D2E2B03D11D4B1B7E002B12D0EC
:10E730001B4B1B7A03F01003002BD9D11B4805F0AB
:10E7400079FF03468DF867309DF86730002BCFD0F6
:10E750009DF867301AE000BFCAE70DAB184605F018
:10E7600032FE134805F053FC03468DF867309DF8E0
:10E770006730002B02D09DF8673007E00120FFF7DB
:10E78000C3FE03468DF867309DF8673018461BB00E
:10E790005DF804FB6C0C0300400E0300D840002021
:10E7A00030430020AC0F0300FC0F03004643002061
:10E7B000D40D030000B59DB0FFF736FA0FAB464904
:10E7C000184605F09CFD03468DF86F309DF86F30BC
:10E7D000002B02D09DF86F307AE0404805F017FC1E
:10E7E00003468DF86F309DF86F30002B02D09DF8F6
:10E7F0006F306DE006223A493A4804F037FF03468D
:10E800008DF86F309DF86F30082B02D19DF86F3076
:10E810005EE03548FCF778FF4FF4AE731A4601AB63
:10E820003249304805F0E7F903468DF86F302D483E
:10E8300005F0CAFB03468DF86F3006222C492948A3
:10E8400004F014FF03468DF86F3040F259131A4656
:10E8500001AB2849234805F0CEF903468DF86F3007
:10E86000204805F0B1FB03468DF86F30062222499F
:10E870001C4804F0FBFE03468DF86F3040F259133C
:10E880001A4601AB1D49174805F0B5F903468DF846
:10E890006F30144805F098FB03468DF86F30062260
:10E8A0001749104804F0E2FE03468DF86F304FF42C
:10E8B000AC731A4601AB13490A4805F09CF90346AC
:10E8C0008DF86F30074805F07FFB03468DF86F30F9
:10E8D00018461DB05DF804FBD80D03006C0C030056
:10E8E00000100300D840002014100300AC100300F7
:10E8F000441003000C1203005810030068130300B7
:10E900006C100300C414030000B5ADF61C0D6E4B73
:10E91000CDF80C38FFF788F96C496D4805F0EFFC2D
:10E9200003468DF80B389DF80B38002B02D09DF86C
:10E930000B38C4E0674805F06AFB03468DF80B38D6
:10E940009DF80B38002B02D09DF80B38B7E003225E
:10E950006149624804F08AFE03468DF80B389DF841
:10E960000B38002B02D09DF80B38A8E00DF60403FD
:10E970000DF5806140F2FF32584805F00BF8034670
:10E980008DF80B389DF80B38002B02D09DF80B3812
:10E9900095E0DDF804380DF61802A2F58362002137
:10E9A000D1540DF580634E4918460BF063FDCDF848
:10E9B00014086B46CDF810382AE0DDF80C18DDF8A5
:10E9C00014080BF087FB0346002B0DD0454A46493F
:10E9D000DDF810080BF0B9FA03461A46DDF81038D6
:10E9E0001344CDF810380DE0DDF814283E49DDF869
:10E9F00010080BF0AAFA03461A46DDF81038134443
:10EA0000CDF81038364900200BF034FDCDF814084D
:10EA1000DDF81438002BD0D10021304805F03EFB42
:10EA200003468DF80B389DF80B38002B02D09DF86B
:10EA30000B3844E06B4618460CF013F802460DF50F
:10EA400000636946254805F0D6F803468DF80B3873
:10EA50009DF80B38002B08D16B4618460CF001F8D6
:10EA60000246DDF800389A4202D99DF80B3826E0BC
:10EA70001A4805F03CFD03468DF80B389DF80B381D
:10EA8000002B02D09DF80B3819E0144805F09CFAD1
:10EA900003468DF80B389DF80B38002B02D09DF8FB
:10EAA0000B380CE0114805F0B2FA03468DF80B382C
:10EAB0009DF80B38002B02D09DF80B38FFE7184665
:10EAC0000DF61C0D5DF804FB80100300D80D03004B
:10EAD000004300206C0C0300400E0300D8400020CF
:10EAE0009010030094100300A8100300D40D03003D
:10EAF00000B589B003908DED000B05AB1946039866
:10EB00000BF00AFB8DED060B059B039A9A4202D18E
:10EB1000DDE9002301E0DDE9062343EC172BB0EE2D
:10EB2000470AF0EE670A09B05DF804FB00B585B04E
:10EB30000190009102AB0A22194601980BF0D0FC1B
:10EB40000390029B019A9A4201D1009B00E0039B33
:10EB5000184605B05DF804FB014B1B78184670475A
:10EB60004C44002000B583B00190019B1B681846FF
:10EB700000F05AF80346002B04D10B494FF4F6700D
:10EB8000E7F7DCFE019B1B681F2B02D84FF0A04368
:10EB900006E0019B1B6803F01F02019B1A60034BF8
:10EBA000184603B05DF804FB201603000003005074
:10EBB00000B585B0019001AB1846FFF7D3FF039075
:10EBC000019B012202FA03F31946039800F018F89A
:10EBD00000BF05B05DF804FB00B585B0019001AB46
:10EBE0001846FFF7BFFF0390019B012202FA03F3CF
:10EBF0001946039800F00EF800BF05B05DF804FB5D
:10EC000082B001900091019B009AC3F8082500BFD3
:10EC100002B0704782B001900091019B009AC3F846
:10EC20000C2500BF02B0704784B00190019B5B09C6
:10EC3000029300230393029B002B03D0029B012B22
:10EC400004D007E04FF0FF33039303E04FF6FF7368
:10EC5000039300BF019B03F01F030193039A019BE1
:10EC600022FA03F303F00103002B14BF0123002356
:10EC7000DBB2184604B0704708B5FBF78BFB0346C0
:10EC8000014A136000BF08BD5444002000B585B0A0
:10EC9000019001238DF80830084B186802A9002361
:10ECA000002208F075F80390039B012B02D0044862
:10ECB000FCF72AFD00BF05B05DF804FB9844002076
:10ECC0006816030000B585B0019000F0D3F83C4B06
:10ECD0001B6802A94FF0FF32184608F0ABF9039009
:10ECE000039B012B03D03748FCF70EFDEFE79DF89F
:10ECF0000830013B042B61D801A252F823F000BF79
:10ED0000A5ED0100ABED0100B1ED0100B7ED010093
:10ED100015ED01002C4B1B7883F00103DBB2002BB7
:10ED200018D09DF80930002B14D028494FF000026C
:10ED30004FF00003C1E9002324494FF000024FF0D7
:10ED40000003C1E9022321494FF000024FF0000304
:10ED5000C1E904239DF809201B4B1A701A4B1B783C
:10ED6000002B1BD01A4B93F82C30002B16D0194BCC
:10ED70001B78002B09D01848FCF7C6FC1920FFF7B8
:10ED80002BFF144B00221A7008E01448FCF7BCFC5F
:10ED90001920FFF70DFF0F4B01221A701048FCF7E6
:10EDA000B3FC0CE000F07EF809E000F093F906E017
:10EDB00000F0A0F903E000F0ADF900E000BF86E745
:10EDC00098440020C01603009144002068440020AD
:10EDD0002C00002090440020E4160300FC160300E1
:10EDE0001417030010B584B033230393114B186834
:10EDF000642300930023039A042108F0E5FC0346F2
:10EE0000012B02D00C48FCF77FFC0A4B1C6807F072
:10EE100035F902460023009300230121204608F023
:10EE2000D3FC0346012B02D00448FCF76DFC00BF65
:10EE300004B010BD944400202817030050170300AD
:10EE400000B583B0094B18686423009300230022A7
:10EE5000032108F0B9FC0346012B02D00448FCF75B
:10EE600053FC00BF03B05DF804FB00BF94440020D6
:10EE70007017030000B583B0074B009300230122F5
:10EE80000221064808F056FC0346054A136000BFFD
:10EE900003B05DF804FB00BF8DEC01009017030088
:10EEA0009444002000B5A7B0364B1B78002B57D0F8
:10EEB00000F076F8B0EE407AF0EE607A324B83EDF7
:10EEC000007B324BD3E902233049C1E904232F4BA5
:10EED000D3E900232D49C1E902232B4BD3E90023B9
:10EEE0002A49C1E90023294BD3E90001274BD3E983
:10EEF000022309F061FC02460B4610461946234BDB
:10EF0000D3E9042309F058FC02460B461046194683
:10EF10004FF000021E4B09F011FE02460B461D4940
:10EF2000C1E9002304238DF868301A4BD3E900238C
:10EF3000CDE92023184B18681AA90023002207F0F6
:10EF400027FF2590259B012B18D001AB259A13494B
:10EF500018460AF0FAFF01AB1846FCF7D5FB0DE0A6
:10EF60000C494FF000024FF00003C1E900230649AD
:10EF70004FF000024FF00003C1E9002300BF27B0AB
:10EF80005DF804FB91440020884400206844002080
:10EF9000000008408044002010290020A41703002E
:10EFA0002DE9F04385B007F069F80346444A136041
:10EFB000434B1A68434B1B68D31A00221E46174660
:10EFC00032463B464FF000004FF00001590141EA44
:10EFD000D261500102460B46941B63EB07054FF0CC
:10EFE00000024FF00003AB0043EA9473A200144602
:10EFF0001D4614EB060845EB07094FF000024FF0E1
:10F0000000034FEAC90343EA58734FEAC802904627
:10F010009946404649464FF000024FF00003820AED
:10F0200042EA81528B0A13460393274B1B68002147
:10F030001846F1F7B5FE03465B080293029809F003
:10F040005FFF04460D46039809F05AFF02460B463F
:10F050002046294609F072FD02460B461046194625
:10F0600015A3D3E9002309F0CDFC02460B46104658
:10F0700019464FF00002154B09F060FD02460B46A1
:10F08000CDE90023104B1B681846F1F767FE06F028
:10F09000F5FF03460B4A13600D4B00221A70DDE9A1
:10F0A000002343EC172BB0EE470AF0EE670A05B0D9
:10F0B000BDE8F083AFF3008000000000004CED409D
:10F0C0005C440020584400205444002000001840B4
:10F0D0006044002008B5064B1B68184608F004FE83
:10F0E0000346012B01D1FFF7ABFE00BF08BD00BFF7
:10F0F0009444002008B5064B1B68184608F0F4FD40
:10F100000346002B01D1FFF76DFE00BF08BD00BF15
:10F110009444002008B50B4B1B68184608F0E4FD2A
:10F120000346012B01D1FFF78BFE064B1B681846E7
:10F1300008F0DAFD0346002B01D1FFF753FE00BFB4
:10F1400008BD00BF9444002000B587B003468DF889
:10F150000F3004AB9DF80F200421009123210120E2
:10F16000F7F712FC0590059B002B02D00A4801F02E
:10F17000CDFA9DF810301A069DF811301B041A4381
:10F180009DF812301B0213439DF8132013431846B9
:10F1900007B05DF804FB00BF1418030000B583B08E
:10F1A0000320FFF7D1FF01900199074801F0AEFA63
:10F1B000019B064A93420CBF01230023DBB2184691
:10F1C00003B05DF804FB00BF201803005050410459
:10F1D00000B58DB003468DF80F300B468DF80E301C
:10F1E0001346ADF80C3009238DF8243005238DF833
:10F1F00025309DF80F308DF8263002238DF827300A
:10F2000000238DF828309DF80E308DF82930BDF898
:10F210000C30DBB28DF82A30BDF80C30DBB28DF843
:10F220002B3009AB08220092092223210120F7F795
:10F23000B1FC0B900B9B002B08D0224801F066FA22
:10F240002148FCF761FA4FF0FF3336E007AB0622A6
:10F250000092092223210120F7F796FB0B90082347
:10F260008DF8143004238DF8153049238DF81630AD
:10F2700032238DF8173043238DF8183077238DF81B
:10F28000193005AB06220092082223210120F7F74E
:10F2900081FC0B900B9B002B05D00C48FCF734FA3B
:10F2A0004FF0FF3309E007AB04220092082223212C
:10F2B0000120F7F769FB0B90002318460DB05DF8AD
:10F2C00004FB00BF2C1803003C1803006418030063
:10F2D00000B58DB003468DF80F300B468DF80E301B
:10F2E0001346ADF80C3009238DF8243006238DF831
:10F2F00025309DF80F308DF8263003238DF8273008
:10F3000000238DF828309DF80E308DF82930BDF897
:10F310000C301B0A9BB2DBB28DF82A30BDF80C30E2
:10F32000DBB28DF82B3009AB082200920922232191
:10F330000120F7F72FFC0B900B9B002B08D02248E5
:10F3400001F0E4F92148FCF7DFF94FF0FF3336E034
:10F3500007AB06220092092223210120F7F714FBB4
:10F360000B9008238DF8143004238DF815304923B1
:10F370008DF8163032238DF8173043238DF818306E
:10F3800077238DF8193005AB06220092082223213D
:10F390000120F7F7FFFB0B900B9B002B05D00C48CF
:10F3A000FCF7B2F94FF0FF3309E007AB04220092FB
:10F3B000082223210120F7F7E7FA0B9000231846D3
:10F3C0000DB05DF804FB00BF2C1803003C180300CF
:10F3D0006418030008B5A2220F216B20FFF7F8FE86
:10F3E00005220E216B20FFF7F3FE042212216B2071
:10F3F000FFF7EEFE032208216B20FFF7E9FE4FF432
:10F40000FA7203216B20FFF763FF00BF184608BDA7
:10F4100000B585B001908DED000A02AB1946019848
:10F420000AF060FF8DED030A029B019A9A4201D116
:10F43000009B00E0039B07EE903AB0EE670A05B030
:10F440005DF804FB00B585B0019000238DF80F3006
:10F4500016E0104B1A689DF80F301B0113440293FD
:10F46000029B1B68019918460BF0D4FA0346002B47
:10F4700001D1029B0AE09DF80F3001338DF80F3067
:10F4800016229DF80F309342E3D30023184605B0AF
:10F490005DF804FB6C03002010B584B00390039B5F
:10F4A0001B79032B48D801A252F823F0BDF40100C8
:10F4B000E3F40100F9F401000FF50100244B1B787F
:10F4C0001C46039B9B681B68184609F055FD0246C5
:10F4D0000B46CDE900231F4A21461F480AF021FDB3
:10F4E00032E01B4B1B781946039B9B681B681B4A29
:10F4F00019480AF016FD27E0154B1B781946039BA7
:10F500009B681B88154A14480AF00BFD1CE0039BFE
:10F510009B681B78002B07D00D4B1B78104A1946AF
:10F520000D480AF0FEFC0FE0094B1B780D4A194606
:10F5300009480AF0F6FC07E0054B1B780A4A194611
:10F5400005480AF0EEFC00BF034B184604B010BD9E
:10F5500008020020DC1B03009C440020E01B030089
:10F560006819030088190300E41B030010B584B078
:10F570000190009100238DF80E3000238DF80F309C
:10F58000019B1B79032B00F29B8001A252F823F010
:10F59000A1F50100F7F501003BF6010081F601003D
:10F5A000019BDB689FED4E0A1846FFF731FFF0EE36
:10F5B000407A019B9C68B0EE670A0098FFF728FF2D
:10F5C000F0EE407AC4ED007A9DF80E30002B0ED09C
:10F5D000019B9B681B68184609F0CEFC02460B464F
:10F5E000404941480AF0B1FC3F48FCF78DF801233F
:10F5F0008DF80F306FE0019BDB6800211846FFF7A4
:10F6000095FA0246019B9C6811460098FFF78EFA16
:10F61000034623609DF80E30002B0AD0019B9B68A7
:10F620001B681A46314930480AF08FFC2E48FCF717
:10F630006BF801238DF80F304DE0019BDB68002152
:10F640001846FFF773FA034619460098FFF76EFA5B
:10F650000246019B9B6892B21A809DF80E30002BE7
:10F660000AD0019B9B681B881A4621491E480AF054
:10F670006CFC1D48FCF748F801238DF80F302AE098
:10F680001C4900980BF0C6F90246019B9B68002AB2
:10F690000CBF01220022D2B21A709DF80E30002B4E
:10F6A0000AD0019B9B681B781A4613490E480AF042
:10F6B0004CFC0D48FCF728F801238DF80F300AE0C8
:10F6C000019B1A68009B0D4907480AF03EFC06485A
:10F6D000FCF71AF800BF9DF80F30184604B010BDB3
:10F6E00000000000E81B03009C440020041C0300F1
:10F6F000201C030068190300401C03005C1C03006D
:10F7000030B589B0059001238DF81F3005980BF0B6
:10F71000A8F90346132B40F021819248FBF7F4FF30
:10F7200006AB1846F7F716FE9DF81D301C469DF8EF
:10F730001B301D469DF81E309DF81A209DF81910AB
:10F740009DF8180003900291019200932B462246E7
:10F75000854986480AF0F9FB8448FCF74BF8059B7D
:10F7600002331B78303BDBB21A46920013445B0035
:10F77000DAB2059B03331B781344DBB2303BDBB2B8
:10F780008DF81E30059B05331B78303BDBB21A46E3
:10F79000920013445B00DAB2059B06331B781344D6
:10F7A000DBB2303BDBB28DF81D30059B08331B7894
:10F7B000303BDBB21A46920013445B00DAB2059B81
:10F7C00009331B781344DBB2303BDBB28DF81B30BE
:10F7D000059B0B331B78303BDBB21A469200134477
:10F7E0005B00DAB2059B0C331B781344DBB2303B71
:10F7F000DBB28DF81A30059B0E331B78303BDBB241
:10F800001A46920013445B00DAB2059B0F331B7853
:10F810001344DBB2303BDBB28DF81930059B11335A
:10F820001B78303BDBB21A46920013445B00DAB21D
:10F83000059B12331B781344DBB2303BDBB28DF8EF
:10F8400018309DF81E301D2B05D900238DF81F3070
:10F850004748FBF759FF9DF81D300D2B03D89DF845
:10F860001D30002B05D100238DF81F304148FBF7D8
:10F870004BFF9DF81B301F2B03D89DF81B30002B2E
:10F8800005D100238DF81F303B48FBF73DFF9DF865
:10F890001A30172B05D900238DF81F303748FBF796
:10F8A00033FF9DF819303B2B05D900238DF81F300D
:10F8B0003348FBF729FF9DF818303B2B05D900236F
:10F8C0008DF81F302F48FBF71FFF9DF81F30002BCE
:10F8D00044D0F7F75CFE052006F082FA06AB184626
:10F8E000F7F704FE9DF81D301C469DF81B301D46A1
:10F8F0009DF81E309DF81A209DF819109DF81800EB
:10F9000003900291019200932B4622461E4917480C
:10F910000AF01BFB1548FBF76DFF06AB1846F7F71F
:10F9200019FD9DF81D301C469DF81B301D469DF8A5
:10F930001E309DF81A209DF819109DF818000390AC
:10F940000291019200932B462246104907480AF083
:10F95000FCFA0648FBF74EFF012300E0002318469F
:10F9600009B030BDD81C0300081D0300EC44002082
:10F970003C1D03006C1D03009C1D0300CC1D0300F7
:10F98000FC1D0300301E0300641E0300981E0300CC
:10F9900000B583B00190F7F7AFFE0123184603B01E
:10F9A0005DF804FB00B583B00190F7F7F0FD01238B
:10F9B000184603B05DF804FB00B5ADF5377DB6AB76
:10F9C000A3F535731860504B1B78022B40F09080E4
:10F9D0004E48FBF799FEA8AB4D49184604F08FFC42
:10F9E00003468DF8D3329DF8D332002B04D049481A
:10F9F000FBF78AFE002381E056AAA8AB1146184601
:10FA000004F0FAFC03468DF8D3329DF8D332002B74
:10FA100004D04148FBF778FE00236FE0B6ABA3F5B6
:10FA2000C0739B7D002B5CD0B6ABA3F5C0731B7A73
:10FA300003F01003002B46D056AB163303A8374A09
:10FA400032210AF06EFA03AA9CAB1146184604F064
:10FA500056FC03468DF8D3329DF8D332002B04D0E8
:10FA60002F48FBF751FE002348E00023B59310AA6E
:10FA70009CAB1146184604F0BFFC03468DF8D33208
:10FA80009DF8D332002B04D02648FBF73DFE00231F
:10FA900034E0B59B0133B593B6ABA3F526739B7DDC
:10FAA000002BE4D19CAB184604F08DFC56AB03F15F
:10FAB000160203A8B59B1C490AF047FA03AB184687
:10FAC000FBF722FE0DE0B6ABA3F5C0731A6856AB88
:10FAD000163303A815490AF038FA03AB1846FBF7AA
:10FAE00013FEB6ABA3F5C0739B7D002B84D104E05D
:10FAF0000F48FBF709FE002300E0012318460DF52F
:10FB0000377D5DF804FB00BF78000020CC1E0300A9
:10FB1000F01E0300F41E0300101F0300281F030043
:10FB20002C1F03004C1F0300681F0300881F0300E5
:10FB3000941F030000B583B001900748FBF7E4FD74
:10FB40004FF4806006F04CF9F3F762FC012318468D
:10FB500003B05DF804FB00BFC81F0300F0B58FB011
:10FB60000B904B4B1B78022B04D14A490B980AF09F
:10FB7000ECF90CE0464B1B78042B04D146490B985A
:10FB80000AF0E3F903E045490B980AF0DEF90CAB03
:10FB90001846F7F7DFFBC8239C46414B1B781A46F3
:10FBA0009DF8363019469DF8353018469DF83330AB
:10FBB0001C469DF832301D469DF831301E469DF89A
:10FBC00030301F460B9B08930797069605950494C3
:10FBD000039002910192334B0093334B334A6146B9
:10FBE00033480AF09EF93248F3F758FC314930485F
:10FBF0000AF0D2F9C8231946002300932C4B2E4A51
:10FC00002B480AF08EF92A48FBF7F4FDC8231F465B
:10FC10002A4B1B685B68184609F0AEF904460D468E
:10FC2000264B1B681E68254B1B689B68184609F00D
:10FC3000A3F902460B46CDE904230296CDE900451F
:10FC40001F4A39461A480AF06CF9C8231E461D4B54
:10FC50001B681B68184609F08FF904460D46194BBE
:10FC60001B689B68184609F087F902460B46CDE9E8
:10FC70000223CDE900450E4B134A31460C480AF0E9
:10FC800050F90B48FBF7B6FD012318460FB0F0BD45
:10FC900078000020E01F0300F01F0300FC1F03009A
:10FCA0002C290020B01C03000420030008200300BE
:10FCB000EC4400205C20030060200300880000204A
:10FCC00070200300A80000208C20030030B58DB008
:10FCD0000390322006F084F8C8239C4A19469C48B9
:10FCE0000AF01FF99A480AF0BCFE034619469848E4
:10FCF000F5F7A0FD00238DF82F3022E0954B1A6810
:10FD00009DF82F301B0113440593C8231D46059B06
:10FD10001C680598FFF7C0FB0346009323468E4AF4
:10FD200029468B480AF0FDF889480AF09AFE0346F6
:10FD300019468748F5F77EFD9DF82F3001338DF881
:10FD40002F30864B1B789DF82F209A42D6D3C8239C
:10FD50001946834B1B68834A7D480AF0E2F87C48C9
:10FD60000AF07FFE034619467948F5F763FD7E4A9F
:10FD70007E4977480AF0E9F800238DF82E3010E02C
:10FD80009DF82E3001337A4A01920093794B704AE4
:10FD900079496F480AF0D9F89DF82E3001338DF873
:10FDA0002E309DF82E206E4B1B689A42E8DB73497B
:10FDB00067480AF0F1F866480AF053FE0346194610
:10FDC0006348F5F737FD6E4A6E4961480AF0BDF8A1
:10FDD00000230A9306E06A495D480AF0DDF80A9BB1
:10FDE00001330A935E4B1A6813465B0013449B0071
:10FDF00022330A9A9A42EEDD604955480AF0CCF85F
:10FE000053480AF02EFE034619465148F5F712FDF5
:10FE100000238DF827308DE05B4B19689DF8272073
:10FE200013465B0013449B000B440893089B1B681C
:10FE30001A464E4946480AF088F8089B9B68534A80
:10FE40009B1A079300238DF826305CE0504B1A680C
:10FE50009DF82630342101FB03F313440693089BDD
:10FE60001B79002B10D1079B069A13441B68184678
:10FE700009F082F802460B46CDE90023344A454991
:10FE800033480AF062F839E0089B1B79012B09D14D
:10FE9000079B069A13441B682D4A3F492C480AF0D9
:10FEA00054F82BE0089B1B79022B09D1079B069A7B
:10FEB00013441B88264A384925480AF046F81DE0B5
:10FEC000089B1B79032B13D1079B069A13441B78BD
:10FED000002B06D0314B1E4A31491D480AF035F837
:10FEE0000CE0304B1A4A2E4919480AF02EF805E06A
:10FEF0002D4B174A2A4916480AF027F89DF8263054
:10FF000001338DF826309DF82620154B1B689A4248
:10FF10009CDB1A490E480AF03FF80D480AF0A1FD93
:10FF2000034619460A48F5F785FC9DF8273001334A
:10FF30008DF827301D4B1B789DF827209A42FFF43F
:10FF40006BAF012318460DB030BD00BFA8200300E1
:10FF5000EC4400206C030020C4200300AC1C030010
:10FF600050440020CC200300F420030004210300AF
:10FF7000202103000C21030014210300242103008D
:10FF8000282103002C21030030040020CC0B00208A
:10FF9000C80B0020302103003C2103004421030052
:10FFA0004C210300542103005C210300AD1C03001D
:10FFB00000B599B0039000238DF85F304A4B1B7851
:10FFC000022B04D04948FBF79FFB002388E0C8239D
:10FFD0001946039B464A474809F0A3FF4548FBF7EB
:10FFE00093FB454903980AF045FA1690169B002B9F
:10FFF0006CD0C8231946169B404A3E4809F091FF31
:020000022000DC
:100000003C48FBF781FB06223D4916980AF019F897
:100010000346002B39D1384900200AF02BFA1690FC
:10002000169B002B52D00CAB2022169918460AF0D2
:1000300026F8314900200AF01DFA1690169B002B75
:1000400044D004AB2022169918460AF018F80CABDD
:100050001846FFF7F7F91490149B002B36D0C823ED
:1000600019460CAA04AB00931346264A214809F00E
:1000700058FF2048FBF748FB04AB19461498FFF7DC
:1000800075FA03468DF85F3020E00B221E49169862
:1000900009F0D7FF0346002B18D10020FEF734FAF1
:1000A00003468DF85730C82319469DF85730174A34
:1000B000104809F036FF0F48FBF726FB9DF8573034
:1000C000002B0CBF012300238DF85F309DF85F30BB
:1000D000002B01D0012303E00D48FBF715FB0023A3
:1000E000184619B05DF804FB780000206021030079
:1000F000A0210300EC440020BC210300C021030028
:10010000E0210300E8210300282203003422030039
:100110007C22030000B585B00190114B1B78022BA7
:1001200015D11048FBF7F0FA02238DF808300E4B7A
:10013000186802A90023002206F02AFE0390039B00
:10014000012B02D00948FBF7DFFA012303E008483E
:10015000FBF7DAFA0023184605B05DF804FB00BF90
:1001600078000020A8220300B00B0020EC2203003E
:100170002023030000B585B00190114B1B78022BA2
:1001800015D11048FBF7C0FA01238DF808300E4B4B
:10019000186802A90023002206F0FAFD0390039BD1
:1001A000012B02D00948FBF7AFFA012303E008480E
:1001B000FBF7AAFA0023184605B05DF804FB00BF60
:1001C0007800002054230300B00B0020EC22030031
:1001D0009023030000B585B00190114B1B78042BD0
:1001E00015D11048FBF790FA00238DF808300E4B1C
:1001F000186802A90023002206F0CAFD0390039BA1
:10020000012B02D00948FBF77FFA012303E00848DD
:10021000FBF77AFA0023184605B05DF804FB00BF2F
:1002200078000020CC230300B00B0020EC22030058
:10023000FC23030000B583B00190164B1B78022B02
:100240001FD11548FBF760FA332005F0C9FD134AAA
:10025000137843F020031370104B1A784FF080434B
:10026000C3F82025F3F70EF9332005F0B9FD0C484B
:10027000FBF74AFA662005F0B3FDF3F7C9F801234E
:1002800003E00848FBF740FA0023184603B05DF886
:1002900004FB00BF7800002034240300040C00207D
:1002A00078240300FC23030010B586B001900023DE
:1002B0008DF813300D21019809F0B4FE0590059BCF
:1002C000002B02D0059B00221A700A21019809F028
:1002D000A9FE0590059B002B02D0059B00221A70F9
:1002E0002C21019809F09EFE0590059B002B6AD0F9
:1002F000059B01331B78002B02D0059B013305932E
:1003000000238DF8133000238DF812304BE09DF858
:100310001230DB002F4A13440393039B1C68039B9A
:100320001B6818460AF09DFB03461A4621460198B1
:1003300009F087FE0346002B30D1C8231946039BE2
:100340001B68254A254809F0ECFD2448FBF7DCF939
:10035000039B5B680598984703468DF80B309DF822
:100360000B30002B0BD0C8231946039B1B681C4A7B
:100370001A4809F0D6FD1948FBF7C6F90AE0C82368
:100380001946039B1B68174A144809F0CAFD134815
:10039000FBF7BAF901238DF8133009E09DF812300C
:1003A00001338DF812300C229DF812309342AED3F7
:1003B0009DF8133083F00103DBB2002B06D00A480E
:1003C000FBF7A2F902E00948FBF79EF900BF06B06F
:1003D00010BD00BF1826030014250300EC440020C4
:1003E0003C250300642503007C250300B42503009D
:1003F00000B593B001900A4B1B6802A94FF0FF3281
:10040000184606F017FE0346012B03D00548FBF7FC
:100410007BF9F0E702AB1846FFF746FFEBE700BFBA
:10042000C40B0020EC25030000B583B01F4B0193E3
:10043000019B02221A61019B02225A61019B1C4A04
:100440009A61019B1B4ADA61019B4FF400721A62A8
:10045000019B00229A62019B00225A62019B0022AA
:10046000DA62019B124A9A64019B134ADA64019B87
:1004700010221A65019B00229A65019B00225A6591
:10048000019B0022DA65019B07330C4918460AF0EC
:100490009FFA019B0A4918460AF09AFA019B20220A
:1004A0009A7100BF03B05DF804FB00BFB4450020A3
:1004B000782603002C4600202C48002084260300C8
:1004C0008826030000B589B00390029101920023B1
:1004D0000693039BDB680593039B1B690493049AB3
:1004E000059B9A4205D9049A059BD31A013B0793B1
:1004F00007E0039B9A680499059BCB1A1344013BC0
:100500000793039B9A68059BD31A079A934228BFC7
:1005100013460793079A019B934228BF13460793FC
:10052000039B5A68059B1344079A029918460AF0E0
:10053000F3F9069A079B13440693029A079B134408
:100540000293019A079BD31A0193059A079B1344C0
:100550000593039B9B68059A9A4201D1002305935A
:10056000039B059ADA60019B002BB5D1069B1846C8
:1005700009B05DF804FB00B589B0039002910192C7
:10058000039BDB680793039B9A68079BD31A069328
:10059000069A019B9A420ED9039B5A68079B134403
:1005A000019A029918460AF0B7F9079A019B1A4472
:1005B000039BDA601AE0069B0593039B5A68079B2E
:1005C0001344059A029918460AF0A6F9019A069B67
:1005D000D31A0593039B5868029A069B1344059A05
:1005E00019460AF099F9039B059ADA6000BF09B031
:1005F0005DF804FB86B00190019B1B690493019B8D
:10060000DB680393049A039B9A4208D8019B9A687B
:10061000039BD21A049B1344013B059304E0049A04
:10062000039BD31A013B0593059B184606B0704700
:1006300000B589B0039002910192029B0693039B3F
:100640005A1C13465B001344DB00204A13440593F5
:10065000059B5B69022B29D0022B2ED8002B02D0E0
:10066000012B13D029E00598FFF7C4FF0490049AEA
:10067000019B9A4202D20023079321E0019B07933A
:10068000019A06990598FFF776FF19E00598FFF79C
:10069000B1FF0490019A049B934228BF134607932D
:1006A000079A06990598FFF766FF09E0019A0699EF
:1006B0000598FFF707FF079002E00023079300BFAC
:1006C000079B184609B05DF804FB00BFB445002045
:1006D00000B587B00390029101920B4B1B78002B61
:1006E00001D1FFF7A1FE0020E6F752F8019A029926
:1006F0000398FFF79DFF05900020E6F75DF8059B46
:10070000184607B05DF804FBB44500200FB400B5EF
:10071000A3B025AB009301A8009B249A80210AF086
:10072000EDF82190219B802B06DD01AB802219463C
:100730000020FFF7CDFF08E0219B002B05DD219A6B
:1007400001AB19460020FFF7C3FF219B184623B0D9
:100750005DF804EB04B0704700B585B003900291DA
:100760000192039B1B681B68002B03D10749F020F3
:10077000E6F7E4F8039B1B681B68019A029903984B
:1007800098470346184605B05DF804FB9026030021
:1007900000B583B00190019B1B685B68002B03D1FF
:1007A0000649FD20E6F7CAF8019B1B685B680198C3
:1007B00098470346184603B05DF804FB90260300F3
:1007C00010B582B001900091019B1B689B68002BC3
:1007D00004D113494FF48970E6F7B0F8019B1B6808
:1007E0005B69002B04D10E4940F21310E6F7A6F81E
:1007F000009B1C68019B1B685B6901989847034636
:100800001B689C4201D3072306E0019B1B689B6881
:100810000099019898470346184602B010BD00BFE2
:100820009026030010B582B001900091019B1B68D7
:10083000DB68002B04D113494FF49770E6F77EF87C
:10084000019B1B685B69002B04D10E4940F22F10FD
:10085000E6F774F8009B1C68019B1B685B690198B4
:10086000984703461B689C4201D3072306E0019B7F
:100870001B68DB680099019898470346184602B048
:1008800010BD00BF9026030000B585B003900B4655
:1008900001928DF80B30039B1B681B69002B04D160
:1008A00008494FF4A370E6F749F8039B1B681B69DE
:1008B0009DF80B10019A039898470346184605B017
:1008C0005DF804FB9026030000B583B00190019B06
:1008D0001B685B69002B04D107494FF4AA70E6F747
:1008E0002DF8019B1B685B690198984703461846E1
:1008F00003B05DF804FB00BF9026030000B585B08F
:1009000001900091009B9B688DF80F30154B1B7870
:100910009DF80F209A4203D313493F20E6F70EF8C3
:10092000009B1B78032B17D8104B19689DF80F20DC
:1009300013465B0013449B000B44009A52781A72D2
:100940000A4B19689DF80F2013465B0013449B0067
:100950000B4400229A7200E000BF00BF05B05DF8B2
:1009600004FB00BF40480020C82603003C4800208C
:1009700020BF00BF7047000000B585B003468DF86A
:1009800007305D4B1B68002B03D15C495920E5F70C
:10099000D5FF5B4B1B789DF807209A4201D30323B8
:1009A000A6E0554B19689DF8072013465B001344D9
:1009B0009B000B441B68002B01D1032398E04E4B96
:1009C00019689DF8072013465B0013449B000B44F5
:1009D0005B7ADBB203F00103002B0BD1464B1968A5
:1009E0009DF8072013465B0013449B000B445B7A81
:1009F000DBB27DE0404B19689DF8072013465B0091
:100A000013449B000B445B68002B0AD13A4B1968D6
:100A10009DF8072013465B0013449B000B44394AA2
:100A20005A60354B19689DF8072013465B00134444
:100A30009B000B4401229A722F4B19689DF80720E6
:100A400013465B0013449B000B441B689DF8072072
:100A50002D491846FFF780FE0390039B002B3CD1E5
:100A60000AE0254B19689DF8072013465B001344E4
:100A70009B000B445B6898471F4B19689DF8072043
:100A800013465B0013449B000B449B7ADBB2002BA4
:100A9000E7D1194B19689DF8072013465B001344F2
:100AA0009B000B441B7A002B17D1134B19689DF840
:100AB000072013465B0013449B000B445B7AD9B2BA
:100AC0000D4B18689DF8072013465B0013449B00EC
:100AD000034421F00102D2B25A72074B19689DF803
:100AE000072013465B0013449B000B445B7ADBB288
:100AF000184605B05DF804FB3C480020C8260300FA
:100B00004048002071090200FD08020000B585B0D0
:100B100003468DF80730544B1B68002B03D1534913
:100B20008620E5F70BFF524B1B789DF807209A4271
:100B300001D3032393E04C4B19689DF8072013461B
:100B40005B0013449B000B441B68002B01D1032363
:100B500085E0454B19689DF8072013465B00134458
:100B60009B000B445B7ADBB203F00103002B0BD03C
:100B70003D4B19689DF8072013465B0013449B000A
:100B80000B445B7ADBB26AE0374B19689DF80720AB
:100B900013465B0013449B000B441B68002200219A
:100BA0001846FFF771FE304B19689DF80720134671
:100BB0005B0013449B000B441B681846FFF7E8FDDD
:100BC0000390039B112BEED0039B002B18D10AE05E
:100BD000254B19689DF8072013465B0013449B00C2
:100BE0000B445B689847204B19689DF80720134613
:100BF0005B0013449B000B449B7ADBB2002BE7D1D4
:100C0000194B19689DF8072013465B0013449B009D
:100C10000B441B7A002B17D1134B19689DF8072042
:100C200013465B0013449B000B445B7AD9B20E4B16
:100C300018689DF8072013465B0013449B0003448B
:100C400041F00102D2B25A72074B19689DF8072091
:100C500013465B0013449B000B445B7ADBB21846DF
:100C600005B05DF804FB00BF3C480020C826030027
:100C70004048002000B583B003468DF807300F4B85
:100C80001B68002B03D10E49B320E5F757FE0D4B2F
:100C90001B789DF807209A4201D301230AE0074BF5
:100CA00019689DF8072013465B0013449B000B4412
:100CB0005B7ADBB2184603B05DF804FB3C480020C9
:100CC000C82603004048002000B589B00291019277
:100CD000009303468DF80F303F4B1B68002B03D168
:100CE0003E49BE20E5F72AFE3D4B1B789DF80F20BC
:100CF0009A4202D2009B002B01D1042368E0364BBC
:100D000019689DF80F2013465B0013449B000B44A9
:100D10001B68002B0ED0304B19689DF80F2013462E
:100D20005B0013449B000B445B7ADBB203F00103CE
:100D3000002B01D003234BE0019B0493009B059300
:100D4000029B0693244B19689DF80F2013465B0005
:100D500013449B000B4401229A721F4B19689DF8A3
:100D60000F2013465B0013449B000B441B6804AA2E
:100D700011461846FFF724FD0790079B002B26D14C
:100D80000AE0154B19689DF80F2013465B001344C9
:100D90009B000B445B6898470F4B19689DF80F2028
:100DA00013465B0013449B000B449B7ADBB2002B81
:100DB000E7D1094B19689DF80F2013465B001344D7
:100DC0009B000B441B7A002B01D1002300E0012380
:100DD000184609B05DF804FB3C480020C826030013
:100DE0004048002000B589B002910192009303466B
:100DF0008DF80F30484B1B68002B03D14749E52085
:100E0000E5F79CFD464B1B789DF80F209A4202D2D5
:100E1000009B002B01D1042379E03F4B19689DF81A
:100E20000F2013465B0013449B000B441B68002BF0
:100E30000ED0394B19689DF80F2013465B00134400
:100E40009B000B445B7ADBB203F00103002B01D063
:100E500003235CE0304B19689DF80F2013465B00BC
:100E600013449B000B445B7ADBB203F00403002BBA
:100E700001D002234BE0019B0493009B0593029B4E
:100E80000693254B19689DF80F2013465B00134409
:100E90009B000B4401229A721F4B19689DF80F208A
:100EA00013465B0013449B000B441B6804AA1146C5
:100EB0001846FFF7B7FC0790079B002B26D10AE0E6
:100EC000154B19689DF80F2013465B0013449B00D7
:100ED0000B445B689847104B19689DF80F20134628
:100EE0005B0013449B000B449B7ADBB2002BE7D1E1
:100EF000094B19689DF80F2013465B0013449B00B3
:100F00000B441B7A002B01D1002300E0012318467B
:100F100009B05DF804FB00BF3C480020C826030070
:100F20004048002000B587B0034600928DF8073096
:100F30000B468DF80630454B1B68002B04D1444905
:100F40004FF48870E5F7FAFC424B1B789DF80720B8
:100F50009A4201D3042375E09DF80630022B4BD052
:100F6000022B6DDC002B02D0012B22D068E0012384
:100F70008DF80B30354B19689DF8072013465B0040
:100F800013449B000B441B680DF10B020021184613
:100F9000FFF77AFC0390039B002B02D0039B112BDD
:100FA00004D19DF80B30002BE4D100E000BF0023FA
:100FB00048E0264B19689DF8072013465B00134450
:100FC0009B000B441B68002B01D103233AE0009BDC
:100FD00004931E4B19689DF8072013465B001344C9
:100FE0009B000B441B681846FFF76EFC03461A680B
:100FF000049B1A60002325E0144B19689DF8072014
:1010000013465B0013449B000B441B68002B01D16B
:10101000032317E0009B05930C4B19689DF80720EC
:1010200013465B0013449B000B441B681846FFF7F4
:101030004BFC03465B689AB2059B1A80002301E0D3
:1010400000BF0123184607B05DF804FB3C480020B0
:10105000C82603004048002000B583B001900091ED
:10106000019B002B04D108494FF4A470E5F766FCFE
:10107000064A019B1360009BDAB2054B1A7000BF51
:1010800003B05DF804FB00BFC82603003C48002005
:101090004048002084B00190019B01331B78ADF8DB
:1010A0000E30BDF80E301B021AB2019B1B781BB22A
:1010B00013431BB2ADF80E30BDF80E30184604B025
:1010C000704784B00190019B03331B780393039B0B
:1010D0001B02019A0232127813430393039B1B02F3
:1010E000019A0132127813430393039B1B02019A66
:1010F000127813430393039B184604B0704782B0E1
:1011000001900B46ADF80230019B5A1C0192BDF8CC
:101110000220D2B21A70BDF802301B0AADF80230BC
:10112000019B5A1C0192BDF80220D2B21A7000BF76
:1011300002B0704782B001900091019B5A1C01924D
:10114000009AD2B21A70009B1B0A0093019B5A1C92
:101150000192009AD2B21A70009B1B0A0093019B65
:101160005A1C0192009AD2B21A70009B1B0A00937B
:10117000019B5A1C0192009AD2B21A7000BF02B0B1
:10118000704786B0039002910192039B0593029BE6
:101190000493019B002B0DD0049A531C0493059BD0
:1011A000591C059112781A70019B013B0193019B18
:1011B000002BF1D100BF06B0704786B003900291BA
:1011C0000192039B0593059B5A1C0592029AD2B289
:1011D0001A70019B013B0193019B002BF3D100BFCF
:1011E00000BF06B0704788B0039002910192039B44
:1011F0000793029B069300230593079B5A1C0792B3
:101200001B781946069B5A1C06921B78CB1A05932D
:10121000019B013B0193019B002B02D0059B002BFE
:10122000EBD0059B184608B0704782B00190009142
:1012300002E0019B01330193019B1B78002B05D039
:10124000019B1B781A46009B9342F2D1019B1B78AD
:10125000184602B0704700B587B0019000238DF8A2
:101260000F30019BDB78002B35D0019B5B6B059326
:10127000019B5878019B03F138010123059AFFF780
:10128000B1FD0346002B03D001238DF80F3022E07F
:10129000019B0022DA70019B9B6A059AD21A019B7E
:1012A0001B6A9A4217D2019B9B78049310E0019B22
:1012B0001B6A059A13440593019B5878019B03F11F
:1012C00038010123059AFFF78DFD049B013B049330
:1012D000049B012BEBD89DF80F30184607B05DF842
:1012E00004FB00B585B00190009100238DF80F300C
:1012F000019B5B6B009A9A421ED00198FFF7ABFFEF
:1013000003468DF80F309DF80F30002B14D1019B50
:101310005878019B03F138010123009AFFF7D4FCB0
:101320000346002B05D04FF0FF33009301238DF8C7
:101330000F30019B009A5A639DF80F30184605B094
:101340005DF804FB00B585B001900198FFF783FFBD
:1013500003468DF80F309DF80F30002B59D1019BBB
:101360001B78032B48D1019B1B79012B44D1019B96
:1013700038334FF4007200211846FFF71EFF019B1F
:10138000383303F5FF734AF655211846FFF7B7FEC9
:10139000019B383322491846FFF7CCFE019B3833B6
:1013A00003F5F2731F491846FFF7C4FE019B38335B
:1013B00003F5F472019B5B6919461046FFF7BAFE0C
:1013C000019B383303F5F672019B1B6919461046E1
:1013D000FFF7B0FE019B5B6A5A1C019B5A63019B9D
:1013E0005878019B03F13801019B5A6B0123FFF7E9
:1013F000F9FC019B00221A71019B5B7800220021FD
:101400001846FFF78FFD0346002B02D001238DF80D
:101410000F309DF80F30184605B05DF804FB00BF93
:10142000525261417272416182B001900091009B01
:10143000023B0093019BDB69023B009A9A4201D375
:10144000002308E0019B5B891A46009B03FB02F224
:10145000019B1B6B1344184602B0704700B587B060
:1014600001900091019B1B680493009B012B04D900
:10147000049BDB69009A9A4202D3012305938FE013
:101480004FF0FF330593049B1B78032B62D0032B93
:101490007CDC012B02D0022B42D077E0009B03932F
:1014A000039B5B08039A13440393049B9A6A039B70
:1014B0005B0A134419460498FFF713FF0346002BF9
:1014C00067D1039B5A1C0392C3F30803049A134485
:1014D00093F838300293049B9A6A039B5B0A134487
:1014E00019460498FFF7FDFE0346002B53D1039BDA
:1014F000C3F30803049A134493F838301B021A46C6
:10150000029B13430293009B03F00103002B02D0C4
:10151000029B1B0902E0029BC3F30B0305933FE010
:10152000049B9A6A009B1B0A134419460498FFF710
:10153000D8FE0346002B30D1049B03F13802009BF8
:101540005B0003F4FF7313441846FFF7A3FD034643
:10155000059325E0049B9A6A009BDB091344194616
:101560000498FFF7BEFE0346002B18D1049B03F13D
:101570003802009B9B0003F4FE7313441846FFF7E8
:10158000A0FD034623F07043059309E00123059372
:1015900006E000BF04E000BF02E000BF00E000BFC3
:1015A000059B184607B05DF804FB10B588B00390A2
:1015B0000291019202238DF81F30029B012B40F211
:1015C000DA80039BDB69029A9A4280F0D480039B05
:1015D0001B78032B00F09C80032B00F3D580012B9C
:1015E00002D0022B72D0CFE0029B0693069B5B08D1
:1015F000069A13440693039B9A6A069B5B0A13445C
:1016000019460398FFF76DFE03468DF81F309DF8CD
:101610001F30002B40F0B180039B03F13802069B82
:10162000591C0691C3F3080313440593029B03F06E
:101630000103002B0DD0059B1B785BB203F00F0359
:101640005AB2019BDBB21B015BB213435BB2DBB24C
:1016500001E0019BDBB2059A1370039B0122DA7053
:10166000039B9A6A069B5B0A134419460398FFF78B
:1016700038FE03468DF81F309DF81F30002B7ED1B9
:10168000039B03F13802069BC3F30803134405933D
:10169000029B03F00103002B03D0019B1B09DBB26B
:1016A0000EE0059B1B785BB223F00F035AB2019B3F
:1016B0001B0A5BB203F00F035BB213435BB2DBB2F6
:1016C000059A1370039B0122DA705DE0039B9A6A0E
:1016D000029B1B0A134419460398FFF702FE0346B8
:1016E0008DF81F309DF81F30002B4AD1039B03F16A
:1016F0003802029B5B0003F4FF731344019A92B219
:1017000011461846FFF7FBFC039B0122DA703BE011
:10171000039B9A6A029BDB09134419460398FFF75F
:10172000E0FD03468DF81F309DF81F30002B2AD1B5
:10173000019B23F07044039B03F13802029B9B0042
:1017400003F4FE7313441846FFF7BBFC034603F093
:10175000704323430193039B03F13802029B9B00D8
:1017600003F4FE73134401991846FFF7E3FC039B4F
:101770000122DA7008E000BF06E000BF04E000BF0D
:1017800002E000BF00E000BF9DF81F30184608B01F
:1017900010BD00B589B003900291019200238DF82D
:1017A0001F30039B1B680693029B012B04D9069BE9
:1017B000DB69029A9A4201D3022351E0019B002B7C
:1017C0000FD04FF0FF3201990698FFF7EEFE034667
:1017D0008DF81F309DF81F30002B02D09DF81F3070
:1017E0003EE002990398FFF739FE0590059B002B18
:1017F00034D0059B012B01D1022331E0059BB3F1CD
:10180000FF3F01D101232BE0002202990698FFF748
:10181000CCFE03468DF81F309DF81F30002B02D000
:101820009DF81F301CE0069B5A69069BDB69023B52
:101830009A420BD2069B5B695A1C069B5A61069B17
:101840001B7943F00103DAB2069B1A71059B0293E0
:10185000069BDB69029A9A42C3D300E000BF0023D3
:10186000184609B05DF804FB00B589B001900091FD
:10187000019B1B680493009B002B0DD1049B1B69EB
:101880000693069B002B04D0049BDB69069A9A42C0
:101890001BD30123069318E000990198FFF7DEFDA2
:1018A0000390039B012B01D8012375E0039BB3F147
:1018B000FF3F01D1039B6FE0049BDB69039A9A42CF
:1018C00001D2039B68E0009B0693069B0793079B4E
:1018D00001330793049BDB69079A9A4207D30223DB
:1018E0000793079A069B9A4201D9002354E007996F
:1018F0000198FFF7B3FD0390039B002B0ED0039BD1
:10190000012B03D0039BB3F1FF3F01D1039B43E0C5
:10191000079A069B9A42DAD100233DE000BF4FF0C0
:10192000FF3207990498FFF740FE03468DF8173001
:101930009DF81730002B0AD1009B002B07D0079A87
:1019400000990498FFF731FE03468DF817309DF893
:101950001730002B16D1049B079A1A61049B5A6911
:10196000049BDB69023B9A4204D2049B5B695A1ECA
:10197000049B5A61049B1B7943F00103DAB2049B78
:101980001A7108E09DF81730012B02D14FF0FF3398
:1019900000E001230793079B184609B05DF804FB9C
:1019A00000B587B001900091019B1B680493009BD8
:1019B000B3F5001F04D2009B03F01F03002B01D0DE
:1019C000022363E0019B009A1A61019B9B680593C7
:1019D000059B002B06D1049B1B78022B02D9049B8C
:1019E000DB6A0593059B002B0CD1009B5B09049AD5
:1019F0001289934201D3022348E0049BDA6A019BD7
:101A00009A6129E0049B5B895B02039319E0019BC7
:101A100005991846FFF722FD0590059BB3F1FF3F9E
:101A200001D1012332E0059B012B04D9049BDB6922
:101A3000059A9A4201D3022328E0009A039BD31A05
:101A40000093009A039B9A42E1D205990498FFF70C
:101A5000EBFC0246019B9A61019B059A5A61019B2E
:101A60009B69002B01D1022310E0019B9A69009B26
:101A70005B0A1A44019B9A61049B03F13802009BA4
:101A8000C3F308031A44019BDA610023184607B028
:101A90005DF804FB00B587B001900091019B1B68C5
:101AA0000393019B1B6920330293019B9B69002BCD
:101AB00003D0029BB3F5001F01D30423AAE0029BCD
:101AC000C3F30803002B40F09880019B9B695A1CCC
:101AD000019B9A61019B5B69002B0BD1029B5B0907
:101AE000039A12899342C0F08880019B00229A6178
:101AF00004238FE0029B5B0A039A5289013A134048
:101B0000002B7AD1019A019B5B6919461046FFF7B9
:101B1000A5FC0590059B012B01D802237AE0059BCB
:101B2000B3F1FF3F01D1012374E0039BDB69059A08
:101B30009A4258D3009B002B04D1019B00229A614A
:101B4000042367E0019A019B5B6919461046FFF781
:101B50008BFE0590059B002B01D107235AE0059BC6
:101B6000012B01D1022355E0059BB3F1FF3F01D1C9
:101B700001234FE00398FFF76EFB0346002B01D0D3
:101B8000012347E0039B38334FF4007200211846CD
:101B9000FFF713FB0023049305990398FFF744FC18
:101BA0000246039B5A6312E0039B0122DA700398FA
:101BB000FFF751FB0346002B01D001232AE0049BD1
:101BC00001330493039B5B6B5A1C039B5A63039B77
:101BD0005B891A46049B9342E6D3039B5A6B049B92
:101BE000D21A039B5A63019B059A5A61059903987F
:101BF000FFF71AFC0246019B9A61019B029A1A6147
:101C0000039B03F13802029BC3F308031A44019BB0
:101C1000DA610023184607B05DF804FB00B587B011
:101C200001900091019B1B68039300210198FFF72D
:101C3000B7FE03468DF817309DF81730002B2FD1D3
:101C400000230493019B9B6919460398FFF749FB06
:101C500003468DF817309DF81730002B1FD1019BDC
:101C6000DB691B78E52B04D0019BDB691B78002B1B
:101C700007D1049B01330493049A009B9A4202D13A
:101C80000EE00023049301210198FFF703FF0346B0
:101C90008DF817309DF81730002BD3D000E000BF2F
:101CA0009DF81730042B02D107238DF817309DF8CB
:101CB0001730184607B05DF804FB00B585B00190F9
:101CC0000091009B1A331846FFF7E4F9034603938B
:101CD000019B1B78032B09D1009B14331846FFF797
:101CE000D9F903461B04039A13430393039B184635
:101CF00005B05DF804FB00B585B003900291019238
:101D0000029B1A33019A92B211461846FFF7F7F96F
:101D1000039B1B78032B09D1029B03F11402019B47
:101D20001B0C9BB219461046FFF7E9F900BF05B03E
:101D30005DF804FB10B586B001900091009B1A334A
:101D40001846FFF7A7F90346002B01D0002361E0F6
:101D5000009B1B7803F03F035A1E13465B0013449D
:101D60009B00134405930123ADF80E300023049328
:101D700039E02A4A049B13441B781A46009B1344FB
:101D80001846FFF787F90346ADF80C30BDF80E3062
:101D9000002B1DD0059BFE2B13D8BDF80C30184628
:101DA00003F0DCFA03461C46059B5A1C05925B00B7
:101DB000019A13441B88184603F0D0FA03469C424C
:101DC00001D0002326E0BDF80C30ADF80E3007E05E
:101DD000BDF80C304FF6FF72934201D0002319E09A
:101DE000049B01330493049B0C2BC2D9009B1B78EA
:101DF00003F04003002B0CD0BDF80E30002B08D0B0
:101E0000059B5B00019A13441B88002B01D0002323
:101E100000E00123184606B010BD00BF2C270300C8
:101E200000B587B001900091009B1A331846FFF768
:101E300031F90346002B01D0002354E0009B1B78AE
:101E400003F03F035A1E13465B0013449B001344E8
:101E500005930123ADF80E30002304932EE0244AAD
:101E6000049B13441B781A46009B13441846FFF743
:101E700011F90346ADF80C30BDF80E30002B12D02E
:101E8000059BFE2B01D900232DE0BDF80C30ADF8E9
:101E90000E30059B5A1C05925B00019A1344BDF855
:101EA0000E201A8007E0BDF80C304FF6FF72934207
:101EB00001D0002317E0049B01330493049B0C2BF7
:101EC000CDD9009B1B7803F04003002B0AD0059B63
:101ED000FE2B01D9002306E0059B5B00019A134409
:101EE00000221A800123184607B05DF804FB00BFEA
:101EF0002C27030000B589B00390029111461A46C1
:101F00000B468DF8073013468DF80630029B0D33D3
:101F10009DF806201A70029B0B330F221A70029B49
:101F20000C3300221A70029B1A3300211846FFF767
:101F3000E6F89DF807305A1E13465B0013449B00D9
:101F4000134407930023ADF8163000230693BDF821
:101F500016304FF6FF72934208D0079B5A1C079227
:101F60005B00039A13441B88ADF816301A4A069B8F
:101F700013441B781A46029B1344BDF816201146E1
:101F80001846FFF7BCF8BDF81630002B03D14FF60A
:101F9000FF73ADF81630069B01330693069B0C2B9E
:101FA000D5D9BDF816304FF6FF72934206D0079B85
:101FB0005B00039A13441B88002B05D19DF8073062
:101FC00043F040038DF80730029B9DF807201A70FC
:101FD00000BF09B05DF804FB2C27030000B58DB0ED
:101FE00003900291019200930B2202990398FFF74C
:101FF000C8F8009B052B2FD9009B079326E0019B77
:102000009A1C01921B88ADF8223000230A931AE033
:10201000079B5A00BDF8223003F0010313440793D5
:10202000BDF822305B08ADF82230079B03F4803303
:10203000002B05D0079B83F4883383F0210307939B
:102040000A9B01330A930A9B0F2BE1D9019B1B8842
:10205000002BD4D1079B009307230A93009BDBB28C
:1020600003F00F03DBB230338DF82F309DF82F30A3
:10207000392B04D99DF82F3007338DF82F300A9B68
:102080005A1E0A920CAA13449DF82F2003F81C2C08
:10209000009B1B090093009B002BDFD105AA0A9B24
:1020A00013447E221A700023099322E0039A099BAD
:1020B00013441B78802B05D9039A099B13441B7882
:1020C0009F2B0BD9039A099B13441B78DF2B0DD947
:1020D000039A099B13441B78FC2B07D80A9B013BEE
:1020E000099A9A4210D0099B01330993099B013345
:1020F0000993099A0A9B9A4207D2039A099B1344AF
:102100001B78202BD2D100E000BF0A9B072B07D8F9
:102110000A9B5A1C0A920CAA134413F81C1C00E0D8
:102120002021099B5A1C0992039A13440A461A70EB
:10213000099B072BE9D900BF00BF0DB05DF804FB78
:1021400084B0019000238DF80F300B2302939DF88B
:102150000F30DAB25208DB011343DAB2019B591C8B
:1021600001911B7813448DF80F30029B013B0293C1
:10217000029B002BEBD19DF80F30184604B070473E
:1021800000B587B00190009104238DF81730019BB2
:102190001B680493FF238DF81530FF238DF814304E
:1021A0009DE0019B9B6919460498FFF79AF8034646
:1021B0008DF817309DF81730002B40F09680019B6A
:1021C000DB691B788DF816309DF81630002B03D193
:1021D00004238DF817308DE0019BDB690B331B78EE
:1021E00003F03F038DF80F30019B9DF80F209A718B
:1021F0009DF81630E52B10D09DF816302E2B0CD004
:102200009DF80F3023F02003082B0CBF012300237F
:10221000DBB21A46009B934203D0FF238DF81530A2
:1022200052E09DF80F300F2B3AD19DF8163003F095
:102230004003002B12D0019BDB695B7B8DF81430CF
:102240009DF8163023F040038DF816309DF81630B7
:102250008DF81530019B1A69019BDA629DF81620F2
:102260009DF815309A4217D1019BDB690D331B781D
:102270009DF814209A420FD1049BDA68019BDB6918
:1022800019461046FFF7CCFD0346002B04D09DF8FD
:102290001530013BDBB200E0FF238DF8153013E071
:1022A0009DF81530002B0AD1019BDB691846FFF71A
:1022B00047FF03461A469DF81430934217D0019BFE
:1022C0004FF0FF32DA6212E000210198FFF7E2FBE3
:1022D00003468DF817309DF81730002B09D1019B6C
:1022E0009B69002B7FF45DAF04E000BF02E000BFFC
:1022F00000E000BF9DF81730002B02D0019B0022A8
:102300009A619DF81730184607B05DF804FB00B5D8
:1023100087B00190019B1B68049300210198FFF78F
:102320003FFB03468DF817309DF81730002B02D085
:102330009DF81730C9E0FF238DF814309DF8143054
:102340008DF81530019B4FF0FF32DA62019B9B69DB
:1023500019460498FEF7C5FF03468DF817309DF81F
:102360001730002B40F0AA80019BDB691B788DF8A9
:1023700016309DF81630002B03D104238DF817304A
:10238000A1E0019BDB690B331B7803F03F038DF861
:102390000F30019B9DF80F209A719DF81630E52BA8
:1023A00009D09DF80F3003F00803002B0BD09DF8E7
:1023B0000F300F2B07D0FF238DF81530019B4FF006
:1023C000FF32DA626DE09DF80F300F2B41D1019B97
:1023D00093F82B3003F04003002B62D19DF81630A8
:1023E00003F04003002B12D0019BDB695B7B8DF86F
:1023F00014309DF8163023F040038DF816309DF808
:1024000016308DF81530019B1A69019BDA629DF830
:1024100016209DF815309A4217D1019BDB690D33C8
:102420001B789DF814209A420FD1049BDA68019B17
:10243000DB6919461046FFF77DFC0346002B04D0EC
:102440009DF81530013BDBB200E0FF238DF815301D
:1024500027E09DF81530002B0AD1019BDB69184657
:10246000FFF76EFE03461A469DF81430934227D0BC
:10247000019B93F82B3003F00103002B0AD1019B41
:10248000D869019B20330B221946FEF7ACFE0346A8
:10249000002B17D0FF238DF81530019B4FF0FF3232
:1024A000DA6200210198FFF7F5FA03468DF817303C
:1024B0009DF81730002B3FF449AF04E000BF02E065
:1024C00000BF00E000BF9DF81730184607B05DF868
:1024D00004FB000000B58DB00190019B1B680793C1
:1024E000019B93F82B3003F0A003002B01D00623AF
:1024F000E3E00023099302E0099B01330993079B62
:10250000DA68099B5B0013441B88002BF4D1019B04
:1025100003F1200103AB0C221846FEF732FE9DF8B2
:10252000173003F00103002B32D0019B402283F8C7
:102530002B2001230A9315E0019B03F12000079B48
:10254000DA6803A90A9BFFF749FD0198FFF7DFFE50
:1025500003468DF82F309DF82F30002B06D10A9BB3
:1025600001330A930A9B632BE6D900E000BF0A9B64
:10257000642B01D10723A0E09DF82F30042B02D05B
:102580009DF82F3099E09DF81720019B83F82B20B0
:102590009DF8173003F00203002B07D0099B0C3382
:1025A000484AA2FB03239B08013300E00123089360
:1025B00008990198FFF732FB03468DF82F309DF8FC
:1025C0002F30002B4AD1089B013B0893089B002B1E
:1025D00044D0019B1A69089B5B01D31A19460198E4
:1025E000FFF7DEF903468DF82F309DF82F30002BD2
:1025F00034D1019B20331846FFF7A2FD03468DF826
:102600001B30019B9B6919460798FEF76AFE03463B
:102610008DF82F309DF82F30002B1ED1079BD868E6
:10262000019BD969089BDAB29DF81B30FFF762FC69
:10263000079B0122DA7000210198FFF72BFA03466D
:102640008DF82F309DF82F30002B07D1089B013BD0
:102650000893089B002BD4D100E000BF9DF82F30D9
:10266000002B28D1019B9B6919460798FEF739FE7C
:1026700003468DF82F309DF82F30002B1BD1019B86
:10268000DB69202200211846FEF797FD019BD869DF
:10269000019B20330B221946FEF773FD019B93F833
:1026A0002B20019BDB690C3302F01802D2B21A70A6
:1026B000079B0122DA709DF82F3018460DB05DF8A7
:1026C00004FB00BF4FECC44E00B587B00190019BE6
:1026D0001B680493019B1B690393019BDB6AB3F1A5
:1026E000FF3F07D0019BDB6A19460198FFF758F9B5
:1026F000034600E000238DF817309DF81730002BBB
:102700002ED1019B9B6919460498FEF7EAFD03460A
:102710008DF817309DF81730002B17D1019BDB691E
:10272000E5221A70049B0122DA70019B1B69039A4F
:102730009A420DD900210198FFF7ACF903468DF8B4
:1027400017309DF81730002BDBD002E000BF00E00F
:1027500000BF9DF81730042B02D102238DF81730EB
:102760009DF81730184607B05DF804FB00B589B036
:1027700001900091019B1B680493009B00229A75B5
:10278000019B9B69002B00F0ED80019BDB6AB3F19C
:10279000FF3F48D000230693069B07932FE0BDF828
:1027A0000E300021184602F079FD0346ADF80E30D8
:1027B000BDF80E30002B02D1002307932DE0BDF8A9
:1027C0000E30FF2B0BD9BDF80E301B0A99B2079BB8
:1027D0005A1C0792C9B2009A13440A469A75079B7D
:1027E000FE2B02D90023079317E0079B5A1C079280
:1027F000BDF80E20D1B2009A13440A469A75049B84
:10280000DA68069B591C06915B0013441B88ADF8DF
:102810000E30BDF80E30002BC1D1009A079B134437
:10282000163300221A7000230693069B0793009A22
:10283000079B134416331B78ADF80C3058E0019B0E
:10284000DA69079B591C079113441B788DF81730E0
:102850009DF81730202B00D14AE09DF81730052B4A
:1028600002D1E5238DF81730079B092B10D1BDF855
:102870000C30002B05D1009A069B134416332E22F0
:102880001A70069B5A1C0692009A13442E225A7202
:10289000009A069B134409339DF817201A70BDF85F
:1028A0000C30002B21D19DF81730402B16D99DF804
:1028B00017305A2B12D8019BDB690C331B781A4650
:1028C000079B082B01D9102300E008231340002B9D
:1028D00004D09DF8173020338DF81730009A069BEE
:1028E000134416339DF817201A70069B0133069384
:1028F000079B0A2BA3D9BDF80C30002B0DD1009AF1
:10290000069B1344163300221A70019BDB690C33BB
:102910001B78002B01D100230693009A069B1344D9
:10292000093300221A70019BDB69DA7A009B1A7264
:10293000019BDB691C331846FEF7C3FB0246009B74
:102940001A60019BDB6916331846FEF7BAFB02904A
:10295000029B9AB2009BDA80029B1B0C9AB2009BEE
:102960009A8000E000BF09B05DF804FB00B58BB0B1
:1029700001900091009B1B680493019B1B68DB681E
:10298000039300230593059B0693069B5A1C06920E
:10299000049A13441B78ADF82430BDF824301F2B63
:1029A00040F28380BDF824302F2B07D0BDF82430AF
:1029B0005C2B10D102E0069B01330693049A069B20
:1029C00013441B782F2BF6D0049A069B13441B78D4
:1029D0005C2BF0D06AE0059BFE2B01D9062338E280
:1029E000BDF82430DBB2ADF82430BDF82430DBB2C2
:1029F000802B04D9BDF82430DBB29F2B09D9BDF858
:102A00002430DBB2DF2B28D9BDF82430DBB2FC2B1D
:102A100023D8069B5A1C0692049A13441B788DF8FF
:102A20002730BDF824301B029AB29DF827309BB2A4
:102A30001344ADF824309DF827303F2B03D99DF87F
:102A400027307E2B09D99DF92730002B03DA9DF81A
:102A50002730FC2B01D90623FBE1BDF824300121EE
:102A6000184602F01BFC0346ADF82430BDF82430B4
:102A7000002B01D10623ECE1BDF824307F2B0AD8CE
:102A8000BDF824301946AA48FEF7CFFB0346002BB9
:102A900001D00623DDE1059B5A1C05925B00039AD9
:102AA0001344BDF824201A806FE700BF049A069BE8
:102AB0001A44009B1A60BDF824301F2B01D8042350
:102AC00000E000238DF82630059B012B09D1059BE2
:102AD00003F10043013B5B00039A13441B882E2B38
:102AE00016D0059B022B51D1059B03F10043013BFE
:102AF0005B00039A13441B882E2B47D1059B03F1DF
:102B00000043023B5B00039A13441B882E2B3DD1EC
:102B1000059B5B00039A134400221A80002308934C
:102B20000FE0089A059B9A4201D22E2100E0202155
:102B3000019A089B134420330A461A70089B0133FC
:102B40000893089B0A2BECD99DF8263043F020030C
:102B5000D9B2019A089B134420330A461A70002305
:102B600077E1059B03F10043013B5B00039A1344AB
:102B70001B88ADF82430BDF82430202B03D0BDF8DD
:102B800024302E2B06D1059B013B0593059B002B82
:102B9000E7D100E000BF059B5B00039A13440022CD
:102BA0001A80059B002B01D1062352E1019B2033A3
:102BB0000B2220211846FEF700FB0023069302E0BB
:102BC000069B01330693069B5B00039A13441B8804
:102BD000202BF5D0069B5B00039A13441B882E2BF9
:102BE000EED0069B002B09D09DF8263043F003035E
:102BF0008DF8263002E0059B013B0593059B002BD9
:102C000009D0059B03F10043013B5B00039A134489
:102C10001B882E2BEFD100238DF82730002308933B
:102C200008230793069B5A1C06925B00039A1344E1
:102C30001B88ADF82430BDF82430002B00F0BF8095
:102C4000BDF82430202B07D0BDF824302E2B0AD11C
:102C5000069A059B9A4206D09DF8263043F003035E
:102C60008DF82630AAE0089A079B9A4203D2069A6A
:102C7000059B9A4224D1079B0B2B06D19DF8263049
:102C800043F003038DF826309CE0069A059B9A4298
:102C900005D09DF8263043F003038DF82630069AC0
:102CA000059B9A4200F28D80059B069308230893AA
:102CB0000B2307939DF827309B008DF827307DE08C
:102CC000BDF824307F2B12D9BDF82430184602F00D
:102CD00045FB03460021184602F0E0FA0346ADF832
:102CE00024309DF8263043F002038DF82630BDF8DD
:102CF0002430FF2B1ED9079B013B089A9A4208D328
:102D00009DF8263043F003038DF82630079B089387
:102D100054E0BDF824301B0A99B2089B5A1C089253
:102D2000C9B2019A13440A4683F820203BE000BF51
:102D30003C270300BDF82430002B08D0BDF8243018
:102D400019464648FEF771FA0346002B09D05F2367
:102D5000ADF824309DF8263043F003038DF826307B
:102D600021E0BDF82430402B0AD9BDF824305A2B7D
:102D700006D89DF8273043F002038DF8273012E083
:102D8000BDF82430602B0ED9BDF824307A2B0AD838
:102D90009DF8273043F001038DF82730BDF824302B
:102DA000203BADF82430089B5A1C0892BDF8242023
:102DB000D1B2019A13440A4683F8202032E700BFBB
:102DC00000E000BF019B93F82030E52B03D1019B6D
:102DD000052283F82020079B082B04D19DF827307B
:102DE0009B008DF827309DF8273003F00C030C2B47
:102DF00005D09DF8273003F00303032B05D19DF880
:102E0000263043F002038DF826309DF8263003F07B
:102E10000203002B17D19DF8273003F00303012B89
:102E200005D19DF8263043F010038DF826309DF82B
:102E3000273003F00C03042B05D19DF8263043F016
:102E400008038DF82630019B9DF8262083F82B205F
:102E5000002318460BB05DF804FB00BF48270300B1
:102E600000B587B001900091019B0493049B1B68FF
:102E70000393009B1B782F2B0BD0009B1B785C2BA4
:102E800007D0039B9A69049B9A600DE0009B013375
:102E90000093009B1B782F2BF8D0009B1B785C2B9A
:102EA000F4D0049B00229A60009B1B781F2B0BD848
:102EB000019B802283F82B2000210198FEF770FDF2
:102EC00003468DF8173063E06B4619460198FFF70B
:102ED0004DFD03468DF817309DF81730002B52D169
:102EE0000198FFF714FA03468DF81730019B93F809
:102EF0002B308DF80B309DF81730002B21D09DF82A
:102F00001730042B41D19DF80B3003F02003002B28
:102F10000DD09DF80B3003F00403002B31D0019B42
:102F2000802283F82B2000238DF817302DE09DF8A8
:102F30000B3003F00403002B27D105238DF8173045
:102F400023E09DF80B3003F00403002B1FD1049BFA
:102F50009B7903F01003002B03D105238DF8173064
:102F600016E0039B03F13802019B1B69C3F30803BE
:102F7000134419460398FEF7A0FE0246049B9A608C
:102F8000A2E700BFA0E700BF02E000BF00E000BF73
:102F90009DF81730184607B05DF804FB86B0019025
:102FA0004FF0FF330493019B1B68002B31D0019B32
:102FB0001B68059302E0059B01330593059B1B7875
:102FC0001F2B03D9059B1B783A2BF4D1059B1B784B
:102FD0003A2B1CD1019B1B680393039B5A1C039241
:102FE0001B78303B0293029B092B0ED8039A059B5A
:102FF0009A420AD1029B002B07D1029B0493059BA6
:1030000001330593019B059A1A60049B02E000239B
:103010000493049B184606B07047000000B583B0C7
:1030200001900091019B0022DA70019B4FF0FF326A
:103030005A6300990198FEF754F90346002B01D01A
:10304000042338E0019B383303F5FF731846FEF77D
:1030500021F803461A464AF655239A4201D0032323
:1030600029E0019B93F83830E92B09D0019B93F8B4
:103070003830EB2B1ED1019B93F83A30902B19D1AD
:10308000019B383336331846FEF71BF8034623F00E
:103090007F430B4A934201D100230CE0019B38335C
:1030A00052331846FEF70DF80346064A934201D103
:1030B000002300E00223184603B05DF804FB00BFC4
:1030C000464154004641543300B597B003900291F5
:1030D00013468DF80730029B00221A600398FFF711
:1030E0005DFF0F900F9B002B01DA0B2337E2A44A00
:1030F0000F9B52F823300E930E9B002B01D10C2313
:103100002DE2029B0E9A1A609DF8073023F001030E
:103110008DF807300E9B1B78002B1BD00E9B5B7825
:103120001846FDF7A7FD03468DF837309DF8373078
:1031300003F00103002B0DD19DF80730002B07D0C1
:103140009DF8373003F00403002B01D00A2306E278
:10315000002304E20E9B00221A700F9BDAB20E9B32
:103160005A700E9B5B781846FDF706FC03468DF8F7
:1031700037309DF8373003F00103002B01D00323D3
:10318000EDE19DF80730002B07D09DF8373003F0B4
:103190000403002B01D00A23E1E1002314931499C6
:1031A0000E98FFF73BFF03468DF857309DF85730D8
:1031B000022B49D1002310931EE00E9B03F138022D
:1031C000109B1B0103F5DF7313440C930C9B04331A
:1031D0001B78002B06D00C9B08331846FDF771FFB7
:1031E000024600E00022109B9B0016A90B4443F806
:1031F000442C109B01331093109B032BDDD900232B
:103200001093109B002B02D0109B013B1093109B3E
:103210009B0016AA134453F8443C1493149B002BB0
:1032200005D014990E98FFF7F9FE034600E003233A
:103230008DF857309DF85730012B05D9109B01337D
:103240001093109B032BE2D99DF85730042B01D12A
:10325000012384E19DF85730012B01D90D237EE134
:103260000E9B38330B331846FDF714FF0346B3F5B6
:10327000007F01D00D2372E10E9B383316331846C0
:10328000FDF708FF03461393139B002B06D10E9BFB
:10329000383324331846FDF714FF13900E9B139A0E
:1032A0001A620E9B93F848200E9B9A700E9B9B7897
:1032B000012B05D00E9B9B78022B01D00D234EE1F4
:1032C0000E9B9B781A46139B02FB03F313930E9BF2
:1032D00093F845309AB20E9B5A810E9B5B89002B66
:1032E00008D00E9B5B891A460E9B5B89013B1340FD
:1032F000002B01D00D2332E10E9B383311331846D9
:10330000FDF7C8FE03461A460E9B1A810E9B1B89C9
:1033100003F00F039BB2002B01D00D231FE10E9B86
:10332000383313331846FDF7B5FE03461293129B4C
:10333000002B06D10E9B383320331846FDF7C1FE13
:1033400012900E9B38330E331846FDF7A3FE03464A
:10335000ADF82E30BDF82E30002B01D10D23FEE04C
:10336000BDF82E20139B13440E9A1289120992B2B3
:1033700013440A93129A0A9B9A4203D20D23EEE059
:1033800044480020129A0A9BD31A0E9A5289B3FB22
:10339000F2F30993099B002B01D10D23DFE00323F6
:1033A0008DF85730099B4FF6F572934202D80223ED
:1033B0008DF85730099B40F6F572934202D80123ED
:1033C0008DF85730099B9A1C0E9BDA610E9B149A5C
:1033D0005A62BDF82E20149B1A440E9B9A62149ACE
:1033E0000A9B1A440E9B1A639DF85730032B1ED17B
:1033F0000E9B38332A331846FDF74CFE0346002B4C
:1034000001D00D23ABE00E9B1B89002B01D00D23B7
:10341000A5E00E9B38332C331846FDF752FE0246CA
:103420000E9BDA620E9BDB699B0011931FE00E9BE3
:103430001B89002B01D10D2391E00E9B9A6A139BEF
:103440001A440E9BDA629DF85730022B03D10E9B73
:10345000DB695B000AE00E9BDA6913465B001344EC
:103460005A080E9BDB6903F00103134411930E9B72
:103470001A6A119B03F2FF135B0A9A4201D20D23D1
:103480006DE00E9B4FF0FF325A610E9B5A690E9B06
:103490001A610E9B80221A719DF85730032B49D177
:1034A0000E9B383330331846FDF7F4FD0346012BED
:1034B00040D1149B013319460E98FDF712FF0346C5
:1034C000002B37D10E9B00221A710E9B383303F567
:1034D000FF731846FDF7DEFD03461A464AF65523EC
:1034E0009A4227D10E9B38331846FDF7EAFD034672
:1034F0001D4A93421ED10E9B383303F5F2731846D2
:10350000FDF7DFFD0346194A934213D10E9B383372
:1035100003F5F4731846FDF7D4FD02460E9B5A617D
:103520000E9B383303F5F6731846FDF7CAFD0246C5
:103530000E9B1A610E9B9DF857201A700C4B1B882E
:1035400001339AB20A4B1A80094B1A880E9BDA8013
:103550000E9B084ADA600E9B00229A6100231846EF
:1035600017B05DF804FB00BF5252614172724161B5
:10357000484800204C48002000B585B001900091DB
:10358000019B002B1AD0019B1B68002B16D0019BBE
:103590001B681B78002B11D0019B1B68DA88019BEC
:1035A0009B889A420AD1019B1B685B781846FDF7FD
:1035B00061FB034603F00103002B06D0009B0022B1
:1035C0001A6009238DF80F3006E0019B1A68009BF2
:1035D0001A6000238DF80F309DF80F30184605B0A3
:1035E0005DF804FB00B589B00390029113468DF895
:1035F0000730029B049304AB1846FFF7CFFC0790FB
:10360000079B002B01DA0B2329E0174A079B52F88E
:1036100023300693069B002B02D0069B00221A70D3
:10362000039B002B02D0039B00221A70039A0E49C1
:10363000079B41F82320039B002B03D09DF8073004
:10364000012B01D000230AE003A902AB0022184697
:10365000FFF73AFD03468DF817309DF817301846EE
:1036600009B05DF804FB00BF4448002000B599B0E4
:103670000390029113468DF80730039B002B01D174
:10368000092383E19DF8073003F03F038DF80730ED
:103690009DF8072004A902AB1846FFF715FD034665
:1036A0008DF85F309DF85F30002B40F06681049B01
:1036B0000593029A05AB11461846FFF7D1FB034666
:1036C0008DF85F309DF85F30002B07D19DF83F30BB
:1036D0005BB2002B02DA06238DF85F309DF80730CD
:1036E00003F01C03002B7BD09DF85F30002B11D022
:1036F0009DF85F30042B06D105AB1846FEF7EAFEB5
:1037000003468DF85F309DF8073043F008038DF8CD
:10371000073012E09DF81A3003F01103002B03D09C
:1037200007238DF85F3008E09DF8073003F00403AD
:10373000002B02D008238DF85F309DF85F30002BFE
:103740006BD19DF8073003F00803002B65D0F3F729
:10375000CFFD14900C9B0E3314991846FDF7EAFC2C
:103760000C9B163314991846FDF7E4FC0C9B0B33A5
:1037700020221A70049B0C9A11461846FEF79DFAF7
:103780001390049B0C9900221846FEF7B4FA0C9B88
:103790001C3300211846FDF7CDFC049B0122DA7092
:1037A000139B002B39D0049B5B6B149305AB002259
:1037B00013991846FDF7EDFF03468DF85F309DF82D
:1037C0005F30002B29D1049B14991846FDF789FD21
:1037D00003468DF85F30049B139A013A1A611CE08E
:1037E0009DF85F30002B18D19DF81A3003F01003BC
:1037F000002B03D004238DF85F300EE09DF80730D6
:1038000003F00203002B08D09DF81A3003F00103E7
:10381000002B02D007238DF85F309DF85F30002B1E
:1038200012D19DF8073003F00803002B05D09DF856
:10383000073043F040038DF80730049B5A6B039B1D
:103840001A620C9A039B5A629DF85F30002B40F07D
:103850009480049B0C9A11461846FEF72EFA0246F5
:10386000039B9A600C9B1C331846FDF72AFC02460A
:10387000039BDA60049A039B1A60049BDA88039B1B
:103880009A80039B9DF807201A74039B00225A74A8
:10389000039B0022DA61039B00225A61039B2833B9
:1038A0004FF4007200211846FDF787FC9DF80730A1
:1038B00003F02003002B60D0039BDB68002B5CD05F
:1038C000039BDA68039B5A61049B5B895B0212933A
:1038D000039B9B681693039BDB68159316E0039B81
:1038E00016991846FDF7BAFD1690169B012B02D8C3
:1038F00002238DF85F30169BB3F1FF3F02D1012305
:103900008DF85F30159A129BD31A15939DF85F308E
:10391000002B03D1159A129B9A42E0D8039B169A6A
:103920009A619DF85F30002B27D1159BC3F30803E4
:10393000002B22D0049B16991846FDF775FD1190B7
:10394000119B002B03D102238DF85F3015E0159BEE
:103950005A0A119B1A44039BDA61049B5878039B13
:1039600003F12801039BDA690123FDF7ADF9034652
:10397000002B02D001238DF85F309DF85F30002BC3
:1039800002D0039B00221A609DF85F30184619B0E0
:103990005DF804FB00B58FB0039002910192009393
:1039A000029B0993009B00221A60039B05AA114603
:1039B0001846FFF7E1FD03468DF837309DF83730A4
:1039C000002B07D1039B5B7C8DF837309DF8373097
:1039D000002B02D09DF8373009E1039B1B7C03F0DC
:1039E0000103002B01D1072301E1039BDA68039B4C
:1039F0005B69D31A0893019A089B9A4240F2F280BD
:103A0000089B0193EEE0039B5B69C3F30803002B63
:103A100040F0BA80039B5B695B0A059A5289013AC0
:103A200013400793079B002B23D1039B5B69002B5B
:103A300003D1039B9B680C9307E0039A039B9B694C
:103A400019461046FDF70AFD0C900C9B012B04D87B
:103A5000039B02225A740223C9E00C9BB3F1FF3F7F
:103A600004D1039B01225A740123C0E0039B0C9AEA
:103A70009A61059A039B9B6919461046FDF7D4FC91
:103A80000690069B002B04D1039B02225A7402234A
:103A9000ADE0069A079B13440693019B5B0A0A93C9
:103AA0000A9B002B39D0079A0A9B1344059A528926
:103AB000934205D9059B5B891A46079BD31A0A9343
:103AC000059B58780A9B069A0999FDF7FDF803466D
:103AD000002B04D0039B01225A74012387E0039B2F
:103AE0001B7C5BB2002B14DA039BDA69069BD31AAA
:103AF0000A9A9A420DD9039BDA69069BD31A5B0294
:103B0000099AD018039B28334FF400721946FDF729
:103B100038FB0A9B5B020B9350E0039BDB69069A20
:103B20009A422ED0039B1B7C5BB2002B18DA059BBC
:103B30005878039B03F12801039BDA690123FDF701
:103B400051F90346002B04D0039B01225A74012330
:103B50004DE0039B1B7C03F07F03DAB2039B1A74D6
:103B6000059B5878039B03F128010123069AFDF772
:103B7000ABF80346002B04D0039B01225A740123A7
:103B800035E0039B069ADA61039B5B69C3F3080384
:103B9000C3F500730B930B9A019B9A4201D9019BC9
:103BA0000B93039B03F12802039B5B69C3F3080398
:103BB00013440B9A19460998FDF7E3FA099A0B9BEF
:103BC00013440993039B5A690B9B1A44039B5A6144
:103BD000009B1A680B9B1A44009B1A60019A0B9B6E
:103BE000D31A0193019B002B7FF40DAF00231846DD
:103BF0000FB05DF804FB00B58DB003900291019207
:103C00000093029B0793009B00221A60039B04AA67
:103C100011461846FFF7B0FC03468DF82F309DF88B
:103C20002F30002B07D1039B5B7C8DF82F309DF844
:103C30002F30002B02D09DF82F303FE1039B1B7CDF
:103C400003F00203002B01D1072337E1039B5A69DC
:103C5000019B1A44039B5B699A4280F02181039B7C
:103C60005B69DB4301931BE1039B5B69C3F30803BF
:103C7000002B40F0D780039B5B695B0A049A528952
:103C8000013A13400693069B002B37D1039B5B69D7
:103C9000002B0CD1039B9B680A930A9B002B0ED12F
:103CA000039B00211846FDF7DFFD0A9007E0039A09
:103CB000039B9B6919461046FDF7D6FD0A900A9BA7
:103CC000002B00F0F2800A9B012B04D1039B0222FF
:103CD0005A740223F2E00A9BB3F1FF3F04D1039B25
:103CE00001225A740123E9E0039B0A9A9A61039B1B
:103CF0009B68002B02D1039B0A9A9A60039B1B7C52
:103D00005BB2002B18DA049B5878039B03F128015F
:103D1000039BDA690123FDF765F80346002B04D005
:103D2000039B01225A740123C8E0039B1B7C03F010
:103D30007F03DAB2039B1A74049A039B9B691946AA
:103D40001046FDF771FB0590059B002B04D1039BEA
:103D500002225A740223B1E0059A069B134405938C
:103D6000019B5B0A0893089B002B3CD0069A089B9A
:103D70001344049A5289934205D9049B5B891A46DD
:103D8000069BD31A0893049B5878089B059A0799B9
:103D9000FDF728F80346002B04D0039B01225A7438
:103DA00001238BE0039BDA69059BD31A089A9A4298
:103DB00015D9039B03F12800039BDA69059BD31AED
:103DC0005B02079A13444FF400721946FDF7D9F9C4
:103DD000039B1B7C03F07F03DAB2039B1A74089BDE
:103DE0005B0209933FE0039BDB69059A9A4216D078
:103DF000039B5A69039BDB689A4210D2049B587854
:103E0000039B03F128010123059AFCF75DFF03469C
:103E1000002B04D0039B01225A7401234EE0039B24
:103E2000059ADA61039B5B69C3F30803C3F500736A
:103E30000993099A019B9A4201D9019B0993039B1B
:103E400003F12802039B5B69C3F308031344099A37
:103E500007991846FDF795F9039B1B7C63F07F03D8
:103E6000DAB2039B1A74079A099B13440793039BC6
:103E70005A69099B1A44039B5A61039BDA68039BA6
:103E80005B699A4238BF1A46039BDA60009B1A6846
:103E9000099B1A44009B1A60019A099BD31A01934B
:103EA000019B002B7FF4E0AE00E000BF039B1B7C76
:103EB00043F04003DAB2039B1A74002318460DB096
:103EC0005DF804FB00B587B00190019B02AA114682
:103ED0001846FFF751FB03468DF817309DF8173051
:103EE000002B6BD1019B1B7C03F04003002B65D0A2
:103EF000019B1B7C5BB2002B15DA029B5878019B5F
:103F000003F12801019BDA690123FCF76BFF0346EB
:103F1000002B01D0012353E0019B1B7C03F07F03A6
:103F2000DAB2019B1A74F3F7E3F90490029A019B49
:103F30001B6A19461046FDF7D4F903468DF8173071
:103F40009DF81730002B39D1019B5B6A0393039BCB
:103F50000B331A78039B0B3342F02002D2B21A7053
:103F6000019B1868019B9B681A460399FDF7C3FEE5
:103F7000039B03F11C02019BDB6819461046FDF709
:103F8000D9F8039B163304991846FDF7D3F8039B21
:103F9000123300211846FDF7B2F8029B0122DA70B5
:103FA000029B1846FDF7CEF903468DF81730019BAA
:103FB0001B7C23F04003DAB2019B1A749DF8173082
:103FC000184607B05DF804FB00B585B00190019874
:103FD000FFF778FF03468DF80F309DF80F30002B68
:103FE0000FD1019B02AA11461846FFF7C5FA0346F6
:103FF0008DF80F309DF80F30002B02D1019B00226D
:104000001A609DF80F30184605B05DF804FB10B536
:1040100090B0019002A901AB00221846FFF754F8B6
:1040200003468DF83F309DF83F30002B31D1029B85
:104030000393019A03AB11461846FEF711FF03469E
:104040008DF83F309DF83F30002B1BD19DF8373065
:104050005BB2002B03DA029B059A9A6112E09DF88D
:10406000123003F01003002B09D0029B0A9A029C25
:1040700011461846FDF721FE0346A36102E0052321
:104080008DF83F309DF83F30042B02D105238DF889
:104090003F309DF83F30184610B010BD00B589B0D4
:1040A00001900091019B02AA11461846FFF764FA9D
:1040B00003468DF81F309DF81F30002B07D1019B60
:1040C0005B7C8DF81F309DF81F30002B02D09DF8CF
:1040D0001F3010E1019BDB68009A9A4208D9019BCE
:1040E0001B7C03F00203002B02D1019BDB680093D1
:1040F000019B5B69049300230593019B059A5A6118
:10410000009B002B00F0A780029B5B895B0203935E
:10411000049B002B1BD0009B5A1E039BB2FBF3F2A7
:10412000049B591E039BB1FBF3F39A420FD3049BEC
:104130005A1E039B5B421A40019B5A61019B5B69BB
:10414000009AD31A0093019B9B69069322E0019B7E
:104150009B680693069B002B19D1019B00211846F2
:10416000FDF782FB0690069B012B04D1019B0222E6
:104170005A740223BFE0069BB3F1FF3F04D1019BB9
:1041800001225A740123B6E0019B069A9A60019BB2
:10419000069A9A61069B002B5DD03AE0009A039B39
:1041A000D31A0093019B5A69039B1A44019B5A61DD
:1041B000019B1B7C03F00203002B0BD0019B069993
:1041C0001846FDF751FB0690069B002B08D10023F3
:1041D000009322E0019B06991846FDF73FF90690EF
:1041E000069BB3F1FF3F04D1019B01225A740123C6
:1041F00081E0069B012B04D9029BDB69069A9A4257
:1042000004D3019B02225A74022374E0019B069A94
:104210009A61009A039B9A42C0D8019B5A69009BFD
:104220001A44019B5A61009BC3F30803002B12D070
:10423000029B06991846FDF7F7F80590059B002BA1
:1042400004D1019B02225A74022354E0009B5B0AB2
:10425000059A13440593019B5A69019BDB689A42B6
:104260000AD9019B5A69019BDA60019B1B7C43F0D0
:104270004003DAB2019B1A74019B5B69C3F3080324
:10428000002B36D0019BDB69059A9A4231D0019B05
:104290001B7C5BB2002B18DA029B5878019B03F160
:1042A0002801019BDA690123FCF79CFD0346002BE2
:1042B00004D0019B01225A7401231CE0019B1B7C4A
:1042C00003F07F03DAB2019B1A74029B5878019BBA
:1042D00003F128010123059AFCF7F6FC0346002BA5
:1042E00004D0019B01225A74012304E0019B059A2A
:1042F000DA619DF81F30184609B05DF804FB00B57F
:1043000087B001900091019B002B01D1092356E059
:10431000019B049303A96B4600221846FEF7D4FEC6
:1043200003468DF817309DF81730002B3ED1039AC5
:10433000049B1A60009B19460198FEF791FD034605
:104340008DF817309DF81730002B28D1019B93F87A
:104350002B305BB2002B13DB049B9B7903F0100323
:10436000002B0AD0039A019BDB6919461046FDF722
:10437000A4FC0246049B9A6002E005238DF81730E6
:104380009DF81730002B0AD1039BDA88049B9A8092
:1043900000210198FDF704FB03468DF817309DF8C6
:1043A0001730042B02D105238DF817309DF81730F4
:1043B000002B02D0049B00221A609DF8173018468B
:1043C00007B05DF804FB00B585B00190019B02AA1F
:1043D00011461846FFF7D0F803468DF80F309DF8C8
:1043E0000F30002B02D1019B00221A609DF80F3084
:1043F000184605B05DF804FB00B585B0019000914A
:10440000019B02AA11461846FFF7B6F803468DF83D
:104410000F309DF80F30002B2ED1009B002B07D1C1
:1044200000210198FDF7BCFA03468DF80F3023E018
:1044300000210198FDF7A4FE03468DF80F309DF88A
:104440000F30042B02D100238DF80F309DF80F3070
:10445000002B11D100990198FEF788F900210198ED
:10446000FDF718FB03468DF80F309DF80F30042B35
:1044700002D100238DF80F309DF80F30184605B09B
:104480005DF804FB00B591B00190009103A901AB68
:1044900000221846FEF718FE03468DF83F309DF8BF
:1044A0003F30002B1DD1019A03AB11461846FEF791
:1044B000D7FC03468DF83F309DF83F30002B10D1DC
:1044C0009DF837305BB2002B03DA06238DF83F30BE
:1044D00007E0009B002B04D003AB00991846FEF7C1
:1044E00045F99DF83F30184611B05DF804FB00B562
:1044F00087B00190019B03AA11461846FFF73CF8CC
:1045000003468DF817309DF81730002B07D1019B1B
:104510005B7C8DF817309DF81730002B02D09DF88A
:10452000173083E0019B1B7C03F00203002B01D1B9
:1045300007237BE0019BDA68019B5B699A4273D990
:10454000019B5B69002B0DD10198019B9B680022A8
:104550001946FDF71EF903468DF81730019B00221E
:104560009A602AE0019A019B9B6919461046FCF764
:1045700075FF049000238DF81730049BB3F1FF3FC3
:1045800002D101238DF81730049B012B02D10223A5
:104590008DF817309DF81730002B0ED1039BDB6987
:1045A000049A9A4209D20198019B9B691A46049980
:1045B000FDF7EFF803468DF81730019B5A69019B10
:1045C000DA60019B1B7C43F04003DAB2019B1A7452
:1045D0009DF81730002B1CD1019B1B7C5BB2002B7C
:1045E00017DA039B5878019B03F12801019BDA69D4
:1045F0000123FCF7F7FB0346002B03D001238DF8C2
:10460000173006E0019B1B7C03F07F03DAB2019BAD
:104610001A749DF81730002B06D0019B9DF81720C7
:104620005A749DF8173001E09DF81730184607B00E
:104630005DF804FB00B59FB0019000231C9303A913
:1046400001AB02221846FEF73FFD03468DF8773096
:10465000039B10939DF87730002B40F09280019AD5
:1046600010AB11461846FEF7FBFB03468DF877307A
:104670009DF87730002B08D19DF86B3003F02003B4
:10468000002B02D006238DF877309DF87730002B71
:1046900077D19DF86B305BB2002B03DA06238DF8DF
:1046A000773008E09DF8463003F00103002B02D07C
:1046B00007238DF877309DF87730002B3BD1039B93
:1046C000179A11461846FDF7F8FA1C909DF84630E7
:1046D00003F01003002B2ED0039B9B691C9A9A4277
:1046E00003D107238DF8773025E0039B04931C9BAF
:1046F000069304AB00211846FDF752F903468DF8E6
:1047000077309DF87730002B15D104AB0021184687
:10471000FDF736FD03468DF877309DF87730002B96
:1047200002D107238DF877309DF87730042B02D122
:1047300000238DF877309DF87730002B21D110AB16
:104740001846FDF7C1FF03468DF877309DF87730A6
:10475000002B0BD11C9B002B08D010AB00221C9906
:104760001846FDF716F803468DF877309DF8773038
:10477000002B06D1039B1846FCF7E4FD03468DF899
:1047800077309DF8773018461FB05DF804FB00B510
:1047900097B0019002A901AB02221846FEF794FCE3
:1047A00003468DF85730029B03939DF85730002B3A
:1047B00040F0F580019A03AB11461846FEF750FB16
:1047C00003468DF857309DF85730002B02D108234F
:1047D0008DF857309DF85730042B08D19DF83730AD
:1047E00003F02003002B02D006238DF857309DF8EC
:1047F0005730042B40F0D38003AB00211846FDF75F
:1048000033F81190029B5B895B02069300238DF8BD
:104810005730119B002B02D107238DF85730119B85
:10482000012B02D102238DF85730119BB3F1FF3FCA
:1048300002D101238DF857309DF85730002B06D157
:10484000029B1846FCF707FD03468DF85730F2F738
:104850004FFD10909DF85730002B6AD1029B1199A3
:104860001846FCF7E1FD1390029B38330F934FF489
:10487000007200210F98FCF7A0FC0B2220210F985A
:10488000FCF79BFC0F9B2E221A700F9B0B33102200
:104890001A700F9B163310991846FCF74BFC029BBD
:1048A000119A0F991846FDF726FA0F9B2033202204
:1048B0000F991846FCF765FC0F9B21332E221A70C6
:1048C000059B1293029B1B78032B06D1029BDB6A8C
:1048D000129A9A4201D10023129302980F9B20331F
:1048E000129A1946FDF707FA029B5B8914931BE0A5
:1048F000139B5A1C1392029A5363029B0122DA7093
:10490000029B1846FCF7A7FC03468DF857309DF82C
:104910005730002B0CD14FF4007200210F98FCF798
:104920004CFC149B013B1493149B002BE0D100E042
:1049300000BF9DF85730002B06D103AB1846FDF79A
:10494000C9FD03468DF857309DF85730002B20D114
:104950000A9B0F930F9B163310991846FCF7EAFB3E
:10496000029B119A0F991846FDF7C5F90F9B0B335F
:1049700010221A70029B0122DA709DF85730002B2A
:104980000DD1029B1846FCF7DDFC03468DF857302D
:1049900005E003AB002211991846FCF7FAFE9DF8DA
:1049A0005730184617B05DF804FB000010B59CB0F6
:1049B0000390019200930B468DF80B300123119365
:1049C0004FF40073109303AB1846FEF7E7FA0F900D
:1049D0000F9B002B02DA0B2300F020BC984A0F9BA0
:1049E00052F82330002B05D0954A0F9B52F8233004
:1049F00000221A700F9B8DF83B3000238DF83A305F
:104A00009DF83B301846FBF7B7FF03468DF8393069
:104A10009DF8393003F00103002B01D00323FDE39F
:104A20009DF8393003F00403002B01D00A23F5E38D
:104A300005AA9DF83B3003211846FCF773FA03469C
:104A4000002B0CD1059B002B09D0059BB3F5004F23
:104A500005D8059B5A1E059B1340002B01D001234E
:104A600005934FF40073ADF83630019B002B04D052
:104A7000BDF83630019A9A4209D3019BB3F1807F89
:104A800005D8019B5A1E019B1340002B01D0132314
:104A9000C4E3BDF83630019AB2FBF3F30193009BF7
:104AA0000C93BDF836301E9AB2FBF3F30B93BDF8AE
:104AB00036200B9B02FB03F30A930A9B002B01D1C8
:104AC0000E23ABE304AA9DF83B3001211846FCF706
:104AD00029FA0346002B01D001239FE39DF80B30F8
:104AE00003F00803002B01D0002300E03F230993CB
:104AF000049B099A9A4201D90E238FE3049A099BD9
:104B0000D31A0493049B7F2B01D80E2386E3019BC9
:104B1000802B01D9132381E39DF80B3003F00203AE
:104B2000002B0FD09DF80B3003F00703022B05D0AC
:104B30009DF80B3003F00103002B03D103238DF804
:104B40004F300AE09DF80B3003F00103002B01D138
:104B5000132363E302238DF84F30019B14939DF8D8
:104B60004F30032B3ED1149B002B1BD1049B5B0CBD
:104B70001793002312930123149305E0129B013332
:104B80001293149B5B0014932E4A129B32F813303D
:104B9000002B07D02B4A129B32F813301A46179B72
:104BA0009342EBD2049A149BB2FBF3F30893089B55
:104BB00002339A00BDF8363013445A1EBDF8363021
:104BC000B2FBF3F31A932023159300231B93089B46
:104BD0004FF6F572934203D9089B1B4A934255D96D
:104BE0000E231BE3149B002B1BD1049B1B0B179361
:104BF000002312930123149305E0129B01331293B7
:104C0000149B5B001493114A129B32F81330002B53
:104C100007D00E4A129B32F813301A46179B934264
:104C2000EBD2049A149BB2FBF3F30893089B40F673
:104C3000F57293420CD9089B02335B00179312E084
:104C40004448002084270300F5FFFF0F942703004A
:104C500001238DF84F30089A13465B00134401334B
:104C60005B0803331793BDF83620179B13445A1E75
:104C7000BDF83630B2FBF3F31A9301231593109B62
:104C80005A01BDF83630B2FBF3F31B93099A159B1A
:104C9000134416931A9B119A03FB02F2169B1344BA
:104CA0001B9A13440793059A079B13445A1E059BAE
:104CB0005B421A40079BD31A17939DF84F30032B82
:104CC00008D1159A179B13441593169A179B1344F2
:104CD000169306E0179A119BB2FBF3F31A9A13444A
:104CE0001A93149B1A01079B1A44099BD21A049B1E
:104CF0009A4201D90E2391E2049A159BD21A1A9B6B
:104D0000119901FB03F3D21A1B9BD21A149BB2FB1D
:104D1000F3F308939DF84F30032B0FD1089B4FF608
:104D2000F57293420AD8019B002B05D1149B5B08B6
:104D30000193019B002B45D10E236FE29DF84F306C
:104D4000022B34D1089B4FF6F57293421FD9019B79
:104D5000002B07D1149B5B00402B03D8149B5B00F6
:104D6000019334E09DF80B3003F00203002B03D0D5
:104D700003238DF84F302AE0019B002B05D1149BB3
:104D80005B000193019B802B1ED90E2346E2089BFA
:104D900040F6F57293420AD8019B002B05D1149B73
:104DA0005B000193019B802B10D90E2336E29DF806
:104DB0004F30012B0CD1089B40F6F572934207D976
:104DC0000E232BE200BFC8E600BFC6E600BFC4E664
:104DD00000BFBDF836301A4600210C98FCF7EDF9FB
:104DE0000B22B4490C98FCF7CCF90C9B0B33BDF8A3
:104DF000362011461846FCF782F90C9B0D33149AA5
:104E0000D2B21A700C9B0E33159A92B21146184604
:104E1000FCF775F90C9B1033119AD2B21A700C9BE7
:104E200003F111029DF84F30032B02D0109B9BB26F
:104E300000E0002319461046FCF761F9049BB3F526
:104E4000803F08D20C9B1333049A92B21146184645
:104E5000FCF755F906E00C9B2033049A11461846DE
:104E6000FCF768F90C9B1533F8221A700C9B183369
:104E70003F211846FCF743F90C9B1A33FF211846D3
:104E8000FCF73DF90C9B1C3309991846FCF752F9C5
:104E90009DF84F30032B31D10C9B03F14304F2F703
:104EA00027FA034619462046FCF744F90C9B2433A5
:104EB0001A991846FCF73EF90C9B2C330221184630
:104EC000FCF738F90C9B303301211846FCF717F931
:104ED0000C9B323306211846FCF711F90C9B40332A
:104EE00080221A700C9B423329221A700C9B473384
:104EF000132271491846FCF744F920E00C9B03F19A
:104F00002704F2F7F5F9034619462046FCF712F993
:104F10000C9B16331A9A92B211461846FCF7EFF81A
:104F20000C9B243380221A700C9B263329221A7082
:104F30000C9B2B33132261491846FCF722F90C9B7A
:104F400003F5FF734AF655211846FCF7D8F89DF88B
:104F50003B000123099A0C99FBF744FF0346002B01
:104F600001D001235AE19DF84F30032B41D1099B19
:104F70009A1D9DF83B0001230C99FBF733FFBDF808
:104F800036301A4600210C98FCF717F94C490C985A
:104F9000FCF7D0F80C9B03F5F2734A491846FCF76E
:104FA000C9F80C9B03F5F472089B013B19461046A7
:104FB000FCF7C0F80C9B03F5F67302211846FCF7CA
:104FC000B9F80C9B03F5FF734AF655211846FCF718
:104FD00096F8099BDA1D9DF83B0001230C99FBF71D
:104FE00001FF099B5A1C9DF83B0001230C99FBF71C
:104FF000F9FE0A9A00210C98FCF7DFF8169B19932A
:10500000002312934CE09DF84F30032B13D16FF027
:1050100007010C98FCF78EF80C9B04334FF0FF311E
:105020001846FCF787F80C9B08336FF07041184660
:10503000FCF780F80BE09DF84F30012B01D1224B9B
:1050400001E06FF0070319460C98FCF773F81A9B00
:105050001893189A0B9B934228BF134617939DF8F9
:105060003B00179B199A0C99FBF7BCFE0346002BDB
:1050700001D00123D2E0BDF836301A4600210C9849
:10508000FCF79BF8199A179B13441993189A179BCE
:10509000D31A1893189B002BDBD1129B0133129368
:1050A000129A119B9A42AED39DF84F30032B0DD12B
:1050B000149B0CE0502703005C27030070270300BB
:1050C0005252614172724161F8FFFF001B9B1893BD
:1050D000189A0B9B934228BF134617939DF83B00E9
:1050E000179B199A0C99FBF77DFE0346002B01D004
:1050F000012393E0199A179B13441993189A179B4D
:10510000D31A1893189B002BE2D19DF84F30032B34
:1051100003D10C238DF84E3010E0049BB3F5803F93
:1051200003D306238DF84E3008E09DF84F30022B54
:1051300001D1042300E001238DF84E309DF80B309F
:1051400003F00803002B5CD1BDF836301A4600216D
:105150000C98FCF732F80C9B03F5FF734AF65521C7
:105160001846FBF7CCFF0C9B03F5DF730693069BF9
:1051700000221A70069B013301221A70069B02332B
:1051800001221A70069B033300221A70069B043317
:105190009DF84E201A70049A099B1A44214BA3FBD8
:1051A0000213D21A520813445B0B1793069B053364
:1051B000FE221A70179B9B08DAB2069B063342F058
:1051C0003F02D2B21A70069B0733179AD2B21A70F6
:1051D000069B083309991846FBF7ACFF069B0C3376
:1051E000049A11461846FBF7A5FF9DF83B000123E2
:1051F00000220C99FBF7F6FD0346002B01D001239A
:105200000CE09DF83B30002200211846FBF78AFE97
:105210000346002B01D0012300E0002318461CB0F8
:1052200010BD00BF5B56150500B589B00390029113
:10523000019200230793039B069319E004AB05A991
:1052400001220198FEF7A6FB049B012B16D19DF8C5
:1052500014308DF81730069B5A1C06929DF81720C3
:105260001A70079B013307939DF817300A2B07D05C
:10527000029B013B079A9A42E0DB02E000BF00E09C
:1052800000BF069B00221A70079B002B01D0039BD6
:1052900000E00023184609B05DF804FB88B003461F
:1052A0000091ADF80630BDF80630802B04D8BDF86B
:1052B0000630ADF81A3048E0009B002B05D0254B96
:1052C000079341F6DD43029304E0234B079341F635
:1052D000DD430293002303931023049323E0029AF7
:1052E000039BD31ADA0F13445B101A46039B134433
:1052F0000593059B9B00079A13441B88BDF8062065
:105300009A4214D0059B9B00079A13441B88BDF852
:1053100006209A4202D9059B039301E0059B029364
:10532000049B013B0493049B002BD8D100E000BFF9
:10533000049B002B06D0059B9B000233079A134465
:105340001B8800E00023ADF81A30BDF81A3018466B
:1053500008B070471C9B0300A427030086B00346D7
:10536000ADF80630BDF80630B3F5805F01D2514B81
:1053700000E0514B0593059B9A1C05921B88ADF8E4
:105380001230BDF81230002B00F08E80BDF80620E0
:10539000BDF812309A42C0F08780059B9A1C059296
:1053A0001B88ADF81030BDF810301B0AADF80E3078
:1053B000BDF81030DBB2ADF81030BDF80620BDF8F6
:1053C0001210BDF810300B449A4260DABDF80E306E
:1053D000082B68D801A252F823F000BF0154020044
:1053E0001954020037540200435402004F54020083
:1053F0005B54020067540200735402007F540200A1
:10540000BDF80620BDF81230D31A5B00059A13448C
:105410001B88ADF8063039E0BDF80620BDF8123023
:10542000D31A9BB203F001039BB2BDF80620D31A36
:10543000ADF806302AE0BDF80630103BADF8063076
:1054400024E0BDF80630203BADF806301EE0BDF884
:105450000630303BADF8063018E0BDF806301A3B98
:10546000ADF8063012E0BDF806300833ADF806306E
:105470000CE0BDF80630503BADF8063006E0BDF854
:105480000630A3F5E353ADF8063000BF0BE0BDF8DE
:105490000E30002B7FF46FAFBDF810305B00059A23
:1054A0001344059367E700BFBDF80630184606B001
:1054B000704700BF940E040088100400BFF34F8FA4
:1054C00000BF064BDB6803F4E0620449044B13435E
:1054D000CB60BFF34F8F00BF00BFFDE700ED00E0E2
:1054E0000400FA0582B0164B1B680193154B1B682C
:1054F0000093019B082B1FD1009B052B1AD801A2FA
:1055000052F823F01D5502002155020025550200D6
:10551000295502002D5502003155020001230CE0EF
:1055200001230AE0012308E0012306E0012304E04F
:10553000012302E0012300E00023184602B0704777
:10554000300100103401001082B0164B1B6801932B
:10555000154B1B680093019B082B1FD1009B052B4B
:105560001AD801A252F823F0815502008555020095
:10557000895502008D550200915502009555020093
:1055800001230CE001230AE0012308E0012306E0E7
:10559000012304E0012302E0012300E00023184678
:1055A00002B07047300100103401001082B0164B79
:1055B0001B680193154B1B680093019B082B1FD19F
:1055C000009B052B1AD801A252F823F0E5550200E2
:1055D000E9550200ED550200F1550200F5550200B3
:1055E000F955020001230CE000230AE0002308E043
:1055F000002306E0002304E0002302E0002300E093
:105600000023184602B0704730010010340100102A
:1056100082B0164B1B680193154B1B680093019BCE
:10562000082B1FD1009B052B1AD801A252F823F09A
:10563000495602004D5602005156020055560200CE
:10564000595602005D56020001230CE000230AE0D7
:10565000002308E0002306E0002304E0002302E02A
:10566000002300E00023184602B07047300100100C
:105670003401001082B0164B1B680193154B1B6858
:105680000093019B082B1FD1009B052B1AD801A268
:1056900052F823F0AD560200B1560200B556020092
:1056A000B9560200BD560200C156020001230CE0AB
:1056B00000230AE0002308E0002306E0002304E0C2
:1056C000002302E0002300E00023184602B07047E8
:1056D000300100103401001082B0164B1B6801939A
:1056E000154B1B680093019B082B1FD1009B052BBA
:1056F0001AD801A252F823F01157020015570200E0
:10570000195702001D5702002157020025570200B9
:1057100001230CE000230AE0002308E0002306E058
:10572000002304E0002302E0002300E000231846E9
:1057300002B07047300100103401001082B0164BE7
:105740001B680193154B1B680093019B082B1FD10D
:10575000009B052B1AD801A252F823F075570200BE
:10576000795702007D5702008157020085570200D9
:105770008957020001230CE001230AE0012308E01D
:10578000012306E0012304E0012302E0012300E0FD
:105790000023184602B07047300100103401001099
:1057A00082B0164B1B680193154B1B680093019B3D
:1057B000082B1FD1009B052B1AD801A252F823F009
:1057C000D9570200DD570200E1570200E5570200F9
:1057D000E9570200ED57020000230CE000230AE025
:1057E000002308E0002306E0012304E0012302E097
:1057F000012300E00023184602B07047300100107A
:105800003401001008B5FFF7CBFF0346002B07D08B
:105810004FF010234FF08042D3F80832C2F85835C9
:1058200000BF08BD00BF044BD3F80034002BFAD0F2
:1058300000BF00BF704700BF00E0014000B583B06B
:105840000190054A019BC2F80435FFF7EBFF00BF4A
:1058500003B05DF804FB00BF00E00140024B034AC7
:105860001A6000BF704700BF340400200090D003CE
:1058700008B5FFF737FE0346002B0ED04FF08043EC
:105880000022C3F80C214FF080430022C3F81021FE
:105890004FF080430022C3F83825FFF755FE03463A
:1058A000002B76D04FF08053734AD3F80434C2F8FB
:1058B00020354FF08053704AD3F80834C2F82435AD
:1058C0004FF080536C4AD3F80C34C2F828354FF0AF
:1058D0008053694AD3F81034C2F82C354FF0805306
:1058E000654AD3F81434C2F830354FF08053624A19
:1058F000D3F81834C2F834354FF080535E4AD3F8E9
:105900001C34C2F840354FF080535B4AD3F8203442
:10591000C2F844354FF08053574AD3F82434C2F8C4
:1059200048354FF08053544AD3F82834C2F84C35E8
:105930004FF08053504AD3F82C34C2F850354FF012
:1059400080534D4AD3F83034C2F854354FF0805369
:10595000494AD3F83434C2F860354FF08053464A90
:10596000D3F83834C2F864354FF08053424AD3F844
:105970003C34C2F868354FF080533F4AD3F8403486
:10598000C2F86C354FF080533B4AD3F84434C2F828
:105990007035FFF70BFE0346002B02D0374B384A19
:1059A0001A60FFF735FE0346002B03D0354BFB2270
:1059B000C3F81825FFF75EFE0346002B0AD0324BD2
:1059C0001B6823F00F02314B1B6803F00F032E49B5
:1059D00013430B60FFF780FE0346002B03D02C4BD4
:1059E0004FF400721A60FFF7A9FE0346002B0DD09A
:1059F0004FF08043D3F8003403F00103002B05D0AF
:105A00004FF080436FF00102C3F80024214BD3F81C
:105A10008830204A43F47003C2F88830BFF34F8FB8
:105A200000BFBFF36F8F00BFFFF7ECFE4FF01023F6
:105A3000D3F80032002B05DB4FF01023D3F80432EB
:105A4000002B15DA0120FFF7F9FE4FF01023122288
:105A5000C3F80022FFF7E6FE4FF010231222C3F82E
:105A60000422FFF7DFFE0020FFF7E8FEFFF726FD28
:105A7000FFF7F4FE00BF08BD00C000408C56004098
:105A80004881030000F00040E40E0040580200107E
:105A90004096024000ED00E000B58DB00790069101
:105AA00004931346ADF81630BDF816309B00184627
:105AB00002F0D0FC0990099B002B0ED0482002F088
:105AC000C9FC0B900B9B002B03D00B9B099A1A630C
:105AD00005E0099802F06EFD01E000230B930B9B9B
:105AE000002B14D0BDF81620002303930B9B0293C8
:105AF0000F9B01930E9B0093049B0699079800F05F
:105B00000FF80B9800F08EF801230A9302E04FF093
:105B1000FF330A930A9B18460DB05DF804FB0000A2
:105B200000B587B003900291019200930A9B186B15
:105B3000019B9B001A46A52104F017FF0A9B1A6BD4
:105B4000019B03F18043013B9B0013440493049B9E
:105B500023F007030493049B03F00703002B04D0F6
:105B60002F4940F26330E0F7E9FE0023059312E08D
:105B7000029A059B134419780A9A059B13443433FF
:105B80000A461A70029A059B13441B78002B06D014
:105B9000059B01330593059B032BE9D900E000BF6A
:105BA0000A9B002283F83720089B022B01D902238D
:105BB00008930A9B089ADA620A9B089A9A630A9BDE
:105BC0000022DA630A9B0433184600F094FF0A9B14
:105BD0001833184600F08FFF0A9B0A9A1A61089B37
:105BE000C3F103020A9B9A610A9B0A9A5A620A9BB2
:105BF00000221A640A9B002283F84420009A039929
:105C0000049802F017F902460A9B1A60099B002BC0
:105C100002D0099B0A9A1A6000BF07B05DF804FB26
:105C20004411040000B583B0019002F0BDF92D4B82
:105C30001B6801332B4A13602B4B1B68002B09D1C7
:105C4000294A019B1360274B1B68012B10D100F0E0
:105C5000D5FC0DE0254B1B68002B09D1224B1B689E
:105C6000DA6A019BDB6A9A4202D81F4A019B1360E1
:105C70001F4B1B6801331E4A1360019BDA6A1D4BE0
:105C80001B689A4203D9019BDB6A1A4A1360019B85
:105C9000DA6A13469B0013449B00174A1A44019B7F
:105CA00004331946104600F02EFF02F0A3F90F4B03
:105CB0001B68002B11D00C4B1B68DA6A019BDB6A56
:105CC0009A420AD20D4B4FF080525A6040BFBFF348
:105CD0004F8F00BFBFF36F8F00BF00BF03B05DF8F1
:105CE00004FB00BFFC4A00204C4A0020084B002067
:105CF000184B0020044B0020504A002000ED00E02B
:105D000000B585B0019002F04FF9019B002B02D144
:105D10002A4B1B6800E0019B0393039B0433184646
:105D200000F044FF039B9B6A002B04D0039B1833B5
:105D3000184600F03BFF224B1B680133204A1360DA
:105D40001E4B1B68039A9A420BD1039B04331946DE
:105D50001C4800F0D8FE1C4B1B6801331A4A136024
:105D600009E01A4B1B68013B184A1360039800F0C6
:105D7000AFFC00F0BDFC02F03DF9154B1B68002B99
:105D800018D00E4B1B68039A9A4213D1114B1B6813
:105D9000002B04D0104940F2A540E0F7CFFD0F4B97
:105DA0004FF080525A6040BFBFF34F8F00BFBFF328
:105DB0006F8F00BF00BF05B05DF804FB4C4A0020A8
:105DC000184B0020D04A0020E44A0020FC4A002062
:105DD000084B0020244B00204411040000ED00E09B
:105DE00000B585B0019000230393019B002B11D0D7
:105DF000114B1B68002B04D0104940F20F50E0F704
:105E00009DFD00F063F80021019800F005FE00F010
:105E100099F80390039B002B0AD1094B4FF0805255
:105E20005A6040BFBFF34F8F00BFBFF36F8F00BFFB
:105E300000BF05B05DF804FB244B002044110400B2
:105E400000ED00E000B585B0194B019300230093ED
:105E500000233C2217491848FFF71EFE0390039BBE
:105E6000012B02D101F03AFC0390039B012B12D1CC
:105E700040230293029B83F3118800BF0F4B4FF026
:105E8000FF321A600E4B01221A600E4B00221A607C
:105E900002F016F808E0039BB3F1FF3F04D10A4972
:105EA00040F2DC70E0F74AFD00BF05B05DF804FB8E
:105EB000204B0020A4110400256502001C4B00208B
:105EC000084B0020004B002044110400034B1B68CA
:105ED0000133024A136000BF704700BF244B00200B
:105EE00082B000230093124B1B68002B01D00123CA
:105EF0000093104B1B68DB6A002B02D00023019338
:105F000012E00D4B1B68012B02D9002301930BE01B
:105F1000009B002B02D00023019305E0074B1A6879
:105F2000074B1B68D31A0193019B184602B07047B8
:105F3000044B00204C4A0020504A00201C4B0020FB
:105F4000004B002000B585B000230393002302938B
:105F5000404B1B68002B04D13F494FF40460E0F72D
:105F6000EDFC02F021F83B4B1B68013B394A136002
:105F7000384B1B68002B65D1384B1B68002B61D058
:105F80002FE0374BDB68DB680393039B183318461D
:105F900000F00CFE039B0433184600F007FE039B41
:105FA000DA6A304B1B689A4203D9039BDB6A2D4A9D
:105FB0001360039BDA6A13469B0013449B002A4A32
:105FC0001A44039B04331946104600F09CFD039BC2
:105FD000DA6A264B1B68DB6A9A4202D3244B012201
:105FE0001A601F4B1B68002BCBD1039B002B01D0E9
:105FF00000F07EFB1F4B1B680193019B002B10D010
:1060000000F066F80346002B02D0194B01221A60FB
:10601000019B013B0193019B002BF1D1154B002209
:106020001A60134B1B68002B0CD001230293124BF8
:106030004FF080525A6040BFBFF34F8F00BFBFF395
:106040006F8F00BF01F0D6FF029B184605B05DF8C8
:1060500004FB00BF244B002044110400FC4A002034
:10606000BC4A0020044B0020504A00204C4A00202B
:10607000104B00200C4B002000ED00E082B0034BE1
:106080001B680193019B184602B07047004B00202B
:1060900000B583B001900B4B1A68019B1A440A4B60
:1060A0001B689A4204D9094940F6C910E0F746FC3A
:1060B000044B1A68019B1344024A136000BF03B0EB
:1060C0005DF804FB004B00201C4B00204411040031
:1060D00000B587B000230593464B1B68002B78D191
:1060E000454B1B6801330493434A049B1360049B94
:1060F000002B1AD1414B1B681B68002B04D0404970
:1061000040F63320E0F71AFC3C4B1B6803933D4BF1
:106110001B683A4A13603B4A039B13603A4B1B6867
:106120000133394A136000F0E3FA384B1B68049AD4
:106130009A4253D3314B1B681B68002B01D10123BA
:1061400000E00023002B04D0304B4FF0FF321A60E8
:1061500044E02A4B1B68DB68DB680293029B5B68A8
:106160000193049A019B9A4203D2284A019B13602F
:1061700034E0029B0433184600F018FD029B9B6A32
:10618000002B04D0029B1833184600F00FFD029B31
:10619000DA6A1F4B1B689A4203D9029BDB6A1C4ACE
:1061A0001360029BDA6A13469B0013449B00194A52
:1061B0001A44029B04331946104600F0A4FC029BCB
:1061C000DA6A154B1B68DB6A9A42B3D30123059345
:1061D000B0E7124B1B680133104A1360104B1B6869
:1061E000002B01D001230593059B184607B05DF8ED
:1061F00004FB00BF244B0020004B0020B44A0020C9
:1062000044110400B84A0020144B00201C4B00200D
:10621000044B0020504A00204C4A00200C4B002028
:10622000104B002000B583B02C4B1B68002B03D013
:106230002B4B01221A604CE0294B00221A60294B9B
:106240001B681A68274B1B681B6B9A4208D8254BA2
:106250001A68244B1B68343319461046EEF7A8FF22
:10626000214B1B6801930AE0019B002B04D11F49BD
:106270004FF43560E0F762FB019B013B01931C4941
:10628000019A13469B0013449B000B441B68002B90
:10629000EAD0019A13469B0013449B00144A13440E
:1062A0000093009B5B685A68009B5A60009B5A6889
:1062B000009B08339A4204D1009B5B685A68009B9C
:1062C0005A60009B5B68DB68064A1360064A019BC4
:1062D000136000BF03B05DF804FB00BF244B002037
:1062E000104B00204C4A0020044B002044110400B5
:1062F000504A002000B583B001900091019B002B13
:1063000004D10A494FF43660E0F718FB084B1B68CC
:1063100018331946019800F015FC0121009800F08F
:106320007BFB00BF03B05DF804FB00BF4411040019
:106330004C4A002000B585B0039002910192039B66
:10634000002B04D10C4940F68B30E0F7F7FA0B4BE9
:106350001B6818331946039800F0D5FB019B002BEE
:1063600002D04FF0FF3302930199029800F054FBE2
:1063700000BF05B05DF804FB441104004C4A002046
:1063800000B585B00190019BDB68DB680293029B3E
:10639000002B04D1234940F6BB30E0F7CFFA029B33
:1063A0001833184600F002FC1F4B1B68002B1DD150
:1063B000029B0433184600F0F9FB029BDA6A1B4B80
:1063C0001B689A4203D9029BDB6A184A1360029B3E
:1063D000DA6A13469B0013449B00154A1A44029B39
:1063E00004331946104600F08EFB05E0029B18337B
:1063F0001946104800F087FB029BDA6A0E4B1B68B7
:10640000DB6A9A4205D9012303930C4B01221A60DF
:1064100001E00023039300F06BF9039B184605B0DD
:106420005DF804FB44110400244B0020044B0020C1
:10643000504A0020BC4A00204C4A0020104B00204B
:1064400082B00190054B1A68019B1A60044B1A68D0
:10645000019B5A6000BF02B0704700BF144B002080
:10646000004B002000B587B001900091019B002BEC
:1064700004D1254940F62640E0F760FA009B002B46
:1064800004D1214940F62740E0F758FA01F08CFD8D
:106490001E4B1B680493019B5B68049AD31A0393F9
:1064A000009B1B68B3F1FF3F02D10023059323E05B
:1064B000019B1A68164B1B689A4207D0019B5B68C8
:1064C000049A9A4202D30123059315E0009B1B68AE
:1064D000039A9A420BD2009B1A68039BD21A009B24
:1064E0001A600198FFF7ACFF0023059304E0009BBE
:1064F00000221A600123059301F07CFD059B1846DC
:1065000007B05DF804FB00BF44110400004B0020FD
:10651000144B0020024B01221A6000BF704700BFDD
:10652000104B002000B585B0019000F0A5F8174B86
:106530001B68012B0AD9164B4FF080525A6040BF9E
:10654000BFF34F8F00BFBFF36F8F00BFFFF7C8FCD3
:106550000390039B012BE8D9FFF7B8FC0D4B1A6899
:106560000D4B1B689A4204D20C4940F6EE40E0F70E
:10657000E5F9FFF7B5FC0390039B012B02D90398C3
:1065800001F0F0FEFFF7DEFCCFE700BF504A00202D
:1065900000ED00E01C4B0020004B002044110400E3
:1065A00082B00123009301238DF807300F4B1B6845
:1065B000002B03D000238DF8073012E00C4B1B6832
:1065C000002B03D000238DF807300AE0094B1A682E
:1065D000094B1968009BCB1A9A4202D102238DF80D
:1065E00007309DF80730184602B07047BC4A0020BB
:1065F000104B0020E84A0020FC4A002000B583B080
:10660000002301930CE0019A13469B0013449B0066
:10661000114A1344184600F053FA019B01330193C9
:10662000019B022BEFD90D4800F04AFA0C4800F00C
:1066300047FA0C4800F044FA0B4800F041FA0B48C6
:1066400000F03EFA0A4B054A1A600A4B044A1A60E7
:1066500000BF03B05DF804FB504A00208C4A0020C4
:10666000A04A0020BC4A0020D04A0020E84A00206E
:10667000B44A0020B84A002000B583B019E001F008
:1066800093FC104BDB68DB680193019B04331846D5
:1066900000F08CFA0C4B1B68013B0B4A13600B4B50
:1066A0001B68013B094A136001F0A4FC019800F04B
:1066B0000FF8064B1B68002BE1D100BF00BF03B0F1
:1066C0005DF804FBD04A0020FC4A0020E44A002088
:1066D00000B583B00190019B1B6B184601F06AFF67
:1066E000019801F067FF00BF03B05DF804FB0000F4
:1066F00082B00D4B1B681B68002B01D1012300E009
:106700000023002B04D0094B4FF0FF321A6008E041
:10671000054B1B68DB68DB680193019B5B68034AE0
:10672000136000BF02B07047B44A00201C4B002029
:1067300082B00A4B1B68002B02D10123019308E0B1
:10674000074B1B68002B02D10223019301E00023B9
:106750000193019B184602B0704700BF084B002010
:10676000244B002000B585B00190019B02930023CB
:106770000393019B002B56D0029BDA6A2C4B1B68BB
:10678000DB6A9A4246D2029B9B69002B06DB284BB0
:106790001B68DB6AC3F10302029B9A61029B596981
:1067A000029BDA6A13469B0013449B00214A134460
:1067B000994201D1012300E00023002B22D0029B4B
:1067C0000433184600F0F2F9194B1B68DA6A029B91
:1067D000DA62029BDA6A184B1B689A4203D9029B61
:1067E000DB6A154A1360029BDA6A13469B00134466
:1067F0009B00104A1A44029B04331946104600F0CD
:1068000082F904E00A4B1B68DA6A029BDA62012310
:10681000039308E0029B9A6B054B1B68DB6A9A4264
:1068200001D201230393039B184605B05DF804FBD6
:106830004C4A0020504A0020044B002000B585B08F
:106840000190019B029300230393019B002B4AD0EC
:10685000274B1B68029A9A4204D0264940F63B70A7
:10686000E0F76CF8029BDB6B002B04D1214940F66A
:106870003C70E0F763F8029BDB6B5A1E029BDA6305
:10688000029BDA6A029B9B6B9A422CD0029BDB6BC9
:10689000002B28D1029B0433184600F087F9029B95
:1068A0009A6B029BDA62029BDB6AC3F10302029BD2
:1068B0009A61029BDA6A104B1B689A4203D9029BC9
:1068C000DB6A0D4A1360029BDA6A13469B0013448D
:1068D0009B000A4A1A44029B04331946104600F0F2
:1068E00012F901230393039B184605B05DF804FBDE
:1068F0004C4A002044110400044B0020504A002060
:1069000000B587B001900091019B0493012303938C
:10691000019B002B63D0049BDB6B002B04D132491D
:1069200040F68A70E0F70AF8049B9B6B009A9A4243
:1069300002D9009B059302E0049B9B6B0593049B8B
:10694000DB6A059A9A424AD0049BDB6B039A9A420F
:1069500045D1264B1B68049A9A4204D1224940F63D
:10696000A570DFF7EBFF049BDB6A0293049B059A9B
:10697000DA62049B9B69002B04DB059BC3F10302D5
:10698000049B9A61049B5969029A13469B00134425
:106990009B00174A1344994201D1012300E00023D0
:1069A000002B1CD0049B0433184600F0FFF8049B16
:1069B000DA6A104B1B689A4203D9049BDB6A0D4AC2
:1069C0001360049BDA6A13469B0013449B00084A39
:1069D0001A44049B04331946104600F094F800BF93
:1069E00007B05DF804FB00BF441104004C4A0020CE
:1069F000504A0020044B0020064B1B68002B04D09B
:106A0000044B1B68DA6B0132DA63024B1B681846D1
:106A1000704700BF4C4A002000B585B0019000913E
:106A2000214B1B680393214B1B680433184600F06D
:106A3000BDF8019BB3F1FF3F0AD1009B002B07D0AB
:106A40001A4B1B6804331946194800F05CF826E01D
:106A5000039A019B13440293144B1B68029A5A60D9
:106A6000029A039B9A4209D2124B1A680F4B1B6879
:106A700004331946104600F065F810E00E4B1A6812
:106A80000A4B1B6804331946104600F05BF80B4BA9
:106A90001B68029A9A4202D2084A029B136000BF06
:106AA00005B05DF804FB00BF004B00204C4A0020FD
:106AB000E84A0020B84A0020B44A00201C4B0020BD
:106AC00082B00190019B03F10802019B5A60019B77
:106AD0004FF0FF329A60019B03F10802019BDA60DC
:106AE000019B03F10802019B1A61019B00221A60BD
:106AF00000BF02B0704782B00190019B00221A6172
:106B000000BF02B0704784B001900091019B5B68A8
:106B10000393009B039A5A60039B9A68009B9A60B8
:106B2000039B9B68009A5A60039B009A9A60009BA3
:106B3000019A1A61019B1B685A1C019B1A6000BFD5
:106B400004B0704784B001900091009B1B680293D1
:106B5000029BB3F1FF3F03D1019B1B6903930CE040
:106B6000019B0833039302E0039B5B680393039B41
:106B70005B681B68029A9A42F6D2039B5A68009B94
:106B80005A60009B5B68009A9A60009B039A9A6027
:106B9000039B009A5A60009B019A1A61019B1B6833
:106BA0005A1C019B1A6000BF04B0704784B001906A
:106BB000019B1B690393019B5B68019A92689A6031
:106BC000019B9B68019A52685A60039B5B68019A1B
:106BD0009A4203D1019B9A68039B5A60019B002251
:106BE0001A61039B1B685A1E039B1A60039B1B6858
:106BF000184604B0704784B0EFF311830193019BF2
:106C0000039340230293029B83F3118800BF039BED
:106C1000184604B07047000000B585B0019000919F
:106C2000019B0393039B002B03D12B49FC20DFF72F
:106C300085FE01F0B9F9039B1A68039BDB6B03998E
:106C4000096C01FB03F31A44039B5A60039B002267
:106C50009A63039B1A68039B9A60039B1A68039BC1
:106C6000DB6B013B0399096C01FB03F31A44039BA3
:106C7000DA60039BFF2283F84420039BFF2283F802
:106C80004520009B002B16D1039B1B69002B1CD0B9
:106C9000039B10331846FFF773FB0346002B14D0F9
:106CA0000E4B4FF080525A6040BFBFF34F8F00BF72
:106CB000BFF36F8F09E0039B10331846FFF700FF07
:106CC000039B24331846FFF7FBFE01F093F90123E1
:106CD000184605B05DF804FBAC11040000ED00E0BF
:106CE00000B58BB00590049113468DF80F30059BCD
:106CF000002B04D1154940F26D10DFF71FFE049BF5
:106D0000002B02D10023099304E0059B049A02FBA7
:106D100003F30993099B4833184601F09BFB089045
:106D2000089B002B0CD0089B483307939DF80F203D
:106D3000089B00931346079A0499059800F008F8F9
:106D4000089B18460BB05DF804FB00BFAC110400B3
:106D500000B585B00390029101928DF80330029B3B
:106D6000002B03D1069B069A1A6002E0069B019A4B
:106D70001A60069B039ADA63069B029A1A64012141
:106D80000698FFF749FF00BF05B05DF804FB00005F
:106D900000B58BB0039002910192009300230993F8
:106DA000039B0893089B002B04D167494FF437706D
:106DB000DFF7C4FD029B002B08D1089B1B6C002B46
:106DC00004D0614940F2DD20DFF7B8FD009B022BC3
:106DD00008D1089BDB6B012B04D05B4940F2DE201D
:106DE000DFF7ACFDFFF7A4FC0346002B07D1019BA6
:106DF000002B04D0544940F2E120DFF79FFD01F061
:106E0000D3F8089B9A6B089BDB6B9A4202D3009BDA
:106E1000022B2ED1009A0299089800F0F6FA0790FA
:106E2000089B5B6A002B12D0089B24331846FFF79F
:106E3000A7FA0346002B18D0444B4FF080525A60FB
:106E400040BFBFF34F8F00BFBFF36F8F0DE0079BB5
:106E5000002B0AD03D4B4FF080525A6040BFBFF329
:106E60004F8F00BFBFF36F8F00BF01F0C3F8012346
:106E700065E0019B002B03D101F0BCF800235EE02C
:106E8000099B002B05D105AB1846FFF7D9FA012362
:106E9000099301F0AFF8FFF719F801F085F8089BA6
:106EA00093F844305BB2B3F1FF3F03D1089B00225B
:106EB00083F84420089B93F845305BB2B3F1FF3F61
:106EC00003D1089B002283F8452001F093F801AA22
:106ED00005AB11461846FFF7C5FA0346002B26D12D
:106EE000089800F08CFB0346002B1AD0089B103347
:106EF000019A11461846FFF7FDF9089800F013FBB8
:106F0000FFF720F80346002B7FF479AF0F4B4FF0CB
:106F100080525A6040BFBFF34F8F00BFBFF36F8FE7
:106F20000CE0089800F0FFFAFFF70CF867E7089804
:106F300000F0F9FAFFF706F8002300E05FE71846D3
:106F40000BB05DF804FB00BFAC11040000ED00E0E5
:106F500000B58BB00390029101920093039B0893BC
:106F6000089B002B04D1324940F2A230DFF7E6FC47
:106F7000029B002B08D1089B1B6C002B04D02C49D2
:106F800040F2A330DFF7DAFC009B022B08D1089B0C
:106F9000DB6B012B04D026494FF46970DFF7CEFC80
:106FA00001F056F8FFF727FE0790089B9A6B089BA5
:106FB000DB6B9A4202D3009B022B2CD1089B93F8E7
:106FC00045308DF81B30009A0299089800F01DFAA0
:106FD0009DF91B30B3F1FF3F12D1089B5B6A002B78
:106FE00016D0089B24331846FFF7CAF90346002B36
:106FF0000ED0019B002B0BD0019B01221A6007E0F1
:107000009DF81B300133DBB25AB2089B83F8452050
:107010000123099301E000230993079B0593059B36
:1070200083F3118800BF099B18460BB05DF804FB81
:10703000AC11040000B58BB00390029101920023C3
:107040000993039B0893089B002B04D15C4940F2F1
:10705000DF40DFF773FC029B002B08D1089B1B6C01
:10706000002B04D0564940F2E340DFF767FCFFF7FE
:107070005FFB0346002B07D1019B002B04D0504936
:107080004FF49D60DFF75AFC00F08EFF089B9B6B6E
:107090000793079B002B22D00299089800F01EFA54
:1070A000079B5A1E089B9A63089B1B69002B12D0F2
:1070B000089B10331846FFF763F90346002B0AD0EC
:1070C000404B4FF080525A6040BFBFF34F8F00BF1C
:1070D000BFF36F8F00BF00F08DFF01236BE0019BBA
:1070E000002B03D100F086FF002364E0099B002BF6
:1070F00005D105AB1846FFF7A3F90123099300F06A
:1071000079FFFEF7E3FE00F04FFF089B93F8443051
:107110005BB2B3F1FF3F03D1089B002283F8442008
:10712000089B93F845305BB2B3F1FF3F03D1089B56
:10713000002283F8452000F05DFF01AA05AB11464F
:107140001846FFF78FF90346002B25D1089800F069
:1071500041FA0346002B19D0089B2433019A1146AB
:107160001846FFF7C7F8089800F0DDF9FEF7EAFEC9
:107170000346002B88D1134B4FF080525A6040BF1A
:10718000BFF34F8F00BFBFF36F8F13E0089800F07D
:10719000CAF9FEF7D7FE77E7089800F0C4F9FEF7C2
:1071A000D1FE089800F016FA0346002B3FF46CAFAE
:1071B000002300E068E718460BB05DF804FB00BF51
:1071C000AC11040000ED00E000B58BB0019000911F
:1071D00000230993019B079300230893079B002B2F
:1071E00004D1714940F27150DFF7A8FB079B1B6C7B
:1071F000002B04D06C4940F27550DFF79FFBFFF77E
:1072000097FA0346002B07D1009B002B04D0664958
:1072100040F27A50DFF792FB00F0C6FE079B9B6BB3
:107220000693069B002B27D0069B5A1E079B9A634A
:10723000079B1B68002B04D1FFF7DEFB0246079B70
:107240005A60079B1B69002B12D0079B103318460E
:10725000FFF796F80346002B0AD0544B4FF08052AC
:107260005A6040BFBFF34F8F00BFBFF36F8F00BFA7
:1072700000F0C0FE012393E0009B002B0BD1089B84
:10728000002B04D0484940F2C250DFF757FB00F012
:10729000B1FE002384E0099B002B05D103AB184607
:1072A000FFF7CEF80123099300F0A4FEFEF70EFECF
:1072B00000F07AFE079B93F844305BB2B3F1FF3FD6
:1072C00003D1079B002283F84420079B93F84530A5
:1072D0005BB2B3F1FF3F03D1079B002283F8452047
:1072E00000F088FE6A4603AB11461846FFF7BAF86D
:1072F0000346002B34D1079800F06CF90346002BAD
:1073000028D0079B1B68002B09D100F04DFE079B7E
:107310005B681846FFF726FA089000F06BFE079BA3
:107320002433009A11461846FEF7E4FF079800F050
:10733000FAF8FEF707FE0346002B7FF46DAF1B4BF8
:107340004FF080525A6040BFBFF34F8F00BFBFF372
:107350006F8F24E0079800F0E6F8FEF7F3FD5BE797
:10736000079800F0E0F8FEF7EDFD079800F032F91D
:107370000346002B3FF450AF089B002B0DD000F0CC
:1073800013FE079800F02EF80590079B5B6805999F
:107390001846FFF7B5FA00F02DFE002300E03BE7AA
:1073A00018460BB05DF804FBAC11040000ED00E0E2
:1073B00000B585B00190019B002B04D1084940F233
:1073C0006C70DFF7BBFA00F0EFFD019B9B6B039342
:1073D00000F010FE039B184605B05DF804FB00BFEB
:1073E000AC11040084B00190019B5B6A002B06D0B5
:1073F000019B1B6B1B68C3F10303039301E0002394
:107400000393039B184604B0704700B587B0039000
:107410000291019200230593039B9B6B0493039BB2
:107420001B6C002B0DD1039B1B68002B4DD1039BC4
:107430005B681846FFF702FA0590039B00225A602A
:1074400043E0019B002B19D1039B9868039B1B6CA5
:107450001A46029903F060FA039B9A68039B1B6C1F
:107460001A44039B9A60039B9A68039B5B689A4249
:107470002BD3039B1A68039B9A6026E0039BD86872
:10748000039B1B6C1A46029903F046FA039BDA68C9
:10749000039B1B6C5B421A44039BDA60039BDA6814
:1074A000039B1B689A4207D2039B5A68039B1B6C81
:1074B0005B421A44039BDA60019B022B05D1049BBB
:1074C000002B02D0049B013B0493049B5A1C039B9A
:1074D0009A63059B184607B05DF804FB00B583B0BE
:1074E00001900091019B1B6C002B18D0019BDA6866
:1074F000019B1B6C1A44019BDA60019BDA68019BBB
:107500005B689A4203D3019B1A68019BDA60019B76
:10751000D968019B1B6C1A46009803F0FDF900BF67
:1075200003B05DF804FB00B585B0019000F03CFDB0
:10753000019B93F845308DF80F3013E0019B5B6A97
:10754000002B14D0019B24331846FEF719FF034685
:10755000002B01D0FEF7DEFF9DF80F30013BDBB2C0
:107560008DF80F309DF90F30002BE7DC00E000BFF5
:10757000019BFF2283F8452000F03CFD00F014FD44
:10758000019B93F844308DF80E3013E0019B1B698A
:10759000002B14D0019B10331846FEF7F1FE034672
:1075A000002B01D0FEF7B6FF9DF80E30013BDBB299
:1075B0008DF80E309DF90E30002BE7DC00E000BFA7
:1075C000019BFF2283F8442000F014FD00BF05B0AA
:1075D0005DF804FB00B585B0019000F0E5FC019B6F
:1075E0009B6B002B02D10123039301E00023039343
:1075F00000F000FD039B184605B05DF804FB00B5E4
:1076000085B0019000F0D0FC019B9A6B019BDB6B75
:107610009A4202D10123039301E00023039300F077
:10762000E9FC039B184605B05DF804FB84B00190AB
:1076300000910023039314E00D4A039B52F833306A
:10764000002B0BD10A49039B009A41F83320084ACA
:10765000039BDB001344019A5A6006E0039B01334D
:107660000393039B012BE7D900BF00BF04B0704711
:10767000284B002000B587B0039002910192039B34
:10768000059300F091FC059B93F844305BB2B3F195
:10769000FF3F03D1059B002283F84420059B93F80C
:1076A00045305BB2B3F1FF3F03D1059B002283F865
:1076B000452000F09FFC059B9B6B002B06D1059B92
:1076C0002433019A02991846FEF734FE0598FFF715
:1076D0002AFF00BF07B05DF804FB000000B585B0CD
:1076E0000023039300F0CAFA0D4B1B68002B0AD04D
:1076F0000C4B019302230093002350220A490B48AC
:10770000FEF7CAF90390039B002B04D108494FF4FC
:107710008870DFF713F9039B184605B05DF804FB8A
:10772000684B00206C4B00200C120400CD78020046
:107730001412040000B589B00590049103920293DD
:10774000282000F087FE0790079B002B09D0079B9D
:1077500001930A9B0093029B039A0499059800F0F9
:1077600005F8079B184609B05DF804FB00B585B025
:107770000390029101920093029B002B04D11149C6
:1077800040F26910DFF7DAF8079B002B15D000F004
:1077900075FA079B039A1A60079B029A9A61079BE6
:1077A000019ADA61079B009A1A62079B069A5A624D
:1077B000079B04331846FFF79EF900BF05B05DF83C
:1077C00004FB00BF1412040000B58BB003900291BB
:1077D0000192009300230993039B002B04D11B49C2
:1077E00040F28310DFF7AAF8194B1B68002B27D053
:1077F000029B0593019B0693039B0793029B052B1A
:1078000016DCFEF795FF0346022B08D1104B1868D3
:1078100005A900230C9AFFF7BBFA099010E00C4B66
:10782000186805A900230022FFF7B2FA099007E0C3
:10783000074B186805A90023009AFFF789FB0990F8
:10784000099B18460BB05DF804FB00BF141204003E
:10785000684B002000B587B003900291194B1B685C
:10786000DB68DB680593059B04331846FFF79EF938
:10787000059BDB69012B1CD1059B9A69039BD118E1
:10788000039B029A059800F0BDF80346002B10D028
:10789000002300930023039A00210598FFF794FF2B
:1078A0000490049B002B04D1074940F2E510DFF758
:1078B00045F8059B5B6A0598984700BF07B05DF8DF
:1078C00004FB00BF604B00201412040000B585B01B
:1078D000019002AB184600F057F80390029B19463E
:1078E000039800F003F800F0CFF8F2E700B585B098
:1078F00001900091FEF7EAFA02AB184600F064F836
:107900000390029B002B32D1009B002B0AD1019ADD
:10791000039B9A4206D8FEF715FB03990198FFF7DF
:1079200099FF27E0009B002B08D0144B1B681B68B5
:10793000002B0CBF01230023DBB20093104B18680F
:10794000019A039BD31A009A1946FFF793FEFEF79C
:10795000F9FA0346002B0DD10A4B4FF080525A60C2
:1079600040BFBFF34F8F00BFBFF36F8F02E0FEF742
:10797000E9FAFFE700BF05B05DF804FB644B0020A7
:10798000684B002000ED00E084B001900D4B1B68B7
:107990001B68002B0CBF01230023DBB21A46019B9E
:1079A0001A60019B1B68002B05D1064B1B68DB6826
:1079B0001B68039301E000230393039B184604B064
:1079C000704700BF604B002000B585B00190FEF706
:1079D00055FB03900A4B1B68039A9A4205D200F0AC
:1079E000F1F8019B01221A6002E0019B00221A605B
:1079F000034A039B1360039B184605B05DF804FB24
:107A0000704B002000B587B0039002910192009363
:107A100000230593039B029A5A60039B039A1A6101
:107A2000029A019B9A4212D8019A009BD21A039B98
:107A30009B699A4202D3012305931BE0104B1A68FD
:107A4000039B043319461046FFF77CF812E0019AB5
:107A5000009B9A4206D2029A009B9A4202D30123CB
:107A6000059307E0074B1A68039B04331946104639
:107A7000FFF768F8059B184607B05DF804FB00BFE8
:107A8000644B0020604B002000B58DB086E0049B65
:107A9000002B12DA04AB04330B930B9B002B04D1A5
:107AA00046494FF43170DEF749FF0B9B1B680B9A78
:107AB00050680B9A926811469847049B002B6CDB28
:107AC000069B0A930A9B5B69002B04D00A9B043334
:107AD0001846FFF76BF803AB1846FFF775FF0990E0
:107AE000049B092B5AD801A252F823F0157B0200FF
:107AF000157B0200157B02009D7B0200677B020064
:107B0000937B0200157B0200157B02009D7B020027
:107B1000677B0200059A0A9B9B69D118059B099A0D
:107B20000A98FFF76FFF0346002B37D00A9B5B6A6A
:107B30000A9898470A9BDB69012B2FD1059A0A9B6B
:107B40009B691A4400230093002300210A98FFF741
:107B50003BFE0890089B002B20D1184940F2FE20E4
:107B6000DEF7ECFE1AE0059A0A9B9A610A9B9B6974
:107B7000002B04D1114940F21530DEF7DFFE0A9BDD
:107B80009A69099BD118099B099A0A98FFF73AFF4D
:107B900004E00A9800F00EFD00E000BF084B1B68EF
:107BA00004A900221846FFF745FA0346002B7FF48C
:107BB0006EAF00BF00BF0DB05DF804FB14120400EF
:107BC000684B002000B589B03FE0294B1B68DB689B
:107BD0001B680693264B1B68DB68DB680593059BD7
:107BE00004331846FEF7E2FF059B5B6A0598984749
:107BF000059BDB69012B28D1059B9B69069A1344E1
:107C00000493049A069B9A420ED9059B049A5A60E3
:107C1000059B059A1A61164B1A68059B0433194691
:107C20001046FEF78FFF10E0002300930023069A12
:107C300000210598FFF7C8FD0390039B002B04D19A
:107C40000C4940F26F30DEF779FE094B1B681B6868
:107C5000002BBAD1064B1B680793074B1B68044ADD
:107C60001360054A079B136000BF09B05DF804FB71
:107C7000604B002014120400644B002008B500F093
:107C800093F9134B1B68002B1DD11248FEF718FF08
:107C90001148FEF715FF114B0E4A1A60104B0E4AA1
:107CA0001A60002210212020FFF71AF80346084A24
:107CB0001360074B1B68002B05D0054B1B68094957
:107CC0001846FFF7B3FC00F095F900BF08BD00BFF0
:107CD000684B0020384B00204C4B0020604B0020AC
:107CE000644B00207412040000B585B00190019B24
:107CF0000393019B002B04D10A4940F2B730DEF711
:107D00001DFE00F051F9039B5B69002B14BF01239A
:107D10000023DBB2029300F06DF9029B184605B018
:107D20005DF804FB141204000648006880F308881C
:107D300062B661B6BFF34F8FBFF36F8F00DF00BF36
:107D400000BF000000100000074B19680868B0E889
:107D5000F04F80F30988BFF36F8F4FF0000080F37E
:107D60001188704700BF00004C4A0020EFF30980E3
:107D7000BFF36F8F154B1A681EF0100F08BF20ED70
:107D8000108A20E9F04F10604DF8043D4FF040009C
:107D900080F31188BFF34F8FBFF36F8FFEF742FA66
:107DA0004FF0000080F3118808BC19680868B0E83B
:107DB000F04F1EF0100F08BFB0EC108A80F3098856
:107DC000BFF36F8F704700BF00BF00004C4A002018
:107DD000034BDB681B0A03F007031846704700BF1C
:107DE00000ED00E082B0034600918DF807309DF968
:107DF0000730002B0ADB009BDAB20C499DF90730F3
:107E00005201D2B20B4483F800230BE0009BDAB29C
:107E100007499DF8073003F00F03043B5201D2B22B
:107E20000B441A7600BF02B0704700BF00E100E0CB
:107E300000ED00E084B0039002910192039B043BAB
:107E40000393002343F080731A46039B1A60039B3D
:107E5000043B0393029A039B1A60039B043B039326
:107E60000B4A039B1A60039B143B0393019A039BE9
:107E70001A60039B043B0393039B6FF002021A609A
:107E8000039B203B0393039B184604B0704700BF3D
:107E9000957E020000B583B0074B1B68B3F1FF3F2E
:107EA00003D006499E20DEF749FD40230193019B44
:107EB00083F3118800BFFEE7744B00207C1204009E
:107EC00000B585B0304B1B68304A934203D030492F
:107ED000B020DEF733FD2F4B0393039B1B78DBB2FF
:107EE0000293039BFF221A70039B1B78DBB28DF871
:107EF00007309DF80730DBB203F00203DAB2264BFD
:107F00001A70264B07221A600BE0244B1B68013BBA
:107F1000224A13609DF80730DBB25B00DBB28DF8BC
:107F200007309DF80730DBB203F08003802BECD0E4
:107F30001A4B1B6803F00703184A1360029BDAB25E
:107F4000039B1A700F216FF00100FFF74BFF00F049
:107F5000E5F9134B00221A6000F06EF8114B5B68D4
:107F6000104A43F040435360074B1B69064A43F0F5
:107F700010031361FFF7D8FEFFF78CFF00231846AC
:107F800005B05DF804FB00BF00ED00E041C20F4109
:107F90007C12040000E400E0784B00207C4B0020C1
:107FA000744B002030EF00E000B583B04023019314
:107FB000019B83F3118800BF0B4B1B6801330A4AF6
:107FC0001360094B1B68012B0AD1084B5B68C3F394
:107FD0000803002B04D0064940F21110DEF7AEFC76
:107FE00000BF03B05DF804FB744B002000ED00E01F
:107FF0007C12040000B583B00D4B1B68002B04D12C
:108000000C494FF48C70DEF799FC094B1B68013B5F
:10801000074A1360064B1B68002B05D10023019310
:10802000019B83F3118800BF00BF03B05DF804FB20
:10803000744B00207C120400044BD3F88830034AB0
:1080400043F47003C2F8883000BF704700ED00E0D1
:1080500000B585B0EFF305830193019B0093BDF854
:108060000030C3F308039BB20393039B0F2B12D979
:10807000114A039B103B134493F800338DF80B30E7
:108080000E4B1B789DF80B209A4204D20C494FF4FA
:10809000A970DEF753FCFFF79BFE0246094B1B68F5
:1080A0009A4204D906494FF4B170DEF747FC00BF8D
:1080B00005B05DF804FB00BF00E100E0784B002054
:1080C0007C1204007C4B002082B003468DF8073000
:1080D0009DF90730002B0CDB9DF8073003F01F02E1
:1080E00005499DF907305B09012000FA02F241F8C9
:1080F000232000BF02B0704700E100E082B00346D9
:108100008DF807309DF90730002B0DDB9DF8073007
:1081100003F01F0206499DF907305B09012000FAB0
:1081200002F2603341F8232000BF02B0704700BF65
:1081300000E100E082B0034600918DF807309DF920
:108140000730002B0ADB009BDAB20C499DF907309F
:108150005201D2B20B4483F800230BE0009BDAB249
:1081600007499DF8073003F00F03043B5201D2B2D8
:108170000B441A7600BF02B0704700BF00E100E078
:1081800000ED00E084B0EFF311830193019B0393B2
:1081900040230293029B83F3118800BF039B184680
:1081A00004B0704784B0039002910192039B029A3D
:1081B00002F5A872019943F8221000BF04B070477D
:1081C00082B001900091019B009AC3F8042300BF84
:1081D00002B0704782B001900091019B009AC3F8F1
:1081E000082300BF02B0704784B001900B46ADF881
:1081F0000230BDF80230019A134400221A60BDF823
:108200000230019A13441B680393039B00BF04B020
:10821000704782B00190019BD3F80435184602B034
:108220007047000000B583B001900091009BB3F54A
:10823000805F04D306494FF4BE70DEF77FFB019BDD
:10824000009AC3F8082500BF03B05DF804FB00BF27
:10825000F012040082B001900B468DF803309DF8B7
:108260000320019B13441A460123136000BF02B090
:10827000704782B001900091019B009AC3F844239B
:1082800000BF02B07047000000B587B04FF4A07186
:108290002048FFF7A9FF00230593FFF773FF039022
:1082A0001C48FFF7B6FF02904FF480711948FFF7A2
:1082B0009BFFFDF7E3FE0246029B9B1A23F07F43E0
:1082C0000493049B012B0DD9FEF732FA0346022BCF
:1082D00008D00123049305E0FDF7FAFE0246059B52
:1082E00013430593049B5A1E0492002BF4D1059B63
:1082F000002B04D0084B4FF080525A6040BF039BC4
:108300000193019B83F3118800BF00BF07B05DF8A4
:1083100004FB00BF0010014000ED00E008B50020A4
:10832000E2F73CF91F210E48FFF77CFF01210C48C2
:10833000FFF746FF08210A48FFF78CFF0021084895
:10834000FFF788FF02210648FFF793FF0F21112056
:10835000FFF7F0FE1120FFF7B7FE00BF08BD00BF1A
:108360000010014000B589B00190019B364A93424C
:1083700001D9354B019372B600BF3448FFF749FF6E
:108380000690FEF70DF90346002B56D0069A019B86
:10839000134423F07F43059301212C48FFF71AFF74
:1083A000059A00212948FFF7FDFE4FF4A0712748E8
:1083B000FFF71AFF4FF480312448FFF701FFBFF3A6
:1083C0004F8F00BF019B0493049B002B09D020BF5B
:1083D0001F4BD3F800211E4BD3F804311343002B5D
:1083E000F5D04FF480311948FFF7F4FE4FF4A07137
:1083F0001648FFF7F9FE4FF480711448FFF7F4FEBA
:1084000001211248FFF7DCFE1048FFF702FF03903E
:10841000039A069BD31A23F07F4307931120FFF79B
:108420006DFE079A019B9A4201D9019B0793079B16
:10843000002B02D00798FDF72BFE62B600BF00BFED
:1084400009B05DF804FB00BFFDFFFF000010014014
:1084500000E100E000B587B0019000230393FDF731
:1084600035FD4E4B1B68002B01D100F0F3F84C4B4F
:108470001A68019B1340002B7FD1019B002B16D063
:108480000822019B13440193019B03F00703002B77
:108490000DD0019B23F0070308330193019B03F0E8
:1084A0000703002B03D03F499620DEF747FA019BD4
:1084B000002B62D03C4B1B68019A9A425DD83B4B23
:1084C00004933A4B1B68059304E0059B0493059BBA
:1084D0001B680593059B5B68019A9A4203D9059B2B
:1084E0001B68002BF1D12D4B1B68059A9A4244D092
:1084F000049B1B68082213440393059B1A68049B82
:108500001A60059B5A68019BD21A08235B009A42A5
:1085100018D9059A019B13440293029B03F00703A9
:10852000002B03D01F49C320DEF708FA059B5A68C9
:10853000019BD21A029B5A60059B019A5A600298CD
:1085400000F0E6F8184B1A68059B5B68D31A164AC8
:108550001360154B1A68164B1B689A4203D2124BD4
:108560001B68134A1360059B5A680D4B1B681A431E
:10857000059B5A60059B00221A60FDF7E3FC039BF4
:1085800003F00703002B04D0064940F20310DEF786
:10859000D5F9039B184607B05DF804FB884B012012
:1085A000944B0120141304008C4B0120804B0120BC
:1085B000904B012000B585B00190019B0393019B76
:1085C000002B3CD008235B42039A13440393039B84
:1085D0000293029B5A681C4B1B681340002B04D16A
:1085E0001A4940F21710DEF7A9F9029B1B68002B0D
:1085F00004D016494FF48C70DEF7A0F9029B5A683C
:10860000114B1B681340002B19D0029B1B68002BD9
:1086100015D1029B5A680C4B1B68DB431A40029B26
:108620005A60FDF753FC029B5A68094B1B681344C0
:10863000074A1360029800F06BF8FDF783FC00BF57
:1086400005B05DF804FB00BF944B01201413040037
:108650008C4B012084B04FF480330293264B03935C
:10866000039B03F00703002B0CD0039B07330393FA
:10867000039B23F007030393029A039BD31A1E4A1A
:1086800013440293039B01931C4A019B13601B4BF1
:1086900000225A60019B029A134403930822039B11
:1086A0009B1A0393039B23F007030393039B144A32
:1086B0001360134B1B6800225A60114B1B68002289
:1086C0001A60019B0093009B039AD21A009B5A6088
:1086D0000B4B1A68009B1A60009B5B68094A136089
:1086E000009B5B68084A1360084B4FF000421A6019
:1086F00000BF04B0704700BF804B0020804B0120BA
:10870000884B0120904B01208C4B0120944B012081
:1087100084B00190264B039302E0039B1B680393F4
:10872000039B1B68019A9A42F7D8039B0293039B11
:108730005B68029A1344019A9A4208D1039B5A68D3
:10874000019B5B681A44039B5A60039B0193019B46
:108750000293019B5B68029A1A44039B1B689A422E
:1087600018D1039B1A68134B1B689A420DD0019BCA
:108770005A68039B1B685B681A44019B5A60039B01
:108780001B681A68019B1A6008E00A4B1A68019B73
:108790001A6003E0039B1A68019B1A60039A019B0D
:1087A0009A4202D0039B019A1A6000BF04B070473E
:1087B000804B0120884B012030B591EA030F00F176
:1087C0008480841A71EB030C05D2121953EB0C034D
:1087D000001B71EB0C0140F2000CCFF6E07C1CEAB0
:1087E000430F54D0BCEB410F61D90C0DA4EB135EC9
:1087F00031EA0C0141F4801133EA0C0343F4801395
:10880000DEF1200C2AD303FA0CF5401941F10001E6
:1088100022FA0EF5401923FA0EF5694112FA0CF20C
:10882000CD0208D349085FEA30005FEA320228BF70
:1088300042F001020134013C5FEA500C72F1004247
:1088400050F1000051EB04514FF4001313EB410FB2
:1088500038BF30BD090D0905002030BDBEF1200E26
:10886000BEF1200F1ED223FA0EF5401941F100018E
:10887000CEF1200C124218BF012203FA0CF52A4354
:10888000CEE711EA5C0F04BF0020002130BD1CEAD6
:10889000410F04BF01F00041002030BD01F0004154
:1088A000002030BD21F4801101EB045130BD0042A5
:1088B00018BF41F00101BCEB410F08BF30BD4FF0C4
:1088C000FE4141F47801002030BD83F00043841A5A
:1088D00071EB030E07D28EF0004E001B71EB0E0100
:1088E000121953EB0E0340F2000CCFF6E07C1CEAA9
:1088F000430FC6D0BCEB410F72D90C0DA4EB135E35
:10890000C90241EA5051C00241F00041DB0243EA92
:108910005253D20243F00043DEF1200C41D312FA4D
:108920000CF522FA0EF203FA0CF542EA050218BF22
:1089300042F0010223FA0EF3801A9941E30AC4F3CC
:108940000A0411F0404F03D418D0013C40004941C3
:10895000013C23D44205C00A40EA4150C90A51EA09
:10896000C3715FEA500C72F1004250F1000051EB0C
:10897000045130BD01002FD00020203C0029F9D047
:10898000B1FA81FCDCF1200E11FA0CF130FA0EF58F
:1089900010FA0CF02943A4EB0C04D9E70020D90706
:1089A00030BDAEF1200EBEF1200F0DD2CEF1200C65
:1089B00003FA0CF533FA0EF32A4318BF43F0010310
:1089C000C01A61F10001B9E721F00041C00A40EA94
:1089D0004150C90A01EB045130BD0020002130BDD7
:1089E000004218BF41F00101BCEB410F7FF467AFBB
:1089F000BCEB430F3FF463AF30BD00BF83F00043D7
:108A0000FFF7DABEF0B540F2FF7681EA030C16EA12
:108A1000115E1EBFB64516EA1355B5425AD021EA7B
:108A2000465141F48011A1FB024723EA465343F427
:108A30008013AE44A0FB03650CF0004C36197D4159
:108A4000A1FB034747F10003A0FB0217F61965419C
:108A500053F10003094218BF46F0010640F2FE74CC
:108A6000B3F5007F13D2AEF5806EA6452BD24CEA4B
:108A70000331280341EA155140EA165032034508F4
:108A800072F1004250F1000051EB0E51F0BDAEF218
:108A9000FF3EA64517D24CEAC321E80241EA5551F0
:108AA00040EA5650F202450872F1004250F10000CF
:108AB00051EB0E51F0BD0CF0004141F0FE4141F48C
:108AC00070010020F0BD1EEA0E0FF4D50CF000413D
:108AD0000020F0BD16EA115F04BF01F00041002044
:108AE000004218BF41F0010116EA135F04BF03F012
:108AF00000430022124218BF43F0010306EA135458
:108B0000B44218BF9EEA060F03D00CF000410020CB
:108B1000F0BD21F0004123F00043B1EB065F06D821
:108B2000B3EB065F03D8002918BF002BC3D140F276
:108B30000001C7F6F8710020F0BD00BF2DE9F04339
:108B400091EA030E0EF0004E40F20007CFF6E077F8
:108B500017EA41051EBF95EA070F17EA430595EA94
:108B6000070F00F0A1807F0D17EA135623EA475341
:108B700043F4801317EA115521EA475141F480115B
:108B8000AD1B05F2FD354FEAD31C1CF1010C4FF073
:108B90000047B7FBFCF77F01A2FB079C0024E3FB27
:108BA00007C4DCF1000CD9F100097CF1000CA0FB3A
:108BB00007620020E1FB072000275FEAC628E0FBF0
:108BC0000987760D46EAC226520DF61900277A412A
:108BD000E0FB0C625FEAC823E2FB09375FEA585802
:108BE00048EAC628760D18EB070800214E41E2FB43
:108BF0000C8602EBC020DA02E6FB09215B0D43EA9A
:108C0000C8235FEA58585B18002758EB0708E6FBB3
:108C10000C38D102E8FB0917520D42EAC3225B0D62
:108C2000D21900277B41E8FB0C2308EBC6265FEA3C
:108C3000C128E3FB0987490D41EAC221520DC91938
:108C400042F10002E3FB0C12470019EB08095CEB50
:108C5000010C72EB040453EBC62047EB565300267D
:108C6000B3F5000F7641AD190236D6F1200910FA9E
:108C700009F4F04013FA09F21043F340E40F00192D
:108C800043F10003B3F5001F24BF5B08013540F238
:108C9000FE77BD4204D24EEA05511944BDE8F08387
:108CA0002D4224D5714626E0004218BF41F0010153
:108CB000124218BF43F00103B7EB410F2CBFB7EBD3
:108CC000430F1BE0B7EB410F04BFB7EB430F15E0B9
:108CD00017EA410F04BF17EA430F0FE017EA410FED
:108CE000E0D017EA430F02D0B7EB430FDAD04EF0D3
:108CF000FE4141F470010020BDE8F08340F2000124
:108D0000C7F6F871F7E700BF4FF4001C1CEB410FEA
:108D100098BF1CEB430F11D851EA030C50EA4C0CDE
:108D20005CEA020C0CD004D282428B4180410130BB
:108D30007047904299418041013070470020704750
:108D4000012070474FF4001C1CEB410F98BF1CEB37
:108D5000430F0CD850EA410C08BF52EA430C08D02C
:108D6000904208BF99420CBF0120002070470020AC
:108D700070470120704700BF4FF4001C1CEB410FEF
:108D800098BF1CEB430F11D851EA030C50EA4C0C6E
:108D90005CEA020C0CD004D290429941804101302F
:108DA000704782428B4180410130704700207047FC
:108DB000012070474FF4001C1CEB410F98BF1CEBC7
:108DC000430F11D851EA030C50EA4C0C5CEA020C38
:108DD0000AD004D282428B41804140427047904287
:108DE0009941804140427047002070474FF4001C79
:108DF0001CEB410F98BF1CEB430F11D851EA030C39
:108E000050EA4C0C5CEA020C0AD004D29042994120
:108E100080414042704782428B41804140427047CE
:108E200000207047C1F30A5340F21E42D21A0EDDF1
:108E3000202A0AD8CB0243EA505040F00040D040EC
:108E400090EAE170B0EBE1707047002070474B0092
:108E5000004218BF43F0010313F5001F88BF21F043
:108E6000004111F0004058BF6FF00040704700BF54
:108E70000B0D40F21E42D21A09DBCB0243EA5050DE
:108E800040F00040202A28BF2022D04070474900EF
:108E900060EB0000704700BF0A15C90241EA50515B
:108EA000C00241F0004140F21E439A1A08DA203213
:108EB0000DD4D141D04048409140D1404840704706
:108EC000202A28BF202231FA02F0002170476FF0DB
:108ED00000010846704700BF80B110F0004248BF53
:108EE000D0F10000120D02F21D42B0FA80F188406C
:108EF000521AC30A400503EB025170470100704744
:108F000050B140F21D42B0FA80F18840521AC30AB3
:108F1000400503EB0251704701007047F9B140F280
:108F20003D42B1FA81F3D21AC3F1200C30FA0CFCA5
:108F30009840994051EA0C0183054FEAD02040EA5D
:108F400041504FEAD12101EB025138BF7047013047
:108F500041F100011B4208BF20F00100704748B1F9
:108F600040F21D42B0FA80F3D21A9840C10A40057F
:108F700001EB0251704700BFC0F3C75191B14200ED
:108F80004FEA40704FEAD2014FEA310101F16051DE
:108F9000B2F17F4F38BF704701F1605118BF41F403
:108FA0000021704710F000410020704701F000429E
:108FB0008B1AA3F16051B1F5801F0ADBB1F17F6F0D
:108FC00009D242EAC102C10071F1004142EB507086
:108FD00070471046704701285B4113F5001F04D805
:108FE00042F0FE4040F400007047C90041EA507072
:108FF00040EA020040F4800040F08040704700BF2B
:1090000010EE100A4FEA4000B0F17F4F0CBF012074
:109010000020704751EC100B0128494111F5001F49
:109020000CBF01200020704751EC100B0128494172
:1090300011F5001F8CBF01200020704751EC100B70
:1090400001F00040704700BF51EC100B21F00041CF
:1090500041EC100B704700BF2DE9F04155EC104B6F
:109060008046002210EE100A0023294610EE106AF6
:10907000FFF768FE30B1002345EC104BC8F8003014
:10908000BDE8F08125F0FF4323F4E00343F07F5770
:10909000C5F30A5347F40017A3F2FE3347EC106BF5
:1090A000C8F80030BDE8F0812DE9704355EC104B55
:1090B0000646002210EE100A0023294610EE108A00
:1090C000FFF740FEB0B9C5F30A53334440F2FE72D5
:1090D000934213DC002E01DB002B0FDB002B09DD9C
:1090E00025F0FF4222F4E00242EA035949EC108BDA
:1090F000BDE870839FED060BBDE8708300F01AFE9B
:10910000074B1B6803609FED040BBDE8708300BF35
:109110000000000000000000000000000000F07FE0
:1091200004160400000000002DE9704355EC104BBC
:10913000FFF77AFF002840F0A7806AA3D3E9002355
:1091400020462946FFF736FE002840F0A48067A39A
:10915000D3E9002320462946FFF748FE18B19FEDCA
:10916000540BBDE8708345EC104BFFF76DFF61A316
:10917000D3E9002351EC100BFFF738FE002840F034
:1091800087800022002320462946FFF7F5FD4FF097
:109190000008002800F08880DFF8409157A3D3E949
:1091A000002320462946FFF72DFC42464B46FFF799
:1091B00003FBFFF737FE0646FFF78EFE51A3D3E908
:1091C000002380468946FFF71DFC02460B462046D9
:1091D0002946FFF713FC4DA3D3E9002304460D46AF
:1091E00040464946FFF70EFC02460B4620462946FC
:1091F000FFF7E2FA02460B4680468946FFF702FC7B
:1092000044A3D3E9002304460D46FFF7FBFB43A329
:10921000D3E90023FFF7D0FA22462B46FFF7F2FBF3
:109220002D4B0022FFF7C8FA42464B46FFF7EAFBF8
:1092300021A3D3E900238046894620462946FFF72B
:10924000E1FB1FA3D3E90023FFF7B6FA22462B4622
:10925000FFF7D8FB214B0022FFF7AEFA42464B4600
:10926000FFF7CCFB02460B4640464946FFF766FC3B
:109270001A4B0022FFF7A0FA013641EC100B3046E2
:10928000FFF712FFBDE8708345EC104BBDE870831B
:109290009FED0D0B65E700F04DFD114B1B68036062
:1092A0009FED0B0BBDE87083DFF8789076E700BF89
:1092B00000000000000000000938DE6F993F403FC9
:1092C000B35142718E71AC3F000000000000F03FCE
:1092D000000000000000F07F0000D03F0000E03FF1
:1092E00004160400EF39FAFE422E8640D2BC7ADD25
:1092F0002B2386C02342920CA19CC73B3CF92F9E96
:109300002C15F73F000000000030E63FA80C615C20
:1093100010D02B3F1CDC586FA452F13EE0F6B36F27
:10932000E4707C3F0000E0BF2DE9F04F85B055ECC4
:10933000104BFFF779FE002840F0C3800022002385
:1093400020462946FFF7FEFC002840F0BF8000229F
:10935000002320462946FFF749FD002840F0B18050
:1093600045EC104B03A8FFF777FE55EC104B78A3A4
:10937000D3E9002310EE100A2946FFF71BFD002851
:1093800040F0A9800399704B4E1E204629460022CA
:109390000396FFF733FB04460D4645EC104B4FF0A8
:1093A000FF30FFF781FE684B51EC100B0022FFF7F6
:1093B00003FA02460B4620462946FFF7BFFB02464A
:1093C0000B4606460F46FFF71DFB4BA3D3E90023D0
:1093D00004460D46FFF716FB49A3D3E90023FFF728
:1093E000EBF949A3D3E90023804689462046294664
:1093F000FFF704FB22462B46FFF704FB44A3D3E907
:109400000023FFF7D9F942464B4682468B46204659
:109410002946FFF7F7FA40A3D3E90023FFF7EEFA56
:1094200052465B468046894620462946FFF7EAFABF
:109430003BA3D3E90023FFF7E1FA02460B4640467F
:109440004946FFF77BFB02460B4620462946FFF7BD
:10945000D9FA32463B46FFF7D5FA02460B46039847
:10946000CDE90023FFF738FDDDE9002304460D4672
:1094700030463946FFF7A0F92BA3D3E9002306466F
:109480000F4620462946FFF7BDFA02460B463046F6
:109490003946FFF791F902460B4620462946144605
:1094A0001D4623A3D3E90023FFF7ACFA02460B467F
:1094B00020462946FFF780F941EC100B05B0BDE8C6
:1094C000F08F9FED1D0B05B0BDE8F08F9FED1C0BDD
:1094D00005B0BDE8F08F0022204629461B4BFFF760
:1094E0008DFA024645EC104B4FF0FF3014460D4606
:1094F00057E700BFAFF3008029BD56B31544E9BF5D
:10950000EDAF16204A6230400FCE674B80D5414008
:109510007E2615FA838073409AB5B312FF07504038
:1095200077900D9CFE0B8840A80C615C10D02BBF7F
:10953000000000000030E63F000000000000F87F5F
:10954000000000000000F0FF0000E03F0000F03FDE
:10955000CD3B7F669EA0E63F2DE9F04155EC104BD8
:10956000002600278046324610EE100A3B46294668
:10957000FFF7E8FB30BBC5F30A53A3F2FF32002A22
:10958000AC46A64624DB332A28DC2946164D204665
:10959000C2F120064FF0FF3405FA06F6D440A3F2DC
:1095A0001F4325FA03F33443D5401C432EEA04023B
:1095B0002CEA0503C8E90023FFF720FA41EC100B61
:1095C000BDE8F081C8E9006747EC106BBDE8F081A9
:1095D000C8E9006745EC104BBDE8F081C8E90045DB
:1095E00047EC106BBDE8F081FFFF0F0000000000AA
:1095F0002DE9F04157EC116B2DED028B544B11EE20
:10960000100A0022394655EC104BFFF79BFB00284F
:1096100047D10022002320462946FFF793FB88B15B
:109620000022002330463946FFF76EFB002842D166
:109630009FED418BB0EE480AF0EE680ABDEC028B5C
:10964000BDE8F08139463046FFF7ECFB8046FFF776
:1096500043FC32463B46FFF775FBD8BB0022002394
:1096600020462946FFF7C2FB28BB45EC104BFFF70D
:10967000EBFCFFF759FE304653EC102B3946FFF751
:10968000C1F941EC100BFFF74FFDB0EE408AF0EE50
:10969000608AB0EE480AF0EE680ABDEC028BBDE8C5
:1096A000F08145EC184BB0EE480AF0EE680ABDECCC
:1096B000028BBDE8F0819FED228B00F03BFBB0EE0A
:1096C000480AF0EE680ABDEC028B224B1B6803606F
:1096D000BDE8F081B8F1000F1EDB28D018F0010FB3
:1096E0009FED198B22462B4605D051EC180BFFF746
:1096F00089F941EC180B5FEA680822462B462046A0
:10970000294697D0FFF77EF918F0010F04460D4661
:1097100022462B46EFD0E8E722462B460C49002094
:10972000FFF70CFAC8F1000804460D46D6E79FED96
:10973000068B7FE7AFF30080000000000000000010
:10974000000000000000F0FF000000000000F03FFB
:109750000000F03F0016040038B555EC104B10EE39
:10976000100A002200232946FFF7ECFA60BBC5F37C
:109770000A52A2F2FF3100292B46A4461FDB3329EF
:1097800022DC1D48C1F120054FF0FF34CC4000FA27
:1097900005F5A2F21F4220FA02F22C43144320FAEC
:1097A00001F223EA02012CEA040013400CEA04044B
:1097B000234301D000290DDB41EC100B38BD002DF7
:1097C00005DB9FED090B38BD45EC104B38BD9FED17
:1097D000080B38BD094B0022FFF710F941EC100BC4
:1097E00038BD00BFAFF300800000000000000000A3
:1097F000000000000000F0BFFFFF0F000000F03F7E
:1098000030B52DED028BB0EE408AF0EE608A55EC5B
:10981000114B85B011EE100A002200232946FFF7F4
:1098200091FA00287AD1B0EE480AF0EE680AFFF704
:10983000FBFB38B1B0EE480AF0EE680A05B0BDECAB
:10984000028B30BD45EC104BFFF7EEFB002870D1CA
:1098500051EC180B00220023FFF774FA0028E9D11D
:10986000B0EE480AF0EE680AFFF7D4FB002866D194
:1098700045EC104BFFF7CEFB0028DBD145EC104B3D
:10988000FFF7E2FB55EC104B10EE102A2B4651EC83
:10989000180BFFF753F941EC100B02A8FFF75CFE21
:1098A000DDE9022320462946FFF7ACF802460B46C5
:1098B00051EC180BFFF7A2F80022CDE900010023BC
:1098C00051EC180BFFF776FA9DED000B002839D00C
:1098D00053EC102B20462946FFF716FA9DED000B9E
:1098E00038B151EC100B22462B46FFF787F841ECBC
:1098F000100B51EC100B002200238DED000BFFF735
:1099000075FA9DED000B002898D051EC100B224603
:109910002B46FEF751FF41EC100B8FE700F00AFADF
:109920001F4B9FED1D0B1B68036005B0BDEC028B48
:1099300030BD45EC104B05B0BDEC028B30BD9FED4A
:10994000160B7BE751EC100B224605F100438DED21
:10995000000BFFF7D9F99DED000B38B151EC100B5E
:1099600022462B46FEF728FF41EC100B51EC100B62
:10997000002200238DED000BFFF71CFA9DED000B7C
:1099800000283FF45BAF51EC100B22462B46FFF74B
:1099900035F841EC100B51E7000000000000F87FA3
:1099A0000016040053EC102BC3F30A5CACF2FF3139
:1099B000132910B510EE100A9E4622DC002909DB9F
:1099C0001F4C44FA01FC03EA0C04204310D143EC81
:1099D000102B10BD03F0004E013104BF4EF07F5E2E
:1099E0004EF4401E00207346024643EC102B10BD7F
:1099F0004FF4002343FA01F18E442EEA0C0E0020AE
:109A0000F1E7332908DDB1F5806FE0D11946FEF7A3
:109A1000D3FE41EC100B10BDACF2134C4FF0FF34F1
:109A200024FA0CFC12EA0C0FD1D00123C1F133014E
:109A300003FA01F1401828BF9E4420EA0C00D2E747
:109A4000FFFF0F0053EA020C61D02DE9F04BB3FA8F
:109A500083F51E0007BFB2FA82F502FA05F403FA95
:109A600005F41646C5F120051EBF22FA05F73C4352
:109A7000203556EA044C4FEA144418BF0134A3467B
:109A80004FF00009C846904271EB030C39D30942EC
:109A900007BFB0FA80F700FA07F6B1FA81F701FACA
:109AA00007F6C7F120071EBF20FA07FC46EA0C069E
:109AB0002037B6FBFBFC7F1B103F07F01F04C4F1EF
:109AC00020060CFA04F42CFA06F644BF34460026AD
:109AD000202FA4BF2646002454EA060C08BF012408
:109AE00018EB040849EB0609A4FB027CC01B06FB2B
:109AF00002CC04FB03CC71EB0C01904271EB030C24
:109B0000C5D20B46024649464046BDE8F08BB2FB43
:109B1000F3F200007F2805D8034B185C034B5B5C15
:109B20001840704700207047901304001014040080
:109B3000A0F16103192B98BF20387047A0F14103B1
:109B4000192B98BF203070477F2805D8034B185C2D
:109B5000034B5B5C18407047002070479013040073
:109B600010140400A0F16103192B98BF203870472E
:109B7000A0F14103192B98BF203070477F299ABF6D
:109B8000017001206FF02E0070475AB10A787F2AC9
:109B90000AD800B10260002119605960501A18BF3C
:109BA00001207047002070476FF02E0070470000C2
:109BB00070B5041E06DB002C1DDD002600200F49B9
:109BC0000F4D06E064420126F8E764100835002CCA
:109BD00007DD14F0010FF8D0D5E90023FEF712FFDE
:109BE000F3E72EB102460B4600200449FEF7A6FF1C
:109BF00041EC100B70BD00200049F9E70000F03F78
:109C00000816040010B504460846A2684AB1236845
:109C1000616803F1010C8C4508BF00208B4208D21B
:109C2000D054E3682BB121686268914201D2214689
:109C3000984723680133236010BD70B54C1E09D4CA
:109C40001646C5B229463046FFF7DCFF013CB4F1A9
:109C5000FF3FF7D170BD10F0100F08D108B510F418
:109C6000007F14BF30202020FFF7E7FF08BD7047BA
:109C70000028B8BF4042704708B5034B5B689B683B
:109C80001B68984708BD00BF3804002008B50721AD
:109C9000FFF7F2FF08BD08B50621FFF7EDFF08BD8D
:109CA00008B50421FFF7E8FF08BD38B504460D46A6
:109CB000FFF7F6FF30B1A4F13000A842A8BF4FF083
:109CC000FF3038BD2046FFF7E6FF10B1A4F1570082
:109CD000F3E72046FFF7DAFF10B1A4F13700ECE715
:109CE0004FF0FF30E9E708B50C21FFF7C5FF08BDCD
:109CF00008B50821FFF7C0FF08BD000008B5034BF9
:109D00005B689B689B68984708BD00BF38040020CB
:109D100010B491FBF2F302FB1314002904DB03607F
:109D200044605DF8044B7047002CC4BF0133A41A93
:109D3000F5E7000000B5D7F74BFB024B18445DF880
:109D400004FB00BF0C0000002DE9F04F83B0019030
:109D50008B4692460446264614F8015BE5B1284638
:109D6000FFF7C6FF0028F6D1302D15D1B31C25789A
:109D700005F0DF02582A06D0BAF1000F4ED14FF09D
:109D8000010A082606E03AF0100243D1A31C6578C8
:109D9000924610261C4603E0BAF1000F1CD10A2699
:109DA0004FF000084746C14631462846FFF77DFF81
:109DB000002815DB08FB06084FEA184307FB0637A7
:109DC0001FFA88F8B7F5803F28BF4FF0010914F853
:109DD000015B4FF0010AE7E756464FF0000ADFE764
:109DE000BBF1000F07D0BAF1000F01D0631E019341
:109DF000019BCBF80030B9F1000F04D148EA0740CD
:109E000003B0BDE8F08FFFF795FF222303604FF00A
:109E1000FF30F5E756464FF0010ABBE756464FF0D4
:109E2000010AB7E738B5204B204A9B1A102B39D9C5
:109E3000044601F0BDFE04F1130020F00F021C4B9C
:109E4000186858B34FF0FF340025294611E041B19E
:109E500003680B60044644F8042B01F0AAFE204678
:109E600038BD0168124B1960F4E70368014653B12D
:109E7000184643689342EAD09342F6D9A3423CBFC6
:109E80001C460546F1E74DB16B689B1A6B60A31A3F
:109E9000EC18EA5001F08DFE0434E0E701F089FE91
:109EA0000024DCE70024DAE7A46B0120A44B0120A6
:109EB0004C0400209AB330B594460F2A18D90246B4
:109EC0000B4640EA010414F0030F02D00CF1FF3CF2
:109ED00011E019461046043204330C680568A542A7
:109EE00006D110461946ACF1040CBCF1040FF0D8B1
:109EF000BCF1010C0FD00A460346844411461846B3
:109F000001330132047891F800E0744503D118461A
:109F100011466345F2D100780B78C01A30BD00209D
:109F200070470CB400B587B008AA52F8043B0592FC
:109F30000390002004900291194601A800F0C4FD8E
:109F400007B05DF804EB02B070470EB400B586B000
:109F500007AA52F8041B05920390002304936FF0A4
:109F60000043029301A800F0AFFD06B05DF804EBDA
:109F700003B0704770B5461E4D1E16F8010FFFF76F
:109F8000BDFE044615F8010FFFF7B8FE201A02D1F6
:109F90002B78002BF1D170BD10B410F0030F14D149
:109FA0000268A2F1013323EA020313F0803F18BFD5
:109FB00003460BD1034653F8044FA4F1013222EAC1
:109FC000040212F0803FF6D000E003461A781AB17E
:109FD00013F8012F002AFBD143EA010212F0030F0C
:109FE00009D0013B11F8012B03F8012F002AF9D108
:109FF0005DF8044B70470A68A2F1013424EA0204B8
:10A0000014F0803FEDD101F1040C614643F8042BBC
:10A010005CF8042BA2F1013424EA020414F0803F1E
:10A02000F3D0DEE7037833B1CAB29A4208D010F811
:10A03000013F002BF9D111F0FF0F18BF002070472E
:10A040007047D2B110B51446012A12D00A46034611
:10A05000204400F1FF3E1146184613F8014B44B16D
:10A06000013291F800C0A44503D1184611469E451F
:10A07000F1D100780B78C01A10BD00207047BAB13A
:10A0800000B59446013903469E4611F8012F03F8A6
:10A09000012B22B1BCF1010CF6D15DF804FBBCF13F
:10A0A000010FFAD9F44403F8012B6345FBD1F4E71F
:10A0B0007047037853B159B10144034613F8012F97
:10A0C00012B18B42FAD10B46181A70470346FBE7D0
:10A0D0000346F9E710B50C78D4B103783BB90020FA
:10A0E00016E09CF800309BB110F8013F8BB103786B
:10A0F000002BF9D001F1010C864622469A42F3D199
:10A100001EF8013F002BECD01CF8012B002AF5D1E2
:10A1100010BD0020FCE700002DE9F04F83B0019056
:10A12000009105462F4615F8016BB1463046FFF702
:10A13000DFFD04460028F5D12B2E0CD02D2E0CD19E
:10A140004FF0040895F80090BD1C4FF0000A4FF046
:10A15000000B2E279DE08046F4E78046F5E718F0D7
:10A16000010F7ED148F0010891E029F02009B9F1F2
:10A17000450F25D0002C4EDD0026584F32463B4679
:10A1800050465946FEF73EFC82468B46013CF5D1CF
:10A190004BEC10ABFEF73EFF00284BD118F0040F3C
:10A1A00002D00BF100439B4618F0020F4BD0009BEE
:10A1B0000BB1013D1D604BEC10AB03B0BDE8F08F5F
:10A1C00018F0020FD6D028F002082F782B2F05D0D8
:10A1D0002D2F01D0013503E048F008086F780235D3
:10A1E00042F210790CE048F00208B6F57A7FDDBF44
:10A1F00006EB8606303F07EB46064E4615F8017B18
:10A200003846FFF74DFD0028EDD118F0080F14BFB8
:10A21000A41BA419AEE7002CBADA00262F4F324651
:10A220003B4650465946FEF789FC82468B46013430
:10A23000F5D1ADE7FFF77EFD222303604FF0000A62
:10A24000DFF89CB0AAE7009B33B1019A1A604FF087
:10A25000000A4FF0000BAEE74FF0000A4FF0000B82
:10A26000A9E73846FFF71CFD002883D048F0020616
:10A2700000221A4B50465946FEF7C4FB00224FF00D
:10A280008043FEF7BBFB82468B46013CB04615F887
:10A29000019BB9F12E0F3FF462AF4846FFF700FD76
:10A2A000064600283FF461AF48F0020600220B4B3F
:10A2B00050465946FEF7A6FB82468B46A9F1300070
:10A2C000FEF70AFE52465B46FEF776FA82468B465A
:10A2D00018F0010FD9D1B046D9E700BF00002440E3
:10A2E0000000F07F2DE9F84F2DED048B8146884664
:10A2F0000646B24616F8017B3C463846FFF7F8FCA6
:10A3000005460028F5D12B2F0ED02D2F0ED1042776
:10A3100034780AF102069FED558AF2EE048A4FF076
:10A320002E0BB0EE009A85E00746F1E70746F2E70C
:10A3300017F0010F6FD147F0010779E024F02004F6
:10A34000452C21D0002D4BDDF2EE047A28EE278A31
:10A35000013DFBD1B0EE480AFEF752FE002848D17D
:10A3600017F0040F18BFB1EE488A17F0020F47D05C
:10A37000B8F1000F02D0013EC8F80060B0EE480A04
:10A38000BDEC048BBDE8F88F17F0020FDAD027F090
:10A39000020734782B2C05D02D2C01D0013603E098
:10A3A00047F008077478023642F2107B0CE047F061
:10A3B0000207BAF57A7FDDBF0AEB8A0A303C04EB6C
:10A3C0004A0ADA4616F8014B2046FFF769FC0028D6
:10A3D000EDD117F0080F14BFA5EB0A055544B1E7FE
:10A3E000002DB7DAF2EE047A88EE278A0135FBD128
:10A3F000B0E7FFF79FFC222303609FED1D8AAFE7C4
:10A40000B8F1000F04D0C8F800909FED188AB5E7A6
:10A410009FED168AB2E75846FFF742FC002891D01C
:10A4200047F0020328EE288A38EE498A013D1F468C
:10A4300016F8014B2E2C3FF47BAF2046FFF730FC83
:10A44000824600283FF47AAF47F0020368EE287A8C
:10A45000A4F1300208EE102AB8EEC88A38EE278A36
:10A4600017F0010FE2D11F46E2E700BF0000000035
:10A470000000807F70B50D46044660B1217841B17F
:10A480002846FFF7CFFD034650B114F8011F0029FD
:10A49000F6D1002320E0D6F79BFF104B1C58EDE7C8
:10A4A0002178C9B126462846FFF7BCFD48B916F801
:10A4B000011F0029F7D1D6F78BFF084B1E5023460A
:10A4C0000AE03378002BF6D0002306F8013BD6F7DC
:10A4D0007FFF024B1E502346184670BD0800000047
:10A4E0002DE9F04782B080468946924604462746C9
:10A4F00014F8015B55B32846FFF7FAFB064600281F
:10A50000F5D12B2D15D1524601A92046FFF71CFC91
:10A510000346B9F1000F2CD0019AA24208BF42466F
:10A52000C9F800202EB3002B1CDB584202B0BDE856
:10A53000F0872D2D0AD1524601A92046FFF704FCD1
:10A540000346B9F1000FEED00126E5E7524601A916
:10A550003846FFF7F9FB0346B9F1000F09D03C4636
:10A560000026D9E7FFF7E6FB222202604FF0004009
:10A57000DCE71846002BD9DAFFF7DCFB2223036067
:10A580006FF00040D2E708B5081AFEF7A5FC41ECD1
:10A59000100B08BD2DE9F04383B0044601683B2948
:10A5A0003ED861683B294CD8A16817295AD821693F
:10A5B0000B2968D8636903F26C7013F0030F0AD19A
:10A5C0006E4A82FB0032C317C3EB6213642202FBA4
:10A5D0001303002B68D1694A82FB0032C317C3EB17
:10A5E000E2134FF4C87202FB1303B3FA83F35B095F
:10A5F00003EB4303624A02EB8303E168002955DD64
:10A60000226913F80290494540F3B4805C4F00265C
:10A610005A4D4FF4C87C4FF0640E4FF0010884E0AF
:10A620003C226846FFF774FB019A22606368009938
:10A630000B446360002AB4DA3C322260013B636061
:10A64000AFE73C226846FFF763FB019A6260A368AC
:10A6500000990B44A360002AA6DA3C326260013BF9
:10A66000A360A1E718226846FFF752FB019AA26097
:10A67000E36800990B44E360002A98DA1832A2607C
:10A68000013BE36093E70C226846FFF741FB019A28
:10A690002261636900990B446361002A8ADA0C32F3
:10A6A0002261013B636185E70123A1E717460B2681
:10A6B000324D4FF4C87C4FF0640E4FF0010814E0A7
:10A6C00085FB0023C217C2EBE3130CFB1303B3FAA1
:10A6D00083F35B0903EB430307EB830326612269E2
:10A6E0009A5C1144E160002944DC22698AB96369FB
:10A6F000013B6361013810F0030FE1D185FB0023BA
:10A70000C217C2EB63130EFB1303002BD8D04346D2
:10A71000E0E7013A2261E2E7434625E001322261A7
:10A72000226913F80290494524DDA1EB0901E1609B
:10A730000B2AF3D1636901336361013010F0030F19
:10A7400008D185FB0023C217C2EB63130EFB130372
:10A75000002BE1D185FB0023C217C2EBE3130CFBF6
:10A760001303B3FA83F35B0903EB430307EB8303A0
:10A770002661D5E703B0BDE8F08300BF1F85EB512C
:10A78000E41504002DE9F0410446FFF703FF666974
:10A7900006F26C7516F0030F09D1534A82FB05329D
:10A7A000EB17C3EB6213642202FB13539BBB4E4BAC
:10A7B00083FB0523E817C0EBE3104FF4C87303FBDA
:10A7C0001050B0FA80F0400900EB4003474800EB1E
:10A7D0008300E368013B2169002907DD421E01393E
:10A7E000084412F8011F0B448242FAD1E36140F29F
:10A7F000B272954211DC40F2B172954256DC06F21B
:10A800006B7C40F2B170384D4FF4C87E64274FF036
:10A810000108374E3CE00120D6E706F26C7C40F29E
:10A82000B270314D4FF4C8774FF0640E4FF001080D
:10A830002F4E0FE085FB0012C117C1EBE21207FBA0
:10A840001202B2FA82F2520936F912201344013090
:10A8500084452BD010F0030FECD185FB0012C117FB
:10A86000C1EB62120EFB1202002AE3D04246EBE774
:10A8700085FB0012C117C1EBE2120EFB1202B2FA05
:10A8800082F2520936F912209B1A013860450DD028
:10A8900010F0030FECD185FB0012C117C1EB62125F
:10A8A00007FB1202002AE3D04246EBE7191D114ACA
:10A8B00082FB01025018CA17C2EBA002C2EBC2020F
:10A8C0008A1A48BF0732A2616268C2EB021220688E
:10A8D00000EB8200A2684FF4616101FB0200064AAE
:10A8E00002FB0300BDE8F0811F85EB51E415040075
:10A8F000FC150400932449928051010010B584B0E6
:10A900000C46114602900022039201941A466846B2
:10A9100000F0DAF804B010BD844640EA010313F0F9
:10A92000030F18D18446202A0BD32DE9F007B1E894
:10A93000F807A0E8F807A2F12002202AF7D2BDE824
:10A94000F007042A07D351F8043B40F8043BA2F176
:10A950000402042AF7D2002A05D011F8013B00F8BE
:10A96000013B013AF9D1604670478446002A2DD058
:10A9700010F0030F04D000F8011B013A26D0F7E7CE
:10A98000C9B241EA012141EA0141202A12D3A2F1D0
:10A9900020022DE9F0030B460C460D460E460F46ED
:10A9A00088468946A0E8FA03203AFBD2BDE8F003C6
:10A9B00020320BD0042A05D340F8041B043A05D0FA
:10A9C000042AF9D200F8011B013AFBD16046704716
:10A9D000024610F0030F16D111F0030F13D12DE929
:10A9E000F0004FF001374FF0803351F8044BA4EBE7
:10A9F000070525EA04051D4002D142F8044BF4E79F
:10AA0000A1F10401F0BC11F8013B02F8013B002B5D
:10AA1000F9D1704710F0030F19D111F0030F16D1BF
:10AA20002DE970004FF001364FF0803350F8044BA1
:10AA300051F8045BAC4205D1A4EB060525EA0405F8
:10AA40001D40F3D0A0F10400A1F1040170BC10F886
:10AA5000012B11F8013BD21A01D1002BF7D110467E
:10AA6000704700F1010110F0030F11D010F8012B15
:10AA7000002A23D010F0030F0AD010F8012B002A6F
:10AA80001CD010F0030F03D010F8012B002A15D0B2
:10AA90002DE970004FF001324FF0803350F8044B35
:10AAA000A4EB020525EA04051D4000D1F6E7A0F15C
:10AAB000040070BC10F8012B002AFBD1A0EB0100B0
:10AAC00070470000000000002DE9F04F2DED088BCD
:10AAD00093B082460992002303600C4614F8011BD0
:10AAE000002900F0E9879FED9C9B9FED9DBB9FEDAA
:10AAF0009EAB4F4600F0D2BF002507E05E2869D12B
:10AB000045F4805501E045F040051C46234613F806
:10AB1000010B3028F2D81F2837D9A0F12002102AC3
:10AB200033D801A151F822F007AB02008BAB020031
:10AB30008BAB02006DAB02008BAB02008BAB020053
:10AB40008BAB020073AB02008BAB02008BAB02003D
:10AB50008BAB020079AB02008BAB02007FAB020033
:10AB60008BAB02008BAB020085AB020045F0800589
:10AB7000CBE745F40045C8E745F02005C5E745F0BB
:10AB80001005C2E745F40075BFE72A2822D1099ACB
:10AB9000111D09911268002ABCBF524245F01005F0
:10ABA0001878A31C22EAE27204922E2827D00026ED
:10ABB000742848D07A2846D06A2800F0C5806C28CE
:10ABC00000F0D6804C2800F0E180682800F0EF808B
:10ABD0009B463BE0A0F13002D2B2092A88BF002296
:10ABE000E0D8002202EB8202303800EB420213F878
:10ABF000010BA0F13001C9B20929F3D9D2E71878C5
:10AC00002A280AD1099A111D099116685878023329
:10AC1000002ECDDB45F48075CAE70133A0F1300288
:10AC2000D2B2092A88BF0026F4D8002606EB860691
:10AC3000303800EB460613F8010BA0F13002D2B217
:10AC4000092AF3D9E4E79B461BF8010B782800F2A8
:10AC5000A080DFE810F043079E009E009E009E004B
:10AC60009E009E009E009E009E009E009E009E00F4
:10AC70009E009E009E009E009E009E009E009E00E4
:10AC80009E009E009E009E009E009E009E009E00D4
:10AC90009E009E009E009E009E009E009E009E00C4
:10ACA000BA009E009E009E009E009E009E009E0098
:10ACB0009E009E009E009E009E009E009E009E00A4
:10ACC0009E009E009E009E009E009E009E009E0094
:10ACD0009E009E009E009E009E009E009E009E0084
:10ACE0000B0226022B029E009E009E009E009E00EC
:10ACF0009E009E009E009E009E009E009E009E0064
:10AD00009E009E009E004E019E009E009E009E00A2
:10AD10009E009E009E009E009E009E00C000A4011A
:10AD20000D0228022D029E00A4019E009E009E009E
:10AD30009E00D100900128019E009E00EC009E0024
:10AD40009C019E009E00500145F002059B461BF8A9
:10AD5000010B7BE7AFF30080000000000000E03F44
:10AD60000000000000005940A0C8EB85F3CCE17F53
:10AD700018786C2804D003F1010B45F0010565E754
:10AD800045F0020503F1020B58785FE745F0010535
:10AD90009B46B24B1C68002C00F07C8609AB0193EB
:10ADA0000096049B2A465146A04700F073BE1878CF
:10ADB000682804D003F1010B45F0040546E745F08F
:10ADC000080503F1020B587840E725215046FEF7AD
:10ADD00019FF00F05FBE099B1A1D09921C78049BA5
:10ADE00003F1FF38524641462846FEF734FF21461C
:10ADF0005046FEF707FF47E015F0080F08D0DAF8D5
:10AE00000020099B191D09911B681A7000F042BEB1
:10AE100015F0020F099B03F1040209921B68DAF88E
:10AE200000201A601CBF00225A6000F033BE099B4C
:10AE30001A1D09921B6802932B468948029A002A20
:10AE400018BF1046029023F4007513F4807F26D0BB
:10AE50003146FFF72EF90446049BA3EB0408524643
:10AE600041462846FEF7F7FE671E6CB1DDE9026732
:10AE70003346013619785046FEF7C4FE013CF7D13F
:10AE8000CDE902674FF0FF3715F0100F00F0028692
:10AE9000524641462020FEF7D0FE00F0FBBDFFF7F2
:10AEA000E0FD0446D8E709990B1D09930A680023C1
:10AEB00010461946CDE9020115F0800F18BF232373
:10AEC000059345F480750826DDE902783946424647
:10AED00043463B4300F0BB850BAF002405F4005C08
:10AEE000DFF88081DFF880E16346AC461D4600F064
:10AEF00061BD45F4005515F0800F08D043F278028B
:10AF000043F25803782818BF1A46059201E000233F
:10AF1000059315F4807F01D025F4007515F4804F5A
:10AF200064D015F0020F42D0099B073323F00703CA
:10AF300003F108020992D3E90034CDE9023415F097
:10AF4000040F3FD0DDE9022314B242F3C0312246A0
:10AF50000B46CDE90223DDE902784246002A3BDABE
:10AF60007B421C4668EB480122460B46CDE9022392
:10AF70002D23059352E015F0800F0CBF00233023E2
:10AF8000059315F4807FC9D025F40075C6E715F444
:10AF9000807F09D025F4007500230593BEE745F4B2
:10AFA000804500230593B9E700230593B6E7099B85
:10AFB0001A1D09921B681C46D91722460B46CDE97B
:10AFC0000223BCE715F0080FC5D09DF8084000210A
:10AFD00022460B46CDE9022315F0200F3BD115F098
:10AFE000400F059B18BF2023059317E015F0020FB3
:10AFF0001CD0099B073323F0070303F108020992D1
:10B00000D3E90034CDE9023415F0040F18D0BDF8AF
:10B010000840002122460B46CDE9022315F4807F2B
:10B0200000F0448425F4007500F041BC099B1A1D12
:10B0300009921C68002122460B46CDE90223E3E772
:10B0400015F0080FEAD09DF80840002122460B4673
:10B05000CDE90223E2E72B230593DFE7984B01209C
:10B0600050160400C4150400D415040045F400551E
:10B0700045F48068099B073323F0070303F10802B6
:10B08000099293ED008B8DED028B18F4807F12D026
:10B0900096B908F44066B6F5406F14BF0026012645
:10B0A0000AE045F4005545F40068E3E745F400552F
:10B0B00045F44068DEE70626B0EE480AF0EE680A7E
:10B0C000FDF7A8FF002840F0CB80B0EE480AF0EE74
:10B0D000680AFDF7A9FF0890002840F0DE80B0EE76
:10B0E000480AF0EE680AFDF7A9FF60B148F0600871
:10B0F0008DED068A18EE903A03F100430793DDE9DF
:10B100000634CDE90234DDE9024511A845EC104BC7
:10B11000FDF7A2FF119B03EB4303B64A82FB031228
:10B12000DB17C3EBA203119300220023204629461C
:10B13000FDF708FE002800F0BC8008F4406305938A
:10B14000B3F5806F0AD0B3F5406F40F03282119BA7
:10B15000B34203DA13F1040F80F22B821198B0F599
:10B160009A7F40F0C28053EC1A2B20462946FDF707
:10B17000E5FCCDE90201DDE902450022002320467D
:10B180002946FDF7DFFD002848D145EC104BFDF7BF
:10B1900041FF002840F0B5800022974B2046294609
:10B1A000FDF7EAFDC0B1119B03F10109CDF808904C
:10B1B0000022914B20462946FDF7C0FC04460D466F
:10B1C00009F1010900228C4BFDF7D6FD0028EDD1D5
:10B1D000029B1193CDE90245DDE902450022874B30
:10B1E00020462946FDF702FEC0B1119B03F1FF394D
:10B1F000CDF808900022804B20462946FDF702FC3E
:10B2000004460D4609F1FF3900227C4BFDF7EEFDA7
:10B210000028EDD1029B1193CDE90245002E00F0EC
:10B220006684059BB3F5406F00F088807042FEF79E
:10B23000BFFC51EC100B53EC192BFDF7E3FBDDE9E0
:10B240000223FDF7B9FA04460D46CDE90245002276
:10B25000694BFDF791FD002800F06F8400F05FBCA2
:10B260000022002351EC180BFDF7C0FD68B918F45B
:10B27000005F634B634A08BF134618F0200F08BFF6
:10B280000133029328F48073D7E518F4005F5E4A17
:10B290005E4B18BF13460293F4E718F4005F5C4856
:10B2A0005C4B08BF184628F48073CBE5119B013333
:10B2B000119311980130FEF77BFC53EC102B2046C4
:10B2C0002946FDF777FD0028F0D102E0119B013BF4
:10B2D00011931198FEF76CFC53EC102B2046294675
:10B2E000FDF784FD0028F1D127E74042FEF760FC1E
:10B2F00053EC102B20462946FDF784FBCDE90201D3
:10B3000039E70022002320462946FDF76FFD68B982
:10B3100018F4005F3A4B3B4A08BF134618F0200F61
:10B3200008BF0133029328F4807386E518F4005FA8
:10B33000354A364B18BF13460293F4E706F1FF393E
:10B34000C6F10100FEF734FC51EC100B53EC192B45
:10B35000FDF758FBDDE90223FDF72EFA04460D4602
:10B36000CDE902450022244BFDF706FD08B14E460B
:10B37000D5E34E46DEE3102EA8BF1026DDE90245D8
:10B380003046FEF715FC53EC102B20462946FDF7FE
:10B3900039FBFDF781FD8146059151EA00030BD190
:10B3A00028F400630593049BA3F1050918F08003BA
:10B3B00040F0D1830893D0E30A220023FEF742FB3A
:10B3C000134340F0C0830A240025013E22462B4649
:10B3D00048460599FEF736FB81460591002EDFD0E1
:10B3E00022462B46FEF72EFB1343EED0ABE301269D
:10B3F0001FE000BF67666666000024400000F03F63
:10B400006816040070160400581604006016040044
:10B41000781604007C1604000022C34BDDE902010B
:10B42000FDF7F0FACDE90201013C119409F1FF3971
:10B430000226089B23EAE373089318F0600F18BFF5
:10B4400009F1FF391198FEF713FC6328C8BF09F111
:10B45000FF39DDE9027838464146FDF71DFD044617
:10B460000D46FDF75BFD02460B4638464146FDF7AB
:10B47000C5FACDE9020129EAE977059B13F4047FB7
:10B4800000F05A81059B13F0200F00F0638113F048
:10B49000400F14BF2D212B215046FEF7B3FB059B17
:10B4A00013F0100F00F0608106F10053013B9F4A3A
:10B4B00002EBC3084FF03009013ED8F80030D8F84D
:10B4C00004C0A8F108089C4275EB0C02C0F0598139
:10B4D00049460131C9B2E01A65EB0C020446154633
:10B4E000984272EB0C02F4D25046FEF78BFB002E12
:10B4F000E2D1059B13F4006440F04581089B002BCA
:10B5000040F05081059B13F0800F40F0EA82059BCC
:10B5100013F4806F2FD013F4005F14BF4521652111
:10B520005046FEF76FFB119B002BC0F2A1812B212F
:10B530005046FEF767FB1199632900F3A181119929
:10B540007B4C84FB0132C917C1EBA2013031C9B277
:10B550005046FEF757FB119B84FB0324D917C1EB20
:10B56000A40101EB8101A3EB410303F13001C9B256
:10B570005046FEF747FB002F00F08C822024013F4D
:10B5800021465046FEF73EFB002FF8D182E253ECF5
:10B590001B2BDDE90201FDF735FACDE90201023C82
:10B5A0001194A9F10209032643E73E4641E701262B
:10B5B00043E718F4806F2FD0119B0E2B2DDC013345
:10B5C000F21A102AA8BF1022089218F0800F24D176
:10B5D000B34222D016463046FEF7EAFA53EC102B5F
:10B5E00020462946FDF70EFA53EC192BFDF7E4F837
:10B5F00041EC100BFEF7B0F89FED491BFEF700F988
:10B6000051EC100B00220023FDF79CFB002866D0B4
:10B61000013EE0D1089600E0089628F48063059387
:10B62000119B089A5042A3F10F028242C8BFA3F1B6
:10B630001000FEF7BDFA4FF0FF30FDF735FD53EC7B
:10B64000102B20462946FDF7B7F8CDE90201DDE9C8
:10B65000026711980130FEF7ABFA53EC102B30461D
:10B660003946FDF789FB10B1119B013311931198F5
:10B6700000284CDB102834DC30463946FDF70CFC42
:10B6800004460D46FDF74AFC02460B463046394655
:10B69000FDF7B4F9CDE90201002311930A2C75F1ED
:10B6A000000339D3234B0126013653F8081F5A688B
:10B6B0008C4275EB0202F7D208998B19119A134448
:10B6C000049AA2EB030908F080030B4318BF09F1A9
:10B6D000FF3918F0600F18BF09F1FF39CBE6089663
:10B6E0009BE7A0F110031193C0F11000FEF760FA80
:10B6F00053EC102B30463946FDF784F9FDF7CCFBAF
:10B7000004460D4600220023CDE90223C6E70025AA
:10B7100011952C460126CFE70126CDE7AFF3008037
:10B7200000000000000024400000244080160400B7
:10B730006766666688160400B9F1000F7FF7A2AE4F
:10B740004FF02008013F41465046FEF75BFA002FBC
:10B75000F8D197E6059B13F0400F3FF4A0AE2021EF
:10B760005046FEF74FFA9AE6002F3FF49DAE4FF099
:10B770003008013F41465046FEF744FA002FF8D109
:10B7800092E64946B0E6119B002B7FF7B7AE302515
:10B79000013B119329465046FEF734FA119B002BCA
:10B7A000F6DCABE62E215046FEF72CFA089E102E52
:10B7B000A8BF102626EAE676089BA3EB0608D4B1BC
:10B7C000DDE902451198301AFEF7F2F953EC102B1F
:10B7D00020462946FDF716F9FDF75EFB04460D46A7
:10B7E000C6B3DFF8C89306F10056013E09EBC60662
:10B7F000CDF810B01FE0DDE902453046FEF7D8F97C
:10B8000053EC102B20462946FDF7FCF8FDF744FBCE
:10B8100004460D46E4E70131C9B2E01A65EB0C02BB
:10B8200004461546984272EB0C02F4D25046FEF7DD
:10B83000E9F9CB450CD03368D6F804C0B346083ECE
:10B840009C4275EB0C0201D33021E4E73021EDE797
:10B85000DDF810B0B8F1000F3FF459AE3024454682
:10B86000013D21465046FEF7CDF9002DF8D14EE6B8
:10B870002D215046FEF7C6F9119B5B4211935AE603
:10B88000C74C84FB0132C917C1EB62113031C9B218
:10B890005046FEF7B7F9119B84FB0324DA17C2EB7D
:10B8A0006414642202FB1433119348E601265838CD
:10B8B000202800F2B38001A353F820F0C9AE0200A3
:10B8C0001DBA02001DBA02001DBA02001DBA020014
:10B8D0001DBA02001DBA02001DBA02001DBA020004
:10B8E0001DBA02001DBA02001DBA020075B902009D
:10B8F0001DBA02001DBA02001DBA02001DBA0200E4
:10B9000075B902001DBA02001DBA02001DBA02007C
:10B910001DBA02001DBA020041B90200C9AE020000
:10B920001DBA02001DBA02001DBA02001DBA0200B3
:10B9300075B902001DBA02001DBA0200C9AE0200AC
:10B94000DDE902783A46414643463B4308BF0024BE
:10B9500065D00BA8002402F00703303300F8013B48
:10B960000134D30843EA4173CF081A4639463B43B2
:10B97000F1D154E0DDE902120F46904613460B4325
:10B9800008BF00244BD0002405F40043CDF820B0BC
:10B99000AB461D4630E001F00F0318F8033007F8FE
:10B9A000013B01340B0943EA0273100919460246B0
:10B9B000034306D0002DEED001F00F031EF8033034
:10B9C000EDE765462BE012AB03EB04090A220023E6
:10B9D00038464146FEF736F8303209F81C2C01345F
:10B9E0000A22002338464146FEF72CF80A2F78F148
:10B9F00000030FD307468846002DE4D004F003036C
:10BA0000032BE0D112AB23444FF02C0203F81C2C83
:10BA10000134D8E75D46DDF820B000E00024361B95
:10BA200026EAE676049BA3EB0608A8EB0408059B30
:10BA3000FF2B0ED9A8F10208C3F307215046FEF7E9
:10BA4000E1F89DF814105046FEF7DCF805E00024FC
:10BA5000E5E7059B002B40F09F8052464146284673
:10BA6000FEF7F9F8524631463020FEF7E6F8671E39
:10BA70000DD40BAF013C3C44217826465046FEF7DE
:10BA8000C1F8A74204F1FF34F6D14FF0FF3715F0AB
:10BA9000100F0BD15C4614F8011B69B125293FF446
:10BAA0002BA85046FEF7AEF8A346F3E752464146B0
:10BAB0002020FEF7C2F8EDE7DAF808303BB1DAF8FB
:10BAC0000020DAF804108A423CBF00219954DAF8C9
:10BAD000000013B0BDEC088BBDE8F08F4FF0FF30D5
:10BAE000F7E72E215046FEF78DF8089E64E6002009
:10BAF000FEF75EF851EC100B53EC192BFCF782FFAC
:10BB0000DDE90223FCF758FE04460D46CDE9024567
:10BB10000022244BFDF730F900283FF441AC119B83
:10BB20000133119300221F4B20462946FDF706F8EA
:10BB3000CDE90201002E3FF433AC08F40863B3F5FD
:10BB4000006F3FF418AC28F400630593731D049A4A
:10BB5000A2EB0309089609F1FF3918F4805F3FF45E
:10BB600026AD119C104B83FB0423A3EBE47303EB82
:10BB70004303E31A0233042B3FF617AD01A252F838
:10BB800023F000BF19B402008FB50200EFB302002A
:10BB900019B402008FB5020008F1FF3851E700BF69
:10BBA0001F85EB5100002440565555558016040062
:04BBB0007047704723
:10BBB400415353455254494F4E204641494C454404
:10BBC4002061742025733A25750000004552524FB8
:10BBD40052202575205B25735D2061742025733AFE
:10BBE40025750D0A50432061743A20307825303889
:10BBF40078000000443A5C534750726F6A6563747E
:10BC0400735C4E4141544F535C56315C4F4449433D
:10BC14002D5245504F2D47484C2D4E4141544F53C2
:10BC24005C6170706C69636174696F6E5C73646B82
:10BC34005C636F6D706F6E656E74735C6C69627259
:10BC440061726965735C757362645C6170705F7561
:10BC54007362645F726571756573742E68000000A9
:10BC6400443A5C534750726F6A656374735C4E4127
:10BC740041544F535C56315C4F4449432D52455017
:10BC84004F2D47484C2D4E4141544F535C617070C9
:10BC94006C69636174696F6E5C73646B5C636F6D14
:10BCA400706F6E656E74735C6C69627261726965E3
:10BCB400735C757362645C6170705F757362645FFA
:10BCC400636C6173735F626173652E6800000000CA
:10BCD400443A5C534750726F6A656374735C4E41B7
:10BCE40041544F535C56315C4F4449432D524550A7
:10BCF4004F2D47484C2D4E4141544F535C61707059
:10BD04006C69636174696F6E5C73646B5C636F6DA3
:10BD1400706F6E656E74735C6C6962726172696572
:10BD2400735C757362645C6170705F757362642EBA
:10BD340068000000443A5C534750726F6A6563744C
:10BD4400735C4E4141544F535C56315C4F444943FC
:10BD54002D5245504F2D47484C2D4E4141544F5381
:10BD64005C6170706C69636174696F6E5C73646B41
:10BD74005C636F6D706F6E656E74735C6C69627218
:10BD840061726965735C757362645C6170705F7520
:10BD94007362642E630000000800000009000000C4
:10BDA4000A0000008500000080000000A51B0000C0
:10BDB400810000000D0000000E00000003000000E0
:10BDC40003000000443A5C534750726F6A65637421
:10BDD400735C4E4141544F535C56315C4F4449436C
:10BDE4002D5245504F2D47484C2D4E4141544F53F1
:10BDF4005C6170706C69636174696F6E5C73646BB1
:10BE04005C636F6D706F6E656E74735C6C69627287
:10BE140061726965735C757362645C6170705F758F
:10BE24007362642E68000000443A5C534750726F9A
:10BE34006A656374735C4E4141544F535C56315C84
:10BE44004F4449432D5245504F2D47484C2D4E41A8
:10BE540041544F535C6170706C69636174696F6EB7
:10BE64005C73646B5C636F6D706F6E656E74735C32
:10BE74006C69627261726965735C757362645C613A
:10BE840070705F757362645F636F72652E63000028
:10BE9400120100020000004015190D5200010102B8
:10BEA4000301000009020000000104C03200000088
:10BEB400C53A00000000000000000000000000007F
:10BEC4000000000094060020B4BE0200010002033A
:10BED400008000000531000000000000193100005E
:10BEE400A00600200F0000002E2E2F73646B2F631A
:10BEF4006F6D706F6E656E74732F6C6962726172B0
:10BF04006965732F757362642F6170705F757362F6
:10BF1400645F636C6173735F626173652E680000B4
:10BF24002E2E2F73646B2F636F6D706F6E656E743E
:10BF3400732F6C69627261726965732F626C6F63CF
:10BF44006B5F6465762F6E72665F626C6F636B5FA6
:10BF54006465762E68000000443A5C534750726F63
:10BF64006A656374735C4E4141544F535C56315C53
:10BF74004F4449432D5245504F2D47484C2D4E4177
:10BF840041544F535C6170706C69636174696F6E86
:10BF94005C73646B5C636F6D706F6E656E74735C01
:10BFA4006C69627261726965735C757362645C6307
:10BFB4006C6173735C6D73635C6170705F757362E5
:10BFC400645F6D73632E630055534243555342536C
:10BFD400495C0000CD5E000000000000000000008D
:10BFE4000000000000000000000000000338FDD83D
:10BFF4007047000000000101020203030404050568
:10C0040000000403090400004E6F72646963205346
:10C01400656D69636F6E647563746F720000000010
:10C024006E5246353220555342204D5343204465C9
:10C034006D6F0000303030303030303030303031DF
:10C044000000000044656661756C7420636F6E6661
:10C05400696775726174696F6E000000557365726B
:10C0640020310000443A5C534750726F6A65637430
:10C07400735C4E4141544F535C56315C4F444943C9
:10C084002D5245504F2D47484C2D4E4141544F534E
:10C094005C6170706C69636174696F6E5C73646B0E
:10C0A4005C636F6D706F6E656E74735C6C696272E5
:10C0B40061726965735C757362645C6170705F75ED
:10C0C4007362645F737472696E675F646573632E11
:10C0D40063000000443A5C534750726F6A656374AE
:10C0E400735C4E4141544F535C56315C4F44494359
:10C0F4002D5245504F2D47484C2D4E4141544F53DE
:10C104005C6170706C69636174696F6E5C73646B9D
:10C114005C636F6D706F6E656E74735C6C69627274
:10C1240061726965735C7574696C5C6170705F756C
:10C1340074696C5F706C6174666F726D2E6300005D
:10C14400443A5C534750726F6A656374735C4E4142
:10C1540041544F535C56315C4F4449432D52455032
:10C164004F2D47484C2D4E4141544F535C617070E4
:10C174006C69636174696F6E5C73646B5C636F6D2F
:10C18400706F6E656E74735C6C69627261726965FE
:10C19400735C626C6F636B5F6465765C717370690A
:10C1A4005C6E72665F626C6F636B5F6465765F7111
:10C1B4007370692E63000000660101010101000033
:10C1C400000000000D700000E571000079720000AD
:10C1D4000576000035770000F5770000C2281700C7
:10C1E400000080000010000000010000C2201B00BD
:10C1F400000000080010000000010000556E6B6E86
:10C204006F776E206572726F7220636F64650000D1
:10C214004E52465F53554343455353004E52465F77
:10C224004552524F525F5356435F48414E444C452A
:10C23400525F4D495353494E470000004E52465FEA
:10C244004552524F525F534F465444455649434515
:10C254005F4E4F545F454E41424C45440000000040
:10C264004E52465F4552524F525F494E5445524ECC
:10C27400414C00004E52465F4552524F525F4E4F62
:10C284005F4D454D000000004E52465F4552524FEF
:10C29400525F4E4F545F464F554E44004E52465FD8
:10C2A4004552524F525F4E4F545F535550504F5268
:10C2B400544544004E52465F4552524F525F494ED8
:10C2C40056414C49445F504152414D004E52465FE5
:10C2D4004552524F525F494E56414C49445F535464
:10C2E400415445004E52465F4552524F525F494EAB
:10C2F40056414C49445F4C454E47544800000000A9
:10C304004E52465F4552524F525F494E56414C4938
:10C31400445F464C414753004E52465F4552524F8C
:10C32400525F494E56414C49445F444154410000D8
:10C334004E52465F4552524F525F444154415F53FF
:10C34400495A45004E52465F4552524F525F544936
:10C354004D454F55540000004E52465F4552524FD2
:10C36400525F4E554C4C00004E52465F4552524F60
:10C37400525F464F5242494444454E004E52465F36
:10C384004552524F525F494E56414C49445F4144D5
:10C39400445200004E52465F4552524F525F42553E
:10C3A400535900004E52465F4552524F525F4D4F13
:10C3B40044554C455F4E4F545F494E495449414C96
:10C3C400495A4544000000004E52465F4552524FC0
:10C3D400525F4D555445585F494E49545F46414953
:10C3E4004C4544004E52465F4552524F525F4D55A4
:10C3F4005445585F4C4F434B5F4641494C454400BC
:10C404004E52465F4552524F525F4D555445585F08
:10C41400554E4C4F434B5F4641494C454400000048
:10C424004E52465F4552524F525F4D555445585FE8
:10C43400434F4E445F494E49545F4641494C45443D
:10C44400000000004E52465F4552524F525F4D4F1E
:10C4540044554C455F414C52454144595F494E490E
:10C464005449414C495A4544000000004E52465F2D
:10C474004552524F525F53544F524147455F4655C0
:10C484004C4C00004E52465F4552524F525F415051
:10C49400495F4E4F545F494D504C454D454E5445B0
:10C4A400440000004E52465F4552524F525F46458B
:10C4B40041545552455F4E4F545F454E41424C45A1
:10C4C400440000004E52465F4552524F525F494F5E
:10C4D4005F50454E44494E47000000004E52465FAF
:10C4E4004552524F525F4452565F5457495F45522A
:10C4F400525F4F56455252554E0000004E52465F11
:10C504004552524F525F4452565F5457495F455209
:10C51400525F414E41434B004E52465F4552524F8B
:10C52400525F4452565F5457495F4552525F444EDE
:10C5340041434B004E52465F4552524F525F424C6C
:10C54400455F495053505F52585F504B545F5452AB
:10C55400554E4341544544004E52465F4552524F56
:10C56400525F424C455F495053505F4348414E4EE1
:10C57400454C5F414C52454144595F4558495354D9
:10C58400530000004E52465F4552524F525F424C98
:10C59400455F495053505F4C494E4B5F44495343A8
:10C5A4004F4E4E4543544544000000004E52465FF2
:10C5B4004552524F525F424C455F495053505F5071
:10C5C4004545525F52454A454354454400000000E6
:10C5D4000000000014C202000100000020C202009A
:10C5E4000200000040C202000300000064C2020016
:10C5F4000400000078C20200050000008CC20200A2
:10C6040006000000A0C2020007000000B8C2020039
:10C6140008000000D0C2020009000000E8C20200C5
:10C624000A00000004C302000B0000001CC3020047
:10C634000C00000034C302000D00000048C30200D7
:10C644000E0000005CC302000F0000006CC3020077
:10C654001000000080C302001100000098C3020013
:10C6640080000000A8C3020081000000CCC30200C7
:10C6740082000000E8C302008300000004C402003A
:10C684008400000024C402008500000048C40200A5
:10C694008600000070C402009000000088C40200FC
:10C6A40091000000A8C4020092000000C8C4020067
:10C6B40000820000E0C402000182000000C5020004
:10C6C400028200001CC502000084000038C502007C
:10C6D400018400005CC502000284000088C50200D9
:10C6E40003840000B0C502002E2E2F73646B2F6DDF
:10C6F4006F64756C65732F6E7266782F68616C2F2A
:10C704006E72665F74696D65722E68002E2E2F73CB
:10C71400646B2F6D6F64756C65732F6E7266782F02
:10C72400647269766572732F696E636C7564652FC4
:10C734006E7266785F74696D65722E680000000021
:10C744002E2E2F73646B2F6D6F64756C65732F6E53
:10C754007266782F68616C2F6E72665F6770696F9E
:10C764002E680000443A5C534750726F6A656374E4
:10C77400735C4E4141544F535C56315C4F444943C2
:10C784002D5245504F2D47484C2D4E4141544F5347
:10C794005C6170706C69636174696F6E5C73646B07
:10C7A4005C636F6D706F6E656E74735C6C696272DE
:10C7B40061726965735C70776D5C6170705F7077CE
:10C7C4006D2E63002E2E2F73646B2F636F6D706F4D
:10C7D4006E656E74732F6C69627261726965732F12
:10C7E400757362642F6170705F757362645F7265E4
:10C7F40071756573742E68002E2E2F73646B2F630E
:10C804006F6D706F6E656E74732F6C696272617296
:10C814006965732F757362642F6170705F757362DD
:10C82400645F636C6173735F626173652E6800009B
:10C83400443A5C534750726F6A656374735C4E414B
:10C8440041544F535C56315C4F4449432D5245503B
:10C854004F2D47484C2D4E4141544F535C617070ED
:10C864006C69636174696F6E5C73646B5C636F6D38
:10C87400706F6E656E74735C6C6962726172696507
:10C88400735C757362645C636C6173735C6364632F
:10C894005C61636D5C6170705F757362645F636437
:10C8A400635F61636D2E630015900000D5900000F6
:10C8B4000000000000000000000000002530345893
:10C8C40025303858000000002E2E2F73646B2F6320
:10C8D4006F6D706F6E656E74732F6C6962726172C6
:10C8E4006965732F757362642F6170705F7573620D
:10C8F400645F636C6173735F626173652E680000CB
:10C90400443A5C534750726F6A656374735C4E417A
:10C9140041544F535C56315C4F4449432D5245506A
:10C924004F2D47484C2D4E4141544F535C6170701C
:10C934006C69636174696F6E5C73646B5C636F6D67
:10C94400706F6E656E74735C6C6962726172696536
:10C95400735C757362645C636C6173735C64756D42
:10C964006D795C6170705F757362645F64756D6D21
:10C97400792E6300DFA1000001A200000000000086
:10C984000000000000000000443A5C534750726FFE
:10C994006A656374735C4E4141544F535C56315C19
:10C9A4004F4449432D5245504F2D47484C2D4E413D
:10C9B40041544F535C6170706C69636174696F6E4C
:10C9C4005C73646B5C696E746567726174696F6EC5
:10C9D4005C6E7266785C6C65676163795C6E7266C6
:10C9E4005F6472765F636C6F636B2E63000000009C
:10C9F400000000002E2E2F73646B2F696E74656720
:10CA0400726174696F6E2F6E7266782F6E726678BB
:10CA14005F676C75652E6800443A5C534750726FCB
:10CA24006A656374735C4E4141544F535C56315C88
:10CA34004F4449432D5245504F2D47484C2D4E41AC
:10CA440041544F535C6170706C69636174696F6EBB
:10CA54005C73646B5C6D6F64756C65735C6E72663D
:10CA6400785C647269766572735C7372635C6E720F
:10CA740066785F636C6F636B2E6300002E2E2F73DA
:10CA8400646B2F696E746567726174696F6E2F6E63
:10CA94007266782F6E7266785F676C75652E6800B3
:10CAA4002E2E2F73646B2F6D6F64756C65732F6EF0
:10CAB4007266782F68616C2F6E72665F6770696F3B
:10CAC4002E6800000000005000030050443A5C53FC
:10CAD4004750726F6A656374735C4E4141544F539F
:10CAE4005C56315C4F4449432D5245504F2D4748C5
:10CAF4004C2D4E4141544F535C6170706C696361BD
:10CB040074696F6E5C73646B5C6D6F64756C657374
:10CB14005C6E7266785C647269766572735C73725B
:10CB2400635C6E7266785F6770696F74652E63000C
:10CB34002E2E2F73646B2F696E746567726174692E
:10CB44006F6E2F6E7266782F6E7266785F676C7583
:10CB5400652E68002E2E2F73646B2F6D6F64756CB9
:10CB640065732F6E7266782F68616C2F6E72665FC4
:10CB7400706F7765722E6800443A5C534750726F49
:10CB84006A656374735C4E4141544F535C56315C27
:10CB94004F4449432D5245504F2D47484C2D4E414B
:10CBA40041544F535C6170706C69636174696F6E5A
:10CBB4005C73646B5C6D6F64756C65735C6E7266DC
:10CBC400785C647269766572735C7372635C6E72AE
:10CBD40066785F706F7765722E630000443A5C5329
:10CBE4004750726F6A656374735C4E4141544F538E
:10CBF4005C56315C4F4449432D5245504F2D4748B4
:10CC04004C2D4E4141544F535C6170706C696361AB
:10CC140074696F6E5C73646B5C6D6F64756C657363
:10CC24005C6E7266785C647269766572735C73724A
:10CC3400635C7072735C6E7266785F7072732E637D
:10CC4400000000002E2E2F73646B2F696E746567CD
:10CC5400726174696F6E2F6E7266782F6E72667869
:10CC64005F676C75652E68002E2E2F73646B2F6DB5
:10CC74006F64756C65732F6E7266782F68616C2FA4
:10CC84006E72665F6770696F2E680000443A5C5389
:10CC94004750726F6A656374735C4E4141544F53DD
:10CCA4005C56315C4F4449432D5245504F2D474803
:10CCB4004C2D4E4141544F535C6170706C696361FB
:10CCC40074696F6E5C73646B5C6D6F64756C6573B3
:10CCD4005C6E7266785C647269766572735C73729A
:10CCE400635C6E7266785F717370692E6300000016
:10CCF4000502000000000000000000000338FDD819
:10CD0400704700002E2E2F73646B2F696E74656755
:10CD1400726174696F6E2F6E7266782F6E726678A8
:10CD24005F676C75652E68002E2E2F73646B2F6DF4
:10CD34006F64756C65732F6E7266782F68616C2FE3
:10CD44006E72665F757362642E680000443A5C53C9
:10CD54004750726F6A656374735C4E4141544F531C
:10CD64005C56315C4F4449432D5245504F2D474842
:10CD74004C2D4E4141544F535C6170706C6963613A
:10CD840074696F6E5C73646B5C6D6F64756C6573F2
:10CD94005C6E7266785C647269766572735C7372D9
:10CDA400635C6E7266785F757362642E6300000064
:10CDB400A1EB0000D9EB0000C1EF0000CBEF0000B5
:10CDC400D7EF0000E3EF0000EFEF0000FBEF0000FF
:10CDD40007F0000013F00000D9F100001FF000007C
:10CDE4002BF0000035F0000041F000004DF0000091
:10CDF40059F0000065F0000071F000007DF00000C3
:10CE040089F0000095F00000BDF20000FDF1000083
:10CE140079F3000008010C011001140118011C0130
:10CE2400200124012C0100003001340138013C01AF
:10CE34004001440148014C01500100000001000080
:10CE440002030405060708090B0000000C0D0E0F71
:10CE540010111213140000002E2E2F73646B2F690F
:10CE64006E746567726174696F6E2F6E7266782F67
:10CE74006E7266785F676C75652E6800443A5C5321
:10CE84004750726F6A656374735C4E4141544F53EB
:10CE94005C56315C4F4449432D5245504F2D474811
:10CEA4004C2D4E4141544F535C6170706C69636109
:10CEB40074696F6E5C73646B5C6D6F64756C6573C1
:10CEC4005C6E7266785C647269766572735C7372A8
:10CED400635C6E7266785F74696D65722E630000C0
:10CEE4002E2E2F73646B2F696E746567726174697B
:10CEF4006F6E2F6E7266782F6E7266785F676C75D0
:10CF0400652E68002E2E2F73646B2F6D6F64756C05
:10CF140065732F6E7266782F68616C2F6E72665F10
:10CF240073616164632E6800443A5C534750726FC6
:10CF34006A656374735C4E4141544F535C56315C73
:10CF44004F4449432D5245504F2D47484C2D4E4197
:10CF540041544F535C6170706C69636174696F6EA6
:10CF64005C73646B5C6D6F64756C65735C6E726628
:10CF7400785C647269766572735C7372635C6E72FA
:10CF840066785F73616164632E6300000338FDD8C3
:10CF9400704700002E2E2F73646B2F696E746567C3
:10CFA400726174696F6E2F6E7266782F6E72667816
:10CFB4005F676C75652E68002E2E2F73646B2F6D62
:10CFC4006F64756C65732F6E7266782F68616C2F51
:10CFD4006E72665F6770696F2E680000443A5C5336
:10CFE4004750726F6A656374735C4E4141544F538A
:10CFF4005C56315C4F4449432D5245504F2D4748B0
:10D004004C2D4E4141544F535C6170706C696361A7
:10D0140074696F6E5C73646B5C6D6F64756C65735F
:10D024005C6E7266785C647269766572735C737246
:10D03400635C6E7266785F7477692E63000000002B
:10D0440048572054494D454F555420494E204932A4
:10D0540043205458205374617274204849540A0080
:10D0640048572054494D454F555420494E20493284
:10D0740043205258205374617274204849540A0062
:10D0840099280100B12801002E2E2F73646B2F6D97
:10D094006F64756C65732F6E7266782F68616C2F80
:10D0A4006E72665F6770696F2E6800000338FDD882
:10D0B400704700002E2E2F73646B2F696E746567A2
:10D0C400726174696F6E2F6E7266782F6E726678F5
:10D0D4005F676C75652E6800443A5C534750726F05
:10D0E4006A656374735C4E4141544F535C56315CC2
:10D0F4004F4449432D5245504F2D47484C2D4E41E6
:10D1040041544F535C6170706C69636174696F6EF4
:10D114005C73646B5C6D6F64756C65735C6E726676
:10D12400785C647269766572735C7372635C6E7248
:10D1340066785F7764742E63000000002E2E2F73D0
:10D14400646B2F696E746567726174696F6E2F6E9C
:10D154007266782F6E7266785F676C75652E6800EC
:10D164002E2E2F73646B2F6D6F64756C65732F6E29
:10D174007266782F68616C2F6E72665F6770696F74
:10D184002E680000443A5C534750726F6A656374BA
:10D19400735C4E4141544F535C56315C4F44494398
:10D1A4002D5245504F2D47484C2D4E4141544F531D
:10D1B4005C6170706C69636174696F6E5C73646BDD
:10D1C4005C6D6F64756C65735C6E7266785C6472BA
:10D1D40069766572735C7372635C6E7266785F7392
:10D1E40070696D2E630000002E2E2F73646B2F6DFB
:10D1F4006F64756C65732F6E7266782F68616C2F1F
:10D204006E72665F6770696F2E6800004E4141540C
:10D214004F53000053444300312E303000000000CF
:10D224004E6F72646963000051535049000000005E
:10D234005761726E696E673A20636F6E66696775CF
:10D24400726174696F6E2066696C65207761732002
:10D254006E6F742061626C6520746F206265207249
:10D264006561642E205573696E6720646566617517
:10D274006C7420636F6E66696775726174696F6E32
:10D2840020706172616D65746572732E0000000018
:10D294004572726F723A206379636C6520636F6EB6
:10D2A40066696775726174696F6E2066696C652062
:10D2B400776173206E6F742061626C6520746F20D7
:10D2C400626520726561642E0000000025303458C8
:10D2D40025303858000000004572726F723A20639E
:10D2E4006F6E66696775726174696F6E2066696CCA
:10D2F4006520776173206E6F742061626C652074A1
:10D304006F20626520726561642E00004572726F41
:10D31400723A206379636C6520636F6E6669677522
:10D32400726174696F6E2066696C657320776572CB
:10D3340065206E6F742061626C6520746F20626575
:10D3440020726561642E00004D41494E5F54415383
:10D354004B3A20556E61626C6520746F2073656E64
:10D36400642075706461746520636F6E66696720FC
:10D374007265717565737420746F20686561746576
:10D3840072527851756575652E0000005553423A06
:10D3940020556E61626C6520746F2073656E642025
:10D3A40075706461746520636F6E66696720726569
:10D3B400717565737420746F2073656E736F725228
:10D3C4007851756575652E0053544152545550314A
:10D3D400204750524547524554313D307825303826
:10D3E400782047504547524554323D3078253038EF
:10D3F4007800000053544152545550322047505243
:10D404004547524554313D307825303878204750CF
:10D414004547524554323D30782530387800000075
:10D424004D41494E3A20556E61626C6520746F20FF
:10D4340073656E642073656E736F722077616B65BC
:10D44400757020746F2073656E736F7252785175A6
:10D454006575652E000000004D41494E3A20556E19
:10D4640061626C6520746F2073656E642073656EF1
:10D47400736F722077616B65757020746F206D6FA8
:10D48400746F72527851756575652E004C4F475F05
:10D494005441534B3A20556E61626C6520746F2081
:10D4A40073656E642062617474657279207065724C
:10D4B40063656E7461676520726571756573742048
:10D4C400746F2062617474657279527851756575F0
:10D4D400652E00004D41494E5F5441534B3A20554F
:10D4E4006E61626C6520746F2073656E64206C6F6E
:10D4F400672073746172740D0A000000426F6F74C8
:10D50400205374617274696E672062617474657209
:10D514007920766F6C746167653A20002573253035
:10D524002E30326600000000426F6F7420504F5757
:10D5340045522E5245534554524541533D3078256A
:10D5440030387820524553455450494E3D25642087
:10D55400444F473D256420535245513D2564204C9A
:10D564004F434B55503D2564204F46463D2564208E
:10D574004C50434F4D503D2564204449463D25645D
:10D58400204E46433D256420564255533D256400B4
:10D59400426F6F74204750524547524554323A20E7
:10D5A4003078257820534E3A200000004D6163689E
:10D5B400696E6520497320496E204572726F72202E
:10D5C40053746174653A20307825303278202D20E8
:10D5D4004465766963652077696C6C206E6F74208E
:10D5E40073746172742072756E7300006D61696E7C
:10D5F4005F7461736B2067686C5F64656275673A1A
:10D60400206261747465727920766F6C74616765E9
:10D61400206D65617375726564206174206C657337
:10D6240073207468616E20312E3056202877617320
:10D6340020256656290000004261747465727920C1
:10D644006973206E6F77206F6B6179202861676141
:10D65400696E2920746F2073746172742063796316
:10D664006C653A202566207265636F766572795F12
:10D674007374617274696E675F766F6C74616765E9
:10D684003D25660042617474657279206973207463
:10D694006F6F206C6F7720746F20737461727420C5
:10D6A4006379636C653A200025732566206D696E85
:10D6B4005F7374617274696E675F766F6C746167AF
:10D6C400653D25660000000042617474657279202E
:10D6D4006F7665722074656D7065726174757265BC
:10D6E400206572726F723A0025732566000000008F
:10D6F4004D41494E3A20556E61626C6520746F202D
:10D70400726571756573742074656D70657261748A
:10D71400757265732066726F6D2073656E736F72B8
:10D72400527851756575652E000000004D41494ED3
:10D734005F5441534B3A20427574746F6E20636C8E
:10D7440069636B20696E2069646C65004D41494EC4
:10D754005F5441534B3A20556E61626C6520746F7F
:10D764002073656E642075736220636F6E6E6563EB
:10D7740074696F6E207265717565737420746F209F
:10D78400757362527851756575652E20000000002E
:10D794004D41494E5F5441534B3A20556E61626C82
:10D7A4006520746F207265636569766520757362A0
:10D7B40020636F6E6E656374696F6E207374617439
:10D7C40075732066726F6D206D61696E5F7573622B
:10D7D400436F6E6E5265637651756575652E2000D4
:10D7E4004D41494E5F5441534B3A204572726F721A
:10D7F40020726563656976696E67207377697463FF
:10D804006820646174612066726F6D206D61696E59
:10D814005F7377697463685175657565000000000E
:10D824004D41494E5F5441534B3A20416C657274EB
:10D834002054696D656F7574202D2025646D730007
:10D8440053656E736F723A20556E61626C65207415
:10D854006F2073656E642074696D657220757064E1
:10D8640061746520746F2073656E736F72527851A2
:10D87400756575652071756575652066726F6D20B7
:10D884006D61696E2E0000004D41494E5F54415355
:10D894004B3A20556E61626C6520746F2073656E1F
:10D8A400642075736220636F6E6E656374696F6E56
:10D8B400207265717565737420746F20757362527C
:10D8C4007851756575652E004D41494E5F5441533D
:10D8D4004B3A20556E61626C6520746F20726563EB
:10D8E400656976652075736220636F6E6E65637417
:10D8F400696F6E207374617475732066726F6D2026
:10D904006D61696E5F757362436F6E6E52656376A7
:10D9140051756575652E00004D41494E5F54415364
:10D924004B3A2053656E64696E67205553422063F9
:10D9340068616E676520726571756573742E000089
:10D944004D41494E5F5441534B3A20556E61626CD0
:10D954006520746F2073656E642075736220636F35
:10D964006D6D616E6420746F207573625F73746192
:10D9740074654368616E676551756575652E000051
:10D984004D41494E5F5441534B3A20556E61626C90
:10D994006520746F207265636569766520757362AE
:10D9A400206368616E676520636F6E6669726D617E
:10D9B40074696F6E2066726F6D206D61696E5F753C
:10D9C40073624368616E676564436F6E6651756523
:10D9D40075652E004D41494E5F5441534B3A2055D5
:10D9E4005342207374617465207375636365737344
:10D9F40066756C6C79206368616E6765642E0000DF
:10DA04004865617465725461736B00004572726F8E
:10DA140072206372656174696E67206865617465FC
:10DA240072207461736B2E204572726F723A2025D6
:10DA3400640000004C6F676765725461736B00008B
:10DA44004572726F72206372656174696E67206CCF
:10DA54006F67676572207461736B2E204572726FF5
:10DA6400723A20256400000053656E736F7273541C
:10DA740061736B004572726F7220637265617469C1
:10DA84006E672073656E736F7273207461736B2E8F
:10DA9400204572726F723A202564000042617474EA
:10DAA4006572795461736B004572726F7220637290
:10DAB400656174696E672062617474657279206D42
:10DAC400616E6167656D656E74207461736B2E2081
:10DAD4004572726F723A2025640000005553425417
:10DAE40061736B004572726F722063726561746951
:10DAF4006E6720757362206D616E6167656D656E1A
:10DB040074207461736B2E204572726F723A2025F3
:10DB140064000000436F6D706F7369746555534200
:10DB24005461736B000000004572726F722063725F
:10DB3400656174696E6720436F6D706F7369746596
:10DB440020555342207461736B2E204572726F729C
:10DB54003A2025640000000050574D5461736B0057
:10DB64004572726F72206372656174696E672050CA
:10DB7400574D207461736B2E204572726F723A2078
:10DB8400256400005744545461736B004572726FEE
:10DB940072206372656174696E67205744542074FF
:10DBA40061736B2E204572726F723A2025640000F7
:10DBB400427574746F6E5461736B00004572726FBA
:10DBC40072206372656174696E6720436F6D706F54
:10DBD4007369746520427574746F6E207461736B1D
:10DBE4002E204572726F723A202564004C6564548D
:10DBF40061736B004572726F722063726561746940
:10DC04006E6720436F6D706F73697465206C656413
:10DC14005461736B48616E646C65207461736B2E20
:10DC2400204572726F723A20256400004D6F746F44
:10DC3400725461736B0000004572726F72206372DC
:10DC4400656174696E67204D6F746F725461736B94
:10DC540048616E646C65207461736B2E204572722A
:10DC64006F723A2025640000434F4D525800000063
:10DC74004572726F72206372656174696E672053B6
:10DC8400657269616C5258207461736B2E20457201
:10DC9400726F723A20256400556E61626C6520745F
:10DCA4006F20637265617465206D61696E5F626186
:10DCB4007474657279446174615175657565207118
:10DCC4007565756500000000556E61626C652074B1
:10DCD4006F20637265617465206D61696E5F73772F
:10DCE400697463685175657565207175657565003E
:10DCF400556E61626C6520746F2063726561746532
:10DD0400206D61696E5F6D61696E537461746552F3
:10DD1400657370517565756520717565756500006D
:10DD2400556E61626C6520746F2063726561746501
:10DD3400206D61696E5F72756E52657370517565A1
:10DD4400756520717565756500000000556E61622A
:10DD54006C6520746F20637265617465206D616900
:10DD64006E5F72756E4572726F725175657565205E
:10DD74007175657565000000556E61626C6520748F
:10DD84006F20637265617465206D61696E5F727581
:10DD94006E436F6E6652657370517565756520715B
:10DDA4007565756500000000556E61626C652074D0
:10DDB4006F20637265617465206D61696E5F757350
:10DDC40062436F6E6E526563765175657565207139
:10DDD4007565756500000000556E61626C652074A0
:10DDE4006F20637265617465206D61696E5F757320
:10DDF400624368616E676564436F6E6651756575ED
:10DE04006520717565756500556E61626C65207479
:10DE14006F20637265617465206D61696E5F7761FF
:10DE24006B6575705461736B73517565756520719D
:10DE34007565756500000000556E61626C6520743F
:10DE44006F20637265617465206D61696E5F5365EF
:10DE54007269616C52585175657565207175657587
:10DE640065000000556E61626C6520746F206372FA
:10DE74006561746520686561746572527851756571
:10DE8400756520717565756500000000556E6162E9
:10DE94006C6520746F206372656174652073656EB0
:10DEA400736F725278517565756520717565756506
:10DEB40000000000556E61626C6520746F2063720F
:10DEC4006561746520626174746572795278517504
:10DED400657565207175657565000000556E616234
:10DEE4006C6520746F20637265617465206275745B
:10DEF400746F6E52785175657565207175657565B9
:10DF040000000000556E61626C6520746F206372BE
:10DF14006561746520757362527851756575652005
:10DF24007175657565000000556E61626C652074DD
:10DF34006F2063726561746520636F6D706F7369C0
:10DF440074655278517565756520717565756500E0
:10DF5400556E61626C6520746F20637265617465CF
:10DF6400206C6F676765725F726563764261747473
:10DF740050657263656E745175657565207175655C
:10DF840075650000556E61626C6520746F20637264
:10DF940065617465206C6F676765725F6C6F674D50
:10DFA4006573736167655175657565207175657510
:10DFB40065000000556E61626C6520746F206372A9
:10DFC40065617465207761746368646F675F7278F4
:10DFD40054696D65735175657565207175657565F1
:10DFE40000000000556E61626C6520746F206372DE
:10DFF4006561746520627574746F6E5F6D61696EBE
:10E0040053746174655175657565207175657565C1
:10E0140000000000556E61626C6520746F206372AD
:10E02400656174652070776D5278517565756520EA
:10E034007175657565000000556E61626C652074CC
:10E044006F20637265617465206C656452785175E4
:10E05400657565207175657565000000556E6162B2
:10E064006C6520746F20637265617465206D6169ED
:10E074006E5F736574506F696E7452656163686531
:10E084006420717565756500556E61626C652074F8
:10E094006F20637265617465206D6F746F7252785E
:10E0A40051756575652071756575650046726565A0
:10E0B40052544F5320537461636B204F76657266DC
:10E0C4006C6F7720486173204F6363757265642EAB
:10E0D40000000000443A5C534750726F6A656374F1
:10E0E400735C4E4141544F535C56315C4F44494339
:10E0F4002D5245504F2D47484C2D4E4141544F53BE
:10E104005C6170706C69636174696F6E5C73726377
:10E114005C6D61696E2E63004D61696E5461736B51
:10E12400000000004572726F722063726561746949
:10E134006E67206D61696E207461736B2E20457269
:10E14400726F723A202564004C4F475F5441534B21
:10E154003A20556E61626C6520746F2073656E643D
:10E16400205744542075706461746520746F20775F
:10E1740061746368646F675F727854696D65735125
:10E18400756575652E20696E206261747465727997
:10E19400207461736B0000004E4141544F530000E2
:10E1A40053444300312E3030000000004E6F72643F
:10E1B40069630000515350490000000042617474C7
:10E1C4006572793A20556E61626C6520746F2073B4
:10E1D400656E642074696D65722075706461746520
:10E1E40020746F2062617474657279527851756518
:10E1F40075652071756575652E00000043616E6E4E
:10E204006F74206368616E676520706572696F64FE
:10E21400206F6620626174746572792074696D651B
:10E22400722E00004661696C656420746F207374FB
:10E234006172742073656E736F722074696D657298
:10E244002E0000004661696C656420746F2073744D
:10E254006F702073656E736F722074696D65722EB2
:10E26400000000004261747465727954696D6572CE
:10E2740000000000556E61626C6520746F20527856
:10E28400206461746120746F2073656E736F7220F3
:10E2940071756575650000004C4F475F5441534BE1
:10E2A4003A20556E61626C6520746F2073656E64EC
:10E2B400205744542075706461746520746F20770E
:10E2C40061746368646F675F727854696D657351D4
:10E2D400756575652E20696E206261747465727946
:10E2E400207461736B000000424154545F544153E5
:10E2F4004B3A2057617320756E61626C6520746FB0
:10E304002073656E6420626174746572792070652F
:10E314007263656E7461676520746F206D61696EE8
:10E324002071756575652E204572726F723A256489
:10E3340000000000424154545F5441534B3A20576B
:10E34400617320756E61626C6520746F2073656EF5
:10E3540064206261747465727920696E666F726D8F
:10E364006174696F6E20746F206C6F6767657220CB
:10E3740071756575650000005553423A20556E610C
:10E38400626C6520746F2073656E64206D61696EC4
:10E3940020737461746520726573706F6E73652089
:10E3A400746F206D61696E5F6D61696E5374617421
:10E3B4006552657370517565756520717565756510
:10E3C4002E00000001010000010100000101000015
:10E3D4004E4141544F53000053444300312E3030DA
:10E3E400000000004E6F726469630000515350498D
:10E3F400000000005553425F5441534B3A20556E80
:10E4040061626C6520746F2073656E642063686557
:10E41400636B20636F6E6E656374696F6E206672E2
:10E424006F6D2074696D65722E00000043616E6E1D
:10E434006F74206368616E676520706572696F64CC
:10E44400206F66207573622074696D65722E2000DA
:10E454004661696C656420746F2073746172742002
:10E464007573622074696D65722E20004661696C53
:10E47400656420746F2073746F70207573622074E8
:10E48400696D65722E200000434F4D504F5349541F
:10E49400455F5441534B3A20556E61626C6520745C
:10E4A4006F2073656E6420636F6E74696E7565208A
:10E4B40066726F6D2074696D65722E0043616E6EB5
:10E4C4006F74206368616E676520706572696F643C
:10E4D400206F6620636F6D706F7369746520757348
:10E4E400622074696D65722E200000004661696CBB
:10E4F400656420746F20737461727420636F6D702F
:10E504006F73697465207573622074696D65722E0A
:10E51400200000004661696C656420746F20737488
:10E524006F7020636F6D706F7369746520757362AB
:10E534002074696D65722E20000000005553425FFF
:10E544005441534B3A20556E61626C6520746F20C0
:10E5540073656E6420757362206368616E676564B9
:10E5640020726573706F6E736520746F206D6169BE
:10E574006E5F7573624368616E676564436F6E6650
:10E5840051756575652E0000443A5C534750726FAF
:10E594006A656374735C4E4141544F535C56315CFD
:10E5A4004F4449432D5245504F2D47484C2D4E4121
:10E5B40041544F535C6170706C69636174696F6E30
:10E5C4005C7372635C7573622E630000434F4D206D
:10E5D400706F7274206F70656E65642E00000000A9
:10E5E400434F4D20706F727420636C6F7365642E9B
:10E5F40000000000434F4D20706F72742052582069
:10E604006C696E65627566666572206973206669F9
:10E614006C6C696E67207570206265206361726539
:10E6240066756C2E2E2E00005553425F4344433AC8
:10E6340020556E61626C6520746F2073656E642072
:10E6440055534220434F4D20504F5254206C696E15
:10E6540065206461746120746F206D61696E5F531D
:10E66400657269616C525851756575652E000000BC
:10E674005553423A2053757370656E6465640000A7
:10E684005553423A20526573756D6564000000006D
:10E694005553423A2053746172746564000000005B
:10E6A4005553423A2053746F707065640000000043
:10E6B4005553423A20506F776572206465746563E0
:10E6C400746564005553423A20506F776572207226
:10E6D400656D6F76656400005553423A205265615A
:10E6E400647900005553423A20556E61626C65208E
:10E6F400746F2073656E6420757362207375737014
:10E70400656E64207265717565737420746F20730F
:10E71400656E736F72527851756575652E000000D1
:10E724005553423A20556E61626C6520746F2072B5
:10E734006563656976652066726F6D207573625FC7
:10E74400726563765573625761697441636365707A
:10E754007451756575652071756575652E000000C9
:10E764005553423A2052657374617274696E67201E
:10E7740055534220746F206F6E6C79206861766502
:10E78400205669727475616C20434F4D20506F722E
:10E79400742E0000436F6D706F7369746555534236
:10E7A40054696D6572000000434F4D504F534954F6
:10E7B400455F5441534B3A20556E61626C65207439
:10E7C4006F207265636569766520636F6E74696E28
:10E7D40075652066726F6D20636F6D706F736974F9
:10E7E400652074696D6572005553423A20556E6117
:10E7F400626C6520746F2072656365697665207547
:10E8040073622077616974206F7665722066726F17
:10E814006D207573625F757362576169744F7665B5
:10E8240072517565756500005553423A20626174F2
:10E8340074657279207461736B2073757370656E7F
:10E8440073696F6E206F7665722E00005553423ADD
:10E8540020686561746572207461736B20737573CD
:10E8640070656E73696F6E206F7665722E0000009E
:10E874005553423A2070776D207461736B20737521
:10E884007370656E73696F6E206F7665722E00000B
:10E894005553423A2073656E736F72207461736BC3
:10E8A4002073757370656E73696F6E206F76657211
:10E8B4002E00000055534254696D6572000000003B
:10E8C4005553425F5441534B3A20556E61626C6517
:10E8D40020746F20726563696576652075736220A4
:10E8E4006D6573736167652066726F6D2075736201
:10E8F400527851756575652E000000005553425FCE
:10E904005441534B3A20556E61626C6520746F20FC
:10E9140073656E642075736220636F6E6E656374D5
:10E92400696F6E2073746174757320746F206D61E8
:10E93400696E5F757362436F6E6E5265637651756F
:10E944006575652E000000005553425F5441534BDA
:10E954003A20556E61626C6520746F2073656E6435
:10E9640020757064617465642075736220636F6ED2
:10E974006E656374696F6E20737461746520746F5F
:10E98400206D61696E5F757362436F6E6E5265636D
:10E994007651756575650000C8C10200E8E30200A0
:10E9A400F0E30200E0E302000002000001000000C6
:10E9B40000000000031E0506070800000000010017
:10E9C400000F0600980D00203C260020D4BF020052
:10E9D40001020203830200003C1E00200004000028
:10E9E400020000009000002001000000095B01000B
:10E9F40006500000C8260020ACC802000200010630
:10EA04000102048281010000000001018101000073
:10EA1400C1580100940000205027002078C902004A
:10EA2400010200000000000000000000D1590100B4
:10EA340000000000443A5C534750726F6A65637487
:10EA4400735C4E4141544F535C56315C4F444943CF
:10EA54002D5245504F2D47484C2D4E4141544F5354
:10EA64005C6170706C69636174696F6E5C7372630E
:10EA74005C6164632E63000000000000020000017A
:10EA840000000000010006002E2E2F73646B2F6D12
:10EA94006F64756C65732F6E7266782F68616C2F66
:10EAA4006E72665F6770696F2E6800004E41415454
:10EAB4004F53000053444300312E30300000000017
:10EAC4004E6F7264696300005153504900000000A6
:10EAD400493243206572726F72207265636F766586
:10EAE4007279206F6E20696E746572666163653A2F
:10EAF4002025692074616C6B696E6720746F2073C4
:10EB04006C6176652030782530327800443A5C5365
:10EB14004750726F6A656374735C4E4141544F533E
:10EB24005C56315C4F4449432D5245504F2D474864
:10EB34004C2D4E4141544F535C6170706C6963615C
:10EB440074696F6E5C7372635C6932635F68616C75
:10EB54005F6672656572746F732E63000000000057
:10EB64000030004000000000000000000100000030
:10EB74000040004001000000000000004932432032
:10EB840052656164206572726F7220686974203303
:10EB940000000000000000004E4141544F530000AB
:10EBA40053444300312E3030000000004E6F726435
:10EBB400696300005153504900000000556E6162C2
:10EBC4006C6520746F2069326320636F6D6D756EA0
:10EBD400696361746520776974682063616C656E2C
:10EBE400646172206368697021000000474F5420FB
:10EBF400424144205254432054494D45203230254B
:10EC04003032642D253032642D2530326420253095
:10EC140032643A253032643A2530326420726574A5
:10EC2400726965733D25642F3200000043414C2016
:10EC34004354524C313D3078253032780000000086
:10EC440043414C204354524C312072656164206529
:10EC540072726F720000000043414C203034685FD0
:10EC64005345434F4E44533D3078253032780000AD
:10EC740043414C203034685F5345434F4E44532046
:10EC840072656164206572726F7200002E2E2F739C
:10EC9400646B2F6D6F64756C65732F6E7266782F5D
:10ECA40068616C2F6E72665F6770696F2E68000012
:10ECB4004E4141544F53000053444300312E3030F1
:10ECC400000000004E6F72646963000051535049A4
:10ECD400000000004E4141544F5300005344430090
:10ECE400312E3030000000004E6F72646963000002
:10ECF4005153504900000000556E61626C652074E8
:10ED04006F205278206461746120746F2073656E83
:10ED1400736F7220717565756500000048616E64DB
:10ED24006C696E6720756E6B6E6F776E206C6564B0
:10ED3400207374617465000053454E534F52533A27
:10ED440020556E61626C6520746F2073656E64205B
:10ED54007573622073757370656E64206163636597
:10ED640070742066726F6D207573625F726563766E
:10ED74005573625761697441636365707451756555
:10ED84007565000000000000FFAAAA00FF00000053
:10ED940000FF00000000FF00FF780000FF001000EB
:10EDA4004E4141544F53000053444300312E303000
:10EDB400000000004E6F72646963000051535049B3
:10EDC40000000000443A5C534750726F6A656374F4
:10EDD400735C4E4141544F535C56315C4F4449433C
:10EDE4002D5245504F2D47484C2D4E4141544F53C1
:10EDF4005C6170706C69636174696F6E5C7372637B
:10EE04005C7761746368646F672E630001000000BF
:10EE1400D00700000600000047484C204442472029
:10EE24002D2053575761746368646F672045787069
:10EE340069726564202D2D3E204845415445520099
:10EE440047484C20444247202D2053575761746350
:10EE540068646F672045787069726564202D2D3E63
:10EE640020424154544552590000000047484C2068
:10EE7400444247202D2053575761746368646F6779
:10EE84002045787069726564202D2D3E204D4149DE
:10EE94004E0000004C4F475F5441534B3A20556E8F
:10EEA40061626C6520746F2073656E6420574454EE
:10EEB4002075706461746520746F20776174636871
:10EEC400646F675F727854696D65735175657565B4
:10EED4002E20696E20626174746572792074617386
:10EEE4006B00000001000000D007000006000000D5
:10EEF4002E2E2F73646B2F6D6F64756C65732F6E7C
:10EF04007266782F68616C2F6E72665F6770696FC6
:10EF14002E6800005357495443485F5441534B3AB9
:10EF240020556E61626C6520746F2073656E642079
:10EF3400746F20627574746F6E5F6D61696E537463
:10EF440061746551756575652E0000005357495409
:10EF540043485F5441534B3A20556E61626C6520BF
:10EF6400746F2073656E642074696D6572207570AA
:10EF74006461746520746F20627574746F6E527866
:10EF840051756575652071756575652E0000000005
:10EF94005357495443485F5441534B3A2043616E9D
:10EFA4006E6F74206368616E676520706572696F47
:10EFB40064206F6620627574746F6E2074696D6569
:10EFC400722E20005357495443485F5441534B3ADF
:10EFD400204661696C656420746F20737461727477
:10EFE40020627574746F6E2074696D65722E2000D2
:10EFF4004661696C656420746F2073746F7020625D
:10F004007574746F6E2074696D65722E2000000033
:10F014005357495443485F5441534B3A3A20556E31
:10F0240061626C6520746F2073656E642074696D11
:10F0340065722075706461746520746F20627574E4
:10F04400746F6E5278517565756520717565756557
:10F054002E000000427574746F6E54696D65720001
:10F06400556E61626C6520746F20527820646174FF
:10F074006120746F20627574746F6E20717565758C
:10F08400650000005357495443485F5441534B3A79
:10F0940020556E61626C6520746F2073656E642008
:10F0A4007461736B732077616B6520757020746F66
:10F0B400206D61696E5F77616B6575705461736B08
:10F0C4007351756575652E00030002004E4141546D
:10F0D4004F53000053444300312E303000000000F1
:10F0E4004E6F726469630000515350490000000080
:10F0F40053656E736F723A20556E61626C6520744D
:10F104006F2073656E642074696D65722075706418
:10F1140061746520746F2073656E736F72527851D9
:10F12400756575652071756575652E2066726F6DE0
:10F134002074656D702063616C6C6261636B0D0A91
:10F144000000000043616E6E6F74206368616E6737
:10F154006520706572696F64206F662073656E73D5
:10F164006F722074696D65722E200A004661696CA5
:10F17400656420746F2073746172742073656E7398
:10F184006F722074696D65722E200D0A00000000F4
:10F194004661696C656420746F2073746F702073AA
:10F1A400656E736F722074696D65722E200D0A008E
:10F1B40053656E736F7254656D7054696D6572003A
:10F1C400556E61626C6520746F205278206461749E
:10F1D4006120746F2073656E736F7220717565752D
:10F1E400650D0A005553423A20556E61626C6520E4
:10F1F400746F2073656E64206D61696E2073746131
:10F20400746520726573706F6E736520746F206D02
:10F2140061696E5F6D61696E537461746552657383
:10F224007051756575652071756575652E0D0A00DB
:10F2340053454E534F52533A20556E61626C6520CC
:10F24400746F2073656E64207573622073757370B8
:10F25400656E64206163636570742066726F6D20EF
:10F264007573625F72656376557362576169744141
:10F27400636365707451756575650D0A000000005F
:10F2840053454E534F52533A20556E61626C65207C
:10F29400746F2073656E6420757362207375737068
:10F2A400656E64206F76657220746F207573625F7B
:10F2B400757362576169744F7665725175657565CA
:10F2C4000D0A0000040100000401000048616C20E4
:10F2D40073656E736F7220747269676765726564B3
:10F2E400210D0A0048616C2073656E736F72206E85
:10F2F4006F206C6F6E6765722074726967676572E0
:10F304006564210D0A0000004661696C656420741F
:10F314006F20726561642074656D706572617475C7
:10F3240072652073616D706C65210D0A0000000028
:10F3340054656D706572617475726520726561647F
:10F34400696E67206661696C6564206D6F72652003
:10F354007468616E20362074696D657320696E204F
:10F364006120726F77210D0A0000000053454E534F
:10F374004F52535F5441534B3A20556E61626C6552
:10F3840020746F2073656E642073776974636820DA
:10F394006461746120696E206D61696E5F73776961
:10F3A40074636851756575652E0D0A0053454E5397
:10F3B4004F52535F5441534B3A20556E61626C6512
:10F3C40020746F2073656E642074656D706572615E
:10F3D40074757265206461746120696E206865616A
:10F3E400746572527851756575652E204572726F19
:10F3F400723A2025640D0A004845415445525F5431
:10F4040041534B3A20556E61626C6520746F2074D1
:10F414007269676765722074656D70657261747571
:10F42400726520636F6E76657273696F6E210D0A63
:10F43400000000004845415445525F5441534B3A43
:10F4440020556E61626C6520746F20726561642062
:10F4540074656D70657261747572652120310D0A71
:10F46400000000002E2E2F73646B2F6D6F64756C7B
:10F4740065732F6E7266782F68616C2F6E72665F8B
:10F484006770696F2E680000443A5C534750726F8E
:10F494006A656374735C4E4141544F535C56315CEE
:10F4A4004F4449432D5245504F2D47484C2D4E4112
:10F4B40041544F535C6170706C69636174696F6E21
:10F4C4005C7372635C6D6F746F722E630000000076
:10F4D40000900040010400002E2E2F73646B2F6DEA
:10F4E4006F64756C65732F6E7266782F68616C2F0C
:10F4F4006E72665F6770696F2E6800004E414154FA
:10F504004F53000053444300312E303000000000BC
:10F514004E6F72646963000051535049000000004B
:10F524004845415445525F5441534B3A20556E610E
:10F53400626C6520746F2073656E64206865617405
:10F54400657220737461746520746F2073656E73C3
:10F554006F72527851756575652E00006865617427
:10F5640065723A20556E61626C6520746F20736514
:10F574006E642073746F7020746F2070776D52788E
:10F5840051756575652E00004C4F475F5441534BD0
:10F594003A20556E61626C6520746F2073656E64E9
:10F5A400205744542075706461746520746F20770B
:10F5B40061746368646F675F727854696D657351D1
:10F5C400756575652E20696E206261747465727943
:10F5D400207461736B0000004845415445525F54E8
:10F5E40041534B3A20556E61626C6520746F2073F1
:10F5F400656E6420686561746572207374617465F6
:10F6040020746F206D6F746F7252785175657565D3
:10F614002E0000004845415445525F5441534B3A33
:10F6240020556E61626C6520746F2073656E642072
:10F6340073657420706F696E7420726561636865A8
:10F6440064206D6573736167652E000048454154FD
:10F6540045525F5441534B3A20556E61626C6520AC
:10F66400746F2073656E642072756E206572726F9C
:10F674007220666F722067726561746572207468A7
:10F68400616E206D61782074656D7020746F206DDB
:10F6940061696E5F72756E4572726F7251756575D0
:10F6A400652E000053454E534F52535F5441534B04
:10F6B4003A20556E61626C6520746F2073656E64C8
:10F6C400206C6F67206D65737361676520746F20AC
:10F6D4006C6F676765725F6C6F674D6573736167A5
:10F6E4006551756575652E004845415445525F5412
:10F6F40041534B3A20556E61626C6520746F2073E0
:10F70400656E642072756E206572726F7220666F0A
:10F7140072206D6F746F72207374616C6C656420F9
:10F72400746F206D61696E5F72756E4572726F726F
:10F7340051756575652E00004845415445525F5426
:10F7440041534B3A20556E61626C6520746F20738F
:10F75400656E642063616E207374617274207275C7
:10F764006E20726573706F6E73652E000200000068
:10F774000000000000000000000000000000000085
:10F784000300000000000000000000000000000072
:10F79400000000004E4141544F53000053444300C5
:10F7A400312E3030000000004E6F72646963000037
:10F7B40051535049000000004C4F475F5441534B94
:10F7C4003A20556E61626C6520746F2073656E64B7
:10F7D400205744542075706461746520746F2077D9
:10F7E40061746368646F675F727854696D6573519F
:10F7F400756575652E20696E206261747465727911
:10F80400207461736B000000556E61626C65207436
:10F814006F205278206461746120746F2068656180
:10F824007465722071756575650000004845415422
:10F8340045525F5441534B3A20556E61626C6520CA
:10F84400746F2073656E642072756E206572726FBA
:10F854007220666F722067726561746572207468C5
:10F86400616E206D61782074656D7020746F206DF9
:10F8740061696E5F72756E4572726F7251756575EE
:10F88400652E00004845415445525F5441534B3A5C
:10F8940020556E61626C6520746F2073656E642000
:10F8A40072756E20726573706F6E736520746F204D
:10F8B4006D61696E5F72756E436F6E6652657370CB
:10F8C40051756575652E00004E4141544F5300003B
:10F8D40053444300312E3030000000004E6F7264F8
:10F8E4006963000051535049000000004C4F475FCA
:10F8F4005441534B3A20556E61626C6520746F20FD
:10F9040073656E64206261747465727920706572C7
:10F9140063656E74616765207265717565737420C3
:10F92400746F20626174746572795278517565756B
:10F93400652E00004C4F475F5441534B3A20556E9F
:10F9440061626C6520746F206765742062617474F1
:10F954006572792070657263656E7461676520668F
:10F96400726F6D20626174746572795F726571750E
:10F9740065737450657263656E7451756575652E33
:10F98400000000004C4F475F5441534B3A20556EE2
:10F9940061626C6520746F206765742074696D659D
:10F9A40020666F72206C6F672066696C65206E61DB
:10F9B4006D652100756E6B6E6F776E2E63737600C6
:10F9C40073616D706C655F253032642D253032644F
:10F9D4002D253032645F2530326425303264253081
:10F9E40032642E63737600004C4F475F5441534B8F
:10F9F4003A205761726E696E6721204C6F672066EA
:10FA0400696C652077697468206E616D6520616C2E
:10FA140072656164792065786973742C2077696CE8
:10FA24006C206265206F7665727772697474696E92
:10FA34006720746861742066696C652E000000009C
:10FA44004C4F475F5441534B3A20556E61626C658D
:10FA540020746F20637265617465206C6F67206623
:10FA6400696C6520666F722063757272656E7420AE
:10FA740073616D706C652070726570657261746914
:10FA84006F6E2E004C4F475F5441534B3A20556ED6
:10FA940061626C6520746F20726574726569766545
:10FAA4002074696D652100004C4F475F5441534BEE
:10FAB4003A20556E61626C6520746F2077726974A8
:10FAC40065206C617374206C6F67206C696E6521AE
:10FAD40000000000253032643A253032643A253083
:10FAE4003264202D2025730A000000004D41494E48
:10FAF4005F5441534B3A20556E61626C6520746FBC
:10FB04002073656E64206576656E74206C6F672063
:10FB14006D6573736167652E0000000025730D0A1F
:10FB2400000000004D41494E5F5441534B3A20556B
:10FB34006E61626C6520746F2073656E6420646509
:10FB4400627567206C6F67206D6573736167652EDE
:10FB5400000000003230253032642D253032642D0F
:10FB64002530326420253032643A253032643A2517
:10FB74003032642C25302E32662C25302E32662C01
:10FB840025302E32662C25302E32662C25642C2509
:10FB9400302E32662C25302E32660D0A000000000D
:10FBA4003230253032642D253032642D25303264D4
:10FBB40020253032643A253032643A253032642CC0
:10FBC40025302E32662C25302E32662C25302E32EE
:10FBD400662C25302E32662C25642C25302E326678
:10FBE4002C25302E32662C25730D0A002E2E2F73F1
:10FBF400646B2F6D6F64756C65732F6E7266782FEE
:10FC040068616C2F6E72665F6770696F2E680000A2
:10FC1400443A5C534750726F6A656374735C4E4137
:10FC240041544F535C56315C4F4449432D52455027
:10FC34004F2D47484C2D4E4141544F535C617070D9
:10FC44006C69636174696F6E5C7372635C70776D09
:10FC54005C70776D2E63000021000000FFFFFFFF42
:10FC64000000000001000000881300001A000000DA
:10FC7400FFFFFFFF0000000001000000640000001F
:10FC84005553423A20556E61626C6520746F20733F
:10FC9400656E64206D61696E207374617465207291
:10FCA4006573706F6E736520746F206D61696E5F2C
:10FCB4006D61696E537461746552657370517565D5
:10FCC40075652071756575652E000000556E61625D
:10FCD4006C6520746F205278206461746120746FA5
:10FCE4002073656E736F7220717565756500000011
:10FCF40000800040000400003C290020F4FC0200C5
:10FD040000A00040020400006029002004FD02005D
:10FD14004E4141544F53000053444300312E303080
:10FD2400000000004E6F7264696300005153504933
:10FD3400000000004C4F475F5441534B3A20556E2E
:10FD440061626C6520746F2073656E6420626174F7
:10FD5400746572792070657263656E74616765207D
:10FD64007265717565737420746F20626174746553
:10FD74007279527851756575652E0D0A0000000080
:10FD84004D41494E5F5441534B3A20556E61626C6C
:10FD94006520746F2073656E6420737461727420BF
:10FDA400616D706C696669636174696F6E207A6FE6
:10FDB4006E65206576656E7420746F206C6F67675E
:10FDC400696E67207461736B2E0D0A004359434CAE
:10FDD400455F46534D3A20537461727475702073B5
:10FDE400746174652C2072756E4572726F725175F0
:10FDF400657565206861732025642077616974697D
:10FE04006E67206D657373616765732E20436F6E33
:10FE140073756D65207468656D206E6F772E0000B4
:10FE24004359434C455F46534D3A205374617274B1
:10FE340075702073746174652C206D61696E5F73D5
:10FE44006574506F696E7452656163686564206897
:10FE540061732025642077616974696E67206D651C
:10FE64007373616765732E20436F6E73756D6520C0
:10FE74007468656D206E6F772E0000004D41494E09
:10FE84005F5441534B3A20556E61626C6520746F28
:10FE940020626567696E2073616D706C6520727590
:10FEA4006E2C2074656D7065726174757265732053
:10FEB40068617665206E6F7420796574207374614F
:10FEC40062616C697A65642E0D0A00004D41494EE9
:10FED4005F5441534B3A20556E61626C6520746FD8
:10FEE4002073656E642072616D705F746F5F7465FA
:10FEF4006D705F636F6D706C6574655F6C6F675F69
:10FF04006D736720696E74657272757074696F6E53
:10FF1400206576656E7420746F206C6F6767696EF8
:10FF240067207461736B2E0052756E20636F6D7061
:10FF34006C6574652E2065787065637465645F73A1
:10FF440065633D2567207469636B5F64656C7461E8
:10FF54005F7365633D2567207274635F64656C74C9
:10FF6400615F7365633D256700000000457869742F
:10FF7400696E6720776974682053696E676C65479A
:10FF84007265656E486F6C640000000045786974A2
:10FF9400696E6720776974682053696E676C655968
:10FFA400656C6C6F7700000045786974696E672032
:10FFB400776974682053696E676C65526564206163
:10FFC4006E642053616D706C65496E76616C696412
:10FFD4006174656400000000426174746572792084
:10FFE40050657263656E74616765206C6F776572C6
:0CFFF400207468616E20746865207265DE
:020000023000CC
:10000000636F76657279207468726573686F6C646B
:100010002E2043686172676520426174746572794D
:10002000213A2000257325640000000048414C4C13
:100030002073656E736F7220696E7465727275706D
:100040007465642E000000004379636C6520636171
:100050006E636C65642076696120627574746F6E7E
:1000600020636C69636B2E00426174746572792041
:100070006F7665722074656D7065726174757265F6
:10008000206572726F723A002573256600000000C9
:1000900053616D706C65206F7665722074656D704C
:1000A00065726174757265206572726F720000000E
:1000B000257300005A6F6E652054656D706572611E
:1000C000747572657320617265206E6F742062654D
:1000D0006C6F7720746865206D696E696D756D2031
:1000E00072756E2074656D70657261747572652EBF
:1000F0002041626F7274696E672072756E2E000007
:1001000052616D7020746F2074656D702074696D1C
:100110006564206F75742E2053746F7070696E67FC
:10012000206379636C652E0053616D706C65206986
:1001300073206E6F206C6F6E6765722076616C69DC
:10014000642064756520746F2074696D656F7574C3
:100150002E0000004932432073656E736F72207267
:10016000656164206572726F720000004D6F746F7C
:1001700072207374616C6C6564206465746563746B
:1001800065642064756520746F2064726F702069E7
:100190006E206D6F746F722073706565642E000041
:1001A0004D6F746F72207374616C6C65642064654C
:1001B0007465637465642064756520746F20616E76
:1001C00020696E63726561736520696E2050574DBA
:1001D0002E00000043616E6E6F742072756E206495
:1001E000756520746F20756E68616E646C6564203F
:1001F000666C6167732E2072756E666C6167733D05
:1002000030782578206D616368696E653D307825AA
:10021000780000004379636C652072756E20746904
:100220006D65206572726F722077617320626579E7
:100230006F6E642074686520636F6E66696775729F
:100240006564207468726573686F6C64206F6620E3
:100250002567207365636F6E64730000546F74616B
:100260006C2072756E2074696D652074616B656EAB
:10027000206572726F7220776173206265796F6E8C
:10028000642074686520636F6E6669677572656463
:10029000207468726573686F6C64206F66202567D0
:1002A000207365636F6E64730000000043617567BF
:1002B00068742074696D652D6572726F7220626555
:1002C000796F6E642025672073656320626574779B
:1002D00065656E20525443656C61707365645F732D
:1002E0003A25672026205449434B656C617073653D
:1002F000645F733A2567207768696C65206379636A
:100300006C655F72756E5F74696D655F7320776190
:10031000732025672073656300000000416E20751F
:100320006E6B6E6F776E206572726F72206861738C
:10033000206F6363757265642E0000004D41494E65
:100340005F5441534B3A20556E61626C6520746F67
:100350002073656E642073746172742068656174C3
:100360006572207A6F6E6520726571756573742E83
:100370000A0000004379636C652025642053746192
:10038000727465642E2072756E74696D655F733D5D
:100390002567207469636B733D256C7520727463E7
:1003A0003D256C75000000004D41494E5F5441539E
:1003B0004B3A20556E61626C6520746F2073656ED8
:1003C0006420737461727420686561746572207A48
:1003D0006F6E65206576656E7420746F206C6F6734
:1003E00067696E67207461736B2E0A004D41494E38
:1003F0005F5441534B3A20556E61626C6520746FB7
:100400002072656365697665207468652073746120
:1004100072742072756E20726573706F6E736520D2
:1004200066726F6D206D61696E5F73746172745274
:10043000756E52657370517565756520717565755A
:10044000652E0A000500000000000000000000000A
:10045000000000000000000000000000000000009C
:10046000000000000000000000000000000000008C
:10047000000000000000000000000000000000007C
:10048000000000000000000000000000000000006C
:10049000000000000000000000000000000000005C
:1004A000000000000000000000000000000000004C
:1004B000000000000000000000000000000000003C
:1004C000000000000000000000000000000000002C
:1004D000000000000000000000000000000000001C
:1004E000000000000000000000000000000000000C
:1004F00000000000000000000000000000000000FC
:1005000000000000000000000000000000000000EB
:1005100000000000000000000000000000000000DB
:1005200000000000000000000000000000000000CB
:1005300000000000000000000000000000000000BB
:1005400000000000000000004D41494E5F5441533F
:100550004B3A20556E61626C6520746F2073656E36
:10056000642073746F7020686561746572207A6F9F
:100570006E6520726571756573742E0D0A0000003A
:100580004379636C652025642053746F70706564D3
:100590002E20493243455252434F554E543D257506
:1005A0002065787065637465645F7365633D256776
:1005B000207469636B5F64656C74615F7365633D30
:1005C0002567207274635F64656C74615F73656333
:1005D0003D2567004379636C652025642053746F63
:1005E00070706564206561726C792E2049324345D4
:1005F0005252434F554E543D257500004D41494ED2
:100600005F5441534B3A20556E61626C6520746FA4
:100610002073656E642073746F7020686561746503
:1006200072207A6F6E65206576656E7420746F2017
:100630006C6F6767696E67207461736B2E0D0A00BB
:100640004D41494E5F5441534B3A20556E61626CA7
:100650006520746F207265636569766520746865CE
:100660002073746172742072756E20726573706F7E
:100670006E73652066726F6D206D61696E5F737455
:1006800061727452756E526573705175657565202F
:1006900071756575652E0D0A0000000006000000EA
:1006A000000000000000000000000000000000004A
:1006B000000000000000000000000000000000003A
:1006C000000000000000000000000000000000002A
:1006D000000000000000000000000000000000001A
:1006E000000000000000000000000000000000000A
:1006F00000000000000000000000000000000000FA
:1007000000000000000000000000000000000000E9
:1007100000000000000000000000000000000000D9
:1007200000000000000000000000000000000000C9
:1007300000000000000000000000000000000000B9
:1007400000000000000000000000000000000000A9
:100750000000000000000000000000000000000099
:100760000000000000000000000000000000000089
:100770000000000000000000000000000000000079
:100780000000000000000000000000000000000069
:100790000000000000000000000000000000000059
:1007A0004D41494E5F5441534B3A20556E61626C46
:1007B0006520746F20726563656976652072756E59
:1007C000206572726F722066726F6D206D61696E46
:1007D0005F72756E4572726F7251756575652071C5
:1007E000756575652E0D0A00000000000000000010
:1007F00000000000000000000000000000000000F9
:1008000000000000000000000000000000000000E8
:1008100000000000000000000000000000000000D8
:1008200000000000000000000000000000000000C8
:1008300000000000000000000000000000000000B8
:1008400000000000000000000000000000000000A8
:100850000000000000000000000000000000000098
:100860000000000000000000000000000000000088
:100870000000000000000000000000000000000078
:100880000000000000000000000000000000000068
:100890000000000000000000000000000000000058
:1008A0000000000000000000000000000000000048
:1008B0000000000000000000000000000000000038
:1008C0000000000000000000000000000000000028
:1008D0000000000000000000000000000000000018
:1008E0000000000000000000000000000000000008
:1008F00000000000000000000000000000000000F8
:1009000002000000000000000000000000000000E5
:10091000000000000C52616D7020746F2074656DD2
:100920007020636F6D706C6574652E0000000000B0
:1009300000000000000000000000000000000000B7
:1009400000000000000000000000000000000000A7
:100950000000000000000000000000000000000097
:100960000000000000000000000000000000000087
:100970000000000000000000000000000000000077
:100980000000000000000000000000000000000067
:100990000000000000000000000000000000000057
:1009A0000000000000000000000000000000000047
:1009B0000000000000000000000000000000000037
:1009C0000000000000000000000000000000000027
:1009D0000000000000000000000000000000000017
:1009E0000000000000000000000000000000000007
:1009F00000000000000000000000000000000000F7
:100A000000000000000000000000000000000000E6
:100A100000000000000000000100000001010000D3
:100A20004E4141544F53000053444300312E303067
:100A3000000000004E6F726469630000515350491A
:100A4000000000004469736B20696E697469616C11
:100A5000697A6174696F6E206661696C65642E20C5
:100A600053746174653A2025640000004E4F522093
:100A7000466C6173682053746F7261676520696E9C
:100A8000697469616C697A6564000000696E6974F3
:100A90005F6E6F725F666C617368282920556E61A6
:100AA000626C6520746F206D6B667321000000001E
:100AB000556E61626C6520746F206D6F756E742069
:100AC0004E4F5220666C6173682100004E4F5220D9
:100AD000466C6173682053746F7261676520556E50
:100AE000696E697469616C697A65642E0000000042
:100AF0004372656174696E672066696C65737973AA
:100B000074656D2E2E2E0000000000004D6B667384
:100B1000206661696C65642E00000000556E61629C
:100B20006C6520746F206D6F756E74204E4F52206F
:100B3000666C61736820616674657220666F726DA1
:100B4000617474696E6721000D0A204C69737469C1
:100B50006E67204E4F5220466C6173682064697244
:100B60006563746F72793A202F0000002F00000037
:100B70004469726563746F7279206C697374696E0D
:100B800067206661696C65642100000044697265D4
:100B900063746F72792072656164206661696C6547
:100BA000642E00002020203C4449523E2020202575
:100BB0007300000025396C752020257300000000AB
:100BC000C8C10200340A03003C0A03002C0A0300D7
:100BD000000200000100000000000000031E0506E6
:100BE0000708000000000100000F06001C2B002079
:100BF0004E4141544F53000053444300312E303096
:100C0000000000004E6F7264696300005153504948
:100C100000000000556E61626C6520746F206D6F7E
:100C2000756E74204E4F5220466C61736800000050
:100C3000556E61626C6520746F20756E6D6F756E98
:100C400074204E4F5220466C617368006C6F67735E
:100C5000000000004C6F6773206469726563746FF5
:100C6000727920637265617465640000636F6E66FB
:100C700069670000436F6E66696720646972656327
:100C8000746F72792063726561746564000000009E
:100C90004E657720636F6E6669672E747874206383
:100CA0006F6E6669672066696C6520696E20636F88
:100CB0006E666967207375626469726563746F72CA
:100CC0007920637265617465642077697468206453
:100CD000656661756C7420706172616D65746572B2
:100CE000732E0000556E61626C6520746F20726512
:100CF00074726569766520636F6E6669672E7478B5
:100D0000740000004E6577206379636C6520636F23
:100D10006E66696775726174696F6E2066696C656D
:100D20007320696E207375626469726563746F7293
:100D300079206372656174656420776974682064E2
:100D4000656661756C7420706172616D6574657241
:100D500073000000556E61626C6520746F207265CF
:100D6000747265697665206379636C6520636F6E64
:100D700066696775726174696F6E2066696C657308
:100D80000000000054696D652C48656174657254FB
:100D9000656D702C48656174657250574D2C4D6FB0
:100DA000746F7253706565642C4D6F746F72505719
:100DB0004D2C426174746572792C42617474657251
:100DC00079562C42617474657279542C4576656E3F
:100DD000740D0A002E2E00002F0000006B65792094
:100DE0003D202225732220696E2066696C652C20C7
:100DF000636865636B696E67206B65792D76616CDE
:100E00007565207461626C652E2E2E00636F756CA3
:100E1000646E2774207061727365206B6579203D64
:100E2000202573202D3E2066696C652076616C75E7
:100E30006520737472203D2022257322000000007B
:100E4000636F6E6669675F76332E352E7478740033
:100E50003A0000002573000020206D61746368650E
:100E600064206B6579203D202573202D3E20666926
:100E70006C652076616C756520737472203D20224C
:100E80002573220020207761732044545F464C4F25
:100E900041542E20706172736564203D20256700E7
:100EA00020207761732044545F494E542E20706196
:100EB00072736564203D2025640000002020776166
:100EC000732044545F55494E5431362E2070617260
:100ED000736564203D202564000000007472756510
:100EE0000000000020207761732044545F424F4F80
:100EF0004C532E20706172736564203D2025640080
:100F0000636F756C646E2774207061727365206BFB
:100F10006579203D202573202D3E2066696C652073
:100F200076616C756520737472203D2022257322D2
:100F3000206265636175736520636F756C646E27ED
:100F4000742068616E646C652074686520646174E7
:100F500061747970650000002F636F6E66696700C9
:100F60006379636C655F636F6E6669675F0000003D
:100F70002F636F6E6669672F6379636C655F636F5C
:100F80006E6669675F25642E747874003A0A0D00F6
:100F900063616E617279000025733A313233343502
:100FA0000A00000025733A25730A0000466F756E2B
:100FB0006420636F6E6669672066696C652065787A
:100FC0006973746564206275742069742077617335
:100FD000207A65726F2073697A652E2050726F6374
:100FE0006565642061732069662069742077617388
:100FF0006E27742074686572652E00002E00000054
:101000006379636C655F636F6E6669675F312E74C9
:10101000787400004372656174696E67206E65774D
:101020002064656661756C74206379636C65206308
:101030006F6E66696775726174696F6E2066696C40
:1010400065732E006379636C655F636F6E666967B5
:101050005F322E74787400006379636C655F636F30
:101060006E6669675F332E74787400006379636C11
:10107000655F636F6E6669675F342E747874000015
:101080007365745F74696D655F6461746500000009
:101090000A0000007365745F74696D655F64617454
:1010A000653A66616C73650025730A006379636C49
:1010B000655F72756E5F74696D655F733A35312E69
:1010C00030300A6163636570745F6379636C655F78
:1010D00074696D655F6572726F725F733A31352E38
:1010E000300A6379636C655F64656C61795F74690C
:1010F0006D655F733A300A72616D705F746F5F7413
:10110000656D705F6265666F72655F73746172743E
:101110005F6379636C653A66616C73650A72616DD1
:10112000705F746F5F74656D705F74696D656F7506
:10113000743A35302E30300A79656C6C6F775F67A2
:10114000726163655F706572696F645F733A3531B0
:101150002E300A6865617465725F736574706F69BB
:101160006E743A3130302E30300A6D6F746F725FAA
:10117000736574706F696E743A300A72756E5F6869
:1011800065617465725F656E61626C653A747275F3
:10119000650A72756E5F6D6F746F725F656E616206
:1011A0006C653A66616C73650A6865617465725F47
:1011B0006B703A32302E3030300A68656174657277
:1011C0005F6B693A302E3035300A6865617465723C
:1011D0005F6B643A35302E3030300A6D6F746F7249
:1011E0005F6B703A302E3030350A6D6F746F725FFE
:1011F0006B693A302E303030350A6D6F746F725F24
:101200006B643A302E303230000000006379636C3A
:10121000655F72756E5F74696D655F733A31323008
:101220002E30300A6163636570745F6379636C6547
:101230005F74696D655F6572726F725F733A3135A5
:101240002E300A6379636C655F64656C61795F74E5
:10125000696D655F733A300A72616D705F746F5FBC
:1012600074656D705F6265666F72655F73746172DD
:10127000745F6379636C653A66616C73650A726169
:101280006D705F746F5F74656D705F74696D656FAD
:1012900075743A302E300A79656C6C6F775F6772BF
:1012A0006163655F706572696F645F733A302E3099
:1012B0000A6865617465725F736574706F696E74D6
:1012C0003A39332E35300A6D6F746F725F736574FF
:1012D000706F696E743A300A72756E5F686561741A
:1012E00065725F656E61626C653A747275650A72EB
:1012F000756E5F6D6F746F725F656E61626C653A7B
:1013000066616C73650A6865617465725F6B703ADB
:1013100036302E3030300A6865617465725F6B69F3
:101320003A302E3035300A6865617465725F6B64DF
:101330003A35302E3030300A6D6F746F725F6B70DB
:101340003A302E3030350A6D6F746F725F6B693AC8
:10135000302E303030350A6D6F746F725F6B643AC7
:10136000302E3032300000006379636C655F727537
:101370006E5F74696D655F733A31392E30300A6182
:1013800063636570745F6379636C655F74696D65D1
:101390005F6572726F725F733A31352E300A63790E
:1013A000636C655F64656C61795F74696D655F73BB
:1013B0003A300A72616D705F746F5F74656D705F53
:1013C0006265666F72655F73746172745F6379637F
:1013D0006C653A66616C73650A72616D705F746FFB
:1013E0005F74656D705F74696D656F75743A302EEA
:1013F000300A79656C6C6F775F67726163655F70E7
:101400006572696F645F733A302E300A6865617483
:1014100065725F736574706F696E743A39332E3517
:101420000A6D6F746F725F736574706F696E743A72
:10143000333930300A72756E5F6865617465725F4A
:10144000656E61626C653A747275650A72756E5F7D
:101450006D6F746F725F656E61626C653A74727500
:10146000650A6865617465725F6B703A36302E305C
:1014700030300A6865617465725F6B693A302E308E
:1014800035300A6865617465725F6B643A35302E79
:101490003030300A6D6F746F725F6B703A302E307F
:1014A00030350A6D6F746F725F6B693A302E303071
:1014B00030350A6D6F746F725F6B643A302E303264
:1014C000300000006379636C655F72756E5F7469EC
:1014D0006D655F733A3137302E30300A6163636572
:1014E00070745F6379636C655F74696D655F657265
:1014F000726F725F733A31352E300A6379636C65AF
:101500005F64656C61795F74696D655F733A300A19
:1015100072616D705F746F5F74656D705F62656638
:101520006F72655F73746172745F6379636C653A3F
:1015300066616C73650A72616D705F746F5F74656C
:101540006D705F74696D656F75743A302E300A790D
:10155000656C6C6F775F67726163655F70657269F8
:101560006F645F733A302E300A6865617465725F2C
:10157000736574706F696E743A300A6D6F746F7250
:101580005F736574706F696E743A333930300A7204
:10159000756E5F6865617465725F656E61626C65CA
:1015A0003A66616C73650A72756E5F6D6F746F7207
:1015B0005F656E61626C653A747275650A68656133
:1015C0007465725F6B703A32302E3030300A686565
:1015D000617465725F6B693A302E3035300A686528
:1015E000617465725F6B643A35302E3030300A6D4D
:1015F0006F746F725F6B703A302E3030350A6D6FDA
:10160000746F725F6B693A302E303030350A6D6F0F
:10161000746F725F6B643A302E303230000000001D
:101620002E2E2F73646B2F6D6F64756C65732F6E28
:101630007266782F68616C2F6E72665F6770696F73
:101640002E6800004E4141544F5300005344430064
:10165000312E3030000000004E6F7264696300006C
:10166000515350490000000053656E736F723A2069
:10167000556E61626C6520746F2073656E642074B2
:10168000696D65722075706461746520746F207374
:10169000656E736F725278517565756520717565E9
:1016A00075652E2066726F6D206D6F746F72207479
:1016B000696D65722063616C6C6261636B0A000026
:1016C000556E61626C6520746F205278206461747D
:1016D0006120746F206D6F746F7220717565756510
:1016E0000A0000004D6F746F72207377697463682D
:1016F000656420746F204357000000004D6F746FC5
:101700007220737769746368656420746F20434343
:101710005700000073746172742F73746F70206DC2
:101720006F746F720000000043616E6E6F7420630F
:1017300068616E676520706572696F64206F6620EE
:1017400073656E736F722074696D65722E200A0066
:101750004661696C656420746F20737461727420D3
:1017600073656E736F722074696D65722E200A0046
:101770004661696C656420746F2073746F702073A8
:10178000656E736F722074696D65722E200A000099
:1017900053656E736F724D6F746F7254696D6572BD
:1017A0000000000053454E534F52535F5441534B7A
:1017B0003A20556E61626C6520746F2073656E64AB
:1017C0002074656D706572617475726520646174F2
:1017D0006120696E20686561746572527851756523
:1017E00075652E204572726F723A2025640A0000DA
:1017F0004E4141544F53000053444300312E30308A
:10180000000000004E6F726469630000515350493C
:10181000000000006661696C20726561640D0A0059
:101820005044206D6F64653A25750A006661696CE5
:101830002077726974650D0A00000000556E6162C0
:101840006C6520746F2069326320636F6D6D756EF7
:1018500069636174652077697468207064206368C7
:10186000697021004572726F722077726974696EB7
:1018700067206461746120746F2044617461312059
:101880006F6E2050442100006661696C20726561B2
:1018900064207265670D0A004E4141544F530000A9
:1018A00053444300312E3030000000004E6F72640C
:1018B00069630000515350490000000073616D706E
:1018C0006C655F7261746500302E3230000000007C
:1018D0006C6F6767696E675F726174650000000016
:1018E0006C6F775F706F7765725F7468726573682D
:1018F0006F6C6400343600007265636F76657279D0
:101900005F706F7765725F7468726573686F6C641F
:10191000000000003437000073616D706C655F7605
:10192000616C69645F74696D656F75745F730000E5
:10193000333630302E303000616C6572745F7469FC
:101940006D656F75745F74696D655F73000000008D
:10195000332E30300000000064656275675F746F7D
:101960005F636F6D5F656E007472756500000000E7
:101970006D696E5F72756E5F7A6F6E655F74656DAF
:10198000705F656E0000000066616C7365000000AA
:101990006D696E5F72756E5F7A6F6E655F74656D8F
:1019A0007000000038302E3030000000646F5F613E
:1019B00075746F6D617469635F72756E730000009A
:1019C0006163636570745F72756E5F74696D655F86
:1019D0006572726F725F730033302E30000000004A
:1019E0006865617465725F6D61785F74656D7000C4
:1019F0003132302E300000006D61785F68656174AF
:101A000065725F7069645F70776D0000313030001F
:101A10007377697463685F6D6F746F725F63637708
:101A20005F63770068616C5F73656E736F725F747C
:101A30006872657368000000302E333000000000CB
:101A40006D6F746F725F7374616C6C5F70657263DD
:101A5000656E7400323000006D6F746F725F737466
:101A6000616C6C5F70776D00363500006D6F746F60
:101A7000725F7374616C6C5F656E000063616E61B0
:101A800072790000373437006D6D64647979000035
:101A9000313030313234000068686D6D737300008E
:101AA00031323030303000007365745F74696D65B9
:101AB0005F646174650000006379636C655F7275D3
:101AC0006E5F74696D655F7300000000616363653C
:101AD00070745F6379636C655F74696D655F65726F
:101AE000726F725F730000006379636C655F646599
:101AF0006C61795F74696D655F73000072616D7010
:101B00005F746F5F74656D705F6265666F72655F4D
:101B100073746172745F6379636C650072616D7078
:101B20005F746F5F74656D705F74696D656F7574F8
:101B30000000000079656C6C6F775F6772616365A8
:101B40005F706572696F645F73000000686561743F
:101B500065725F736574706F696E74006D6F746F1A
:101B6000725F736574706F696E74000072756E5F7A
:101B70006865617465725F656E61626C6500000026
:101B800072756E5F6D6F746F725F656E61626C65AA
:101B9000000000006865617465725F6B7000000092
:101BA0006865617465725F6B6900000068656174E7
:101BB00065725F6B640000006D6F746F725F6B70B5
:101BC000000000006D6F746F725F6B6900000000B1
:101BD0006D6F746F725F6B6400000000256700001A
:101BE0002564000000000000202077617320445429
:101BF0005F464C4F41542E20706172736564203DE6
:101C00002025670020207761732044545F494E549B
:101C10002E20706172736564203D202564000000F1
:101C200020207761732044545F55494E5431362E3D
:101C300020706172736564203D20256400000000FF
:101C400020207761732044545F424F4F4C532E2025
:101C5000706172736564203D20256400636F756C4C
:101C6000646E2774207061727365206B6579203D06
:101C70002022257322202D3E2076616C7374722001
:101C80003D202225732220626563617573652063A0
:101C90006F756C646E27742068616E646C65207467
:101CA00068652064617461747970650016100000C5
:101CB000535000004E4141544F53000053444300E1
:101CC000312E3030000000004E6F726469630000F6
:101CD0005153504900000000434F4D525854415356
:101CE0004B3A205041525345202D2D3E2053455410
:101CF000434C4B20636F6D6D616E643A204F4B20F7
:101D00006C656E67746800004F6C64207265616476
:101D10002074696D6520204D3A20256420443A20C6
:101D2000256420593A256420683A202564206D3ABC
:101D300020256420733A202564000000434F4D5253
:101D4000585441534B3A205041525345202D2D3E7B
:101D500020534554434C4B20636F6D6D616E643A64
:101D6000204641494C20796561720000434F4D5235
:101D7000585441534B3A205041525345202D2D3E4B
:101D800020534554434C4B20636F6D6D616E643A34
:101D9000204641494C206D6F6E746800434F4D5290
:101DA000585441534B3A205041525345202D2D3E1B
:101DB00020534554434C4B20636F6D6D616E643A04
:101DC000204641494C20646179000000434F4D5248
:101DD000585441534B3A205041525345202D2D3EEB
:101DE00020534554434C4B20636F6D6D616E643AD4
:101DF000204641494C20686F75720000434F4D5298
:101E0000585441534B3A205041525345202D2D3EBA
:101E100020534554434C4B20636F6D6D616E643AA3
:101E2000204641494C206D696E75746500000000C4
:101E3000434F4D52585441534B3A20504152534511
:101E4000202D2D3E20534554434C4B20636F6D6D28
:101E5000616E643A204641494C207365636F6E643D
:101E600000000000526571756573746564207469C3
:101E70006D6520204D3A20256420443A20256420B9
:101E8000593A256420683A202564206D3A2025645B
:101E900020733A2025640000526561646261636BBF
:101EA0002074696D6520204D3A20256420443A2035
:101EB000256420593A256420683A202564206D3A2B
:101EC00020256420733A2025640000000D0A204C70
:101ED000697374696E67204E4F5220466C61736857
:101EE000206469726563746F72793A202F00000074
:101EF0002F0000004469726563746F7279206C6909
:101F00007374696E67206661696C65642100000006
:101F10004469726563746F727920726561642066CA
:101F200061696C65642E00002F2573005375622D66
:101F30004469726563746F7279206C697374696E39
:101F400067206661696C6564210000005375622D2D
:101F50004469726563746F7279207265616420668A
:101F600061696C65642E00002020203C4449523E8B
:101F7000202020252D3330732028256420656E74A1
:101F8000726965732900000025396C752020252DA4
:101F9000333073006572726F722C206D61696E5FF1
:101FA0007374617465213D4D41494E5F5354414EF8
:101FB0004442592C2063616E6E6F742072756E20DE
:101FC000636F6D6D616E640077696C6C2072656221
:101FD0006F6F7420696E2031207365636F6E6400CB
:101FE0004D41494E5F5354414E4442590000000058
:101FF0004D41494E5F46494C450000006F7468658D
:1020000072000000332E3500563D222573222054E5
:102010003D222573222045434C3D307825303278CF
:102020002054533D223230253032642D2530326425
:102030002D2530326420253032643A253032643A1E
:102040002530326422204D41494E5F53544154455E
:102050003D2225732220534E3D2200002200000025
:1020600025732046475245574F524B3D256400008B
:1020700056626174743D256620534F433D256420AC
:1020800054626174743D256600000000257320547D
:102090006865617465723D2566204D6F746F72527C
:1020A000504D3D25660000002D2D2D436F6E666955
:1020B000672044756D703A20476C6F62616C2D2DFE
:1020C0002D0D0A0025733A25730D0A002D2D2D4381
:1020D0006F6E6669672044756D703A204379636C52
:1020E000657320436F756E742025642D2D2D0D0AA8
:1020F00000000000706172616D657465725F6E61F1
:102100006D650000252D3335730000004379636C45
:10211000650000002573253573253264253573006D
:10212000000000000D0A00002D00000025730000D3
:102130002573252D31322E30356600002573252D6F
:102140003132640074727565000000002573252D1E
:102150003132730066616C73650000002D2D2D0017
:10216000434647534554206572726F722C206D614F
:10217000696E5F7374617465213D4D41494E5F53D3
:1021800054414E4442592C2063616E6E6F74207529
:102190007365207468697320636F6D6D616E640090
:1021A0004346475345543A20617267207061727309
:1021B000696E673A20222573220000002C0000007F
:1021C0004346475345543A206172672073756263F2
:1021D0006F6D6D616E643A2022257322000000004D
:1021E000676C6F62616C00004346475345543A2068
:1021F00073657420676C6F62616C20756E646572C4
:1022000073746F6F6420616E6420666F756E6420F6
:102210006B65797374723D222573222076616C732D
:1022200074723D22257322007772697465676C6F42
:1022300062616C004346475345543A206F7665729D
:1022400072697465206D617374657220636F6E6668
:1022500069672066696C6520726573756C743D30C2
:102260007825303278207265626F6F7420746F2029
:1022700074616B6520656666656374004346475309
:102280004554206572726F722C20617267756D659E
:102290006E7473206E6F742068616E646C65642068
:1022A000736F6D65686F770073696D756C617465C8
:1022B0002044465520656E747279206279207365DA
:1022C0006E64696E6720626F6F746C6F61646572B3
:1022D00020627574746F6E206576656E7420283385
:1022E000207072657373657329000000434F4D526F
:1022F000585441534B3A20556E61626C6520746F9F
:102300002073656E6420746F20627574746F6E5FE5
:102310006D61696E537461746551756575652E00E4
:102320006572726F722C206D61696E5F7374617477
:1023300065213D4D41494E5F5354414E4442592C15
:102340002063616E6E6F7420656E74657220444602
:102350005500000073696D756C61746520555342BA
:102360002D4D534320656E74727920627920736518
:102370006E64696E672061206C6F6E672D70726588
:102380007373206F6620627574746F6E00000000B6
:102390006572726F722C206D61696E5F7374617407
:1023A00065213D4D41494E5F5354414E4442592CA5
:1023B0002063616E6F6F7420737461727420555363
:1023C000422D4D5343206E6F7700000073696D7589
:1023D0006C617465205553422D4D534320657869D7
:1023E000742062792073656E64696E672061206273
:1023F0007574746F6E707265737300006572726FBE
:10240000722C206D61696E5F7374617465213D4D3E
:1024100041494E5F46494C452C2063616E6F6F7495
:102420002065786974205553422D4D5343206E6FBB
:102430007700000073657420612072657461696EB5
:102440006564206269746669656C6420616E6420ED
:1024500072657365742C20746F207265666F726D7F
:102460006174207468652066696C6573797374653E
:102470006D2C20736F6F6E005355434345535321AA
:10248000212057696C6C207265626F6F7420736FC6
:102490006F6E207769746820636C65617265642073
:1024A00066696C6573797374656D2E2E2E0000005D
:1024B000534554434C4B0000545354434C4B000081
:1024C000525354434C4B00004C53444952000000BB
:1024D0005245424F4F54000053544154555300004D
:1024E0004346474745540000434647534554000080
:1024F000544F444655000000544F4D5343000000D4
:10250000455849544D5343005245464F524D41544E
:1025100000000000434F4D52585441534B3A205055
:1025200041525345202D2D3E20257320636F6D6D44
:10253000616E642068616E646C657200434F4D5239
:10254000585441534B3A20257320636F6D706C656E
:10255000746564207375636365737366756C6C79F9
:1025600000000000434F4D52585441534B3A202530
:1025700073206661696C656400000000434F4D5232
:10258000585441534B3A205041525345202D2D3E33
:1025900020636F6D6D616E6420756E68616E646C32
:1025A0006564206F7220756E737570706F727465DC
:1025B00064000000434F4D52585441534B3A205051
:1025C00041525345202D2D3E20636F756C646E275C
:1025D0007420706172736520696E70757420286E46
:1025E0006F20636F6D6D612900000000556E6162A0
:1025F0006C6520746F20527820646174612066726B
:102600006F6D206D61696E5F53657269616C5258C0
:102610005175657565000000B024030001F70100E5
:10262000B824030091F90100C0240300A5F90100BA
:10263000C8240300B9F90100D024030035FB0100D0
:10264000D82403005DFB0100E0240300CDFC010061
:10265000E8240300B1FF0100F0240300150102008B
:10266000F82403007501020000250300D5010200D3
:1026700008250300350202005465726D696E616CB5
:102680000000000052545400534547474552000093
:102690002E2E2F73646B2F636F6D706F6E656E746B
:1026A000732F6C69627261726965732F626C6F63FC
:1026B0006B5F6465762F6E72665F626C6F636B5FD3
:1026C0006465762E68000000443A5C534750726F90
:1026D0006A656374735C4E4141544F535C56315C80
:1026E0004F4449432D5245504F2D47484C2D4E41A4
:1026F00041544F535C6170706C69636174696F6EB3
:102700005C73646B5C65787465726E616C5C666149
:102710007466735C706F72745C6469736B696F5F0D
:10272000626C6B6465762E63000000000103050790
:10273000090E10121416181C1E000000222A3A3C22
:102740003E3F7C7F000000002B2C3B3D5B5D00008A
:10275000EBFE904D53444F53352E30004E4F204EDC
:10276000414D452020202046415433322020200076
:102770004E4F204E414D45202020204641542020E0
:1027800020202000010002000400080010002000AA
:1027900000000000010004001000400000010002E1
:1027A00000000000A7009881A8004E81B0008B8136
:1027B000B1007D81B4004C81B600F781D7007E81E5
:1027C000F700808191039F839203A0839303A183E9
:1027D0009403A2839503A3839603A4839703A583FD
:1027E0009803A6839903A7839A03A8839B03A983CD
:1027F0009C03AA839D03AB839E03AC839F03AD839D
:10280000A003AE83A103AF83A303B083A403B1836A
:10281000A503B283A603B383A703B483A803B58338
:10282000A903B683B103BF83B203C083B303C183DB
:10283000B403C283B503C383B603C483B703C5839C
:10284000B803C683B903C783BA03C883BB03C9836C
:10285000BC03CA83BD03CB83BE03CC83BF03CD833C
:10286000C003CE83C103CF83C303D083C403D1830A
:10287000C503D283C603D383C703D483C803D583D8
:10288000C903D683010446841004408411044184A2
:1028900012044284130443841404448415044584BC
:1028A00016044784170448841804498419044A8488
:1028B0001A044B841B044C841C044D841D044E8458
:1028C0001E044F841F045084200451842104528428
:1028D00022045384230454842404558425045684F8
:1028E00026045784270458842804598429045A84C8
:1028F0002A045B842B045C842C045D842D045E8498
:102900002E045F842F046084300470843104718449
:1029100032047284330473843404748435047584FB
:1029200036047784370478843804798439047A84C7
:102930003A047B843B047C843C047D843D047E8497
:102940003E0480843F048184400482844104838463
:102950004204848443048584440486844504878433
:10296000460488844704898448048A8449048B8403
:102970004A048C844B048D844C048E844D048F84D3
:102980004E0490844F0491845104768410205D811C
:1029900015205C8118206581192066811C206781C3
:1029A0001D2068812020F5812120F6812520648169
:1029B000262063813020F18132208C8133208D816B
:1029C0003B20A68103218E811621828721218487C5
:1029D0002B21F08160215487612155876221568720
:1029E00063215787642158876521598766215A8753
:1029F00067215B8768215C8769215D87702140FAC8
:102A0000712141FA722142FA732143FA742144FA86
:102A1000752145FA762146FA772147FA782148FA56
:102A2000792149FA9021A9819121AA819221A88135
:102A30009321AB81D221CB81D421CC810022CD81C5
:102A40000222DD810322CE810722DE810822B881A5
:102A50000B22B981112294871A22E3811D22E5817C
:102A60001E2287811F2298872022DA8125226181F8
:102A70002722C8812822C9812922BF812A22BE811A
:102A80002B22E7812C22E8812E2293873422888111
:102A90003522E6813D22E4815222E081602282815A
:102AA0006122DF8166228581672286816A22E18137
:102AB0006B22E2818222BC818322BD818622BA817F
:102AC0008722BB81A522DB81BF2299871223DC816B
:102AD00060244087612441876224428763244387BE
:102AE000642444876524458766244687672447878E
:102AF00068244887692449876A244A876B244B875E
:102B00006C244C876D244D876E244E876F244F872D
:102B100070245087712451877224528773245387FD
:102B200000259F840125AA840225A0840325AB8467
:102B30000C25A1840F25AC841025A2841325AD8417
:102B40001425A4841725AF841825A3841B25AE84DF
:102B50001C25A5841D25BA842025B5842325B08491
:102B60002425A7842525BC842825B7842B25B28459
:102B70002C25A6842F25B6843025BB843325B1842B
:102B80003425A8843725B8843825BD843B25B384F3
:102B90003C25A9843F25B9844225BE844B25B484B5
:102BA000A025A181A125A081B225A381B325A28161
:102BB000BC25A581BD25A481C6259F81C7259E81F1
:102BC000CB259B81CE259D81CF259C81EF25FC8146
:102BD00005269A810626998140268A814226898186
:102BE0006A26F4816D26F3816F26F28100304081E0
:102BF00001304181023042810330568105305881D5
:102C00000630598107305A8108307181093072814C
:102C10000A3073810B3074810C3075810D307681F0
:102C20000E3077810F3078811030798111307A81C0
:102C30001230A7811330AC8114306B8115306C8158
:102C40001D3080871F30818741309F824230A082B3
:102C50004330A1824430A2824530A3824630A48210
:102C60004730A5824830A6824930A7824A30A882E0
:102C70004B30A9824C30AA824D30AB824E30AC82B0
:102C80004F30AD825030AE825130AF825230B08280
:102C90005330B1825430B2825530B3825630B48250
:102CA0005730B5825830B6825930B7825A30B88220
:102CB0005B30B9825C30BA825D30BB825E30BC82F0
:102CC0005F30BD826030BE826130BF826230C082C0
:102CD0006330C1826430C2826530C3826630C48290
:102CE0006730C5826830C6826930C7826A30C88260
:102CF0006B30C9826C30CA826D30CB826E30CC8230
:102D00006F30CD827030CE827130CF827230D082FF
:102D10007330D1827430D2827530D3827630D482CF
:102D20007730D5827830D6827930D7827A30D8829F
:102D30007B30D9827C30DA827D30DB827E30DC826F
:102D40007F30DD828030DE828130DF828230E0823F
:102D50008330E1828430E2828530E3828630E4820F
:102D60008730E5828830E6828930E7828A30E882DF
:102D70008B30E9828C30EA828D30EB828E30EC82AF
:102D80008F30ED829030EE829130EF829230F0827F
:102D90009330F1829B304A819C304B819D3054812D
:102DA0009E305581A1304083A2304183A3304283BD
:102DB000A4304383A5304483A6304583A73046839F
:102DC000A8304783A9304883AA304983AB304A836F
:102DD000AC304B83AD304C83AE304D83AF304E833F
:102DE000B0304F83B1305083B2305183B33052830F
:102DF000B4305383B5305483B6305583B7305683DF
:102E0000B8305783B9305883BA305983BB305A83AE
:102E1000BC305B83BD305C83BE305D83BF305E837E
:102E2000C0305F83C1306083C2306183C33062834E
:102E3000C4306383C5306483C6306583C73066831E
:102E4000C8306783C9306883CA306983CB306A83EE
:102E5000CC306B83CD306C83CE306D83CF306E83BE
:102E6000D0306F83D1307083D2307183D33072838E
:102E7000D4307383D5307483D6307583D73076835E
:102E8000D8307783D9307883DA307983DB307A832E
:102E9000DC307B83DD307C83DE307D83DF307E83FE
:102EA000E0308083E1308183E2308283E3308383CA
:102EB000E4308483E5308583E6308683E73087839A
:102EC000E8308883E9308983EA308A83EB308B836A
:102ED000EC308C83ED308D83EE308E83EF308F833A
:102EE000F0309083F1309183F2309283F33093830A
:102EF000F4309483F5309583F6309683FB3045812A
:102F0000FC305B81FD305281FE30538131328A8743
:102F100032328B8739328C87A4328587A5328687F7
:102F2000A6328787A7328887A832898703336587C7
:102F30000D336987143360871833638722336187C1
:102F400023336B8726336A87273364872B336C8759
:102F5000363366873B336E8749335F874A336D87E5
:102F60004D33628751336787573368877B337E875A
:102F70007C338F877D338E877E338D878E33728748
:102F80008F3373879C336F879D3370879E33718730
:102F9000A1337587C4337487CD338387004EEA88A5
:102FA000014E9A92034EB58E074E9C96084EE48FC2
:102FB000094E4F8E0A4EE38F0B4EBA890D4E739514
:102FC0000E4E5E97104EA098114E4E89144E8E8A6A
:102FD000154EA198164EA290174EC099184E758B9B
:102FE000194EB8951E4EE58F214EBC97264EC095C2
:102FF000284E68FA2A4EA2982D4E8692314EA398FA
:10300000324EF88B364EA498384EDB8A394E4F92AA
:103010003B4EE58E3C4EA5983F4EA698424EA79853
:10302000434E5494454E768B4B4E56944D4EE19301
:103030004E4EC18C4F4E5296554E68E5564EA8984E
:10304000574EE68F584EA998594EB3895D4EE38B83
:103050005E4EEE8C5F4EE796624EA49B714E90974B
:10306000734EFB937E4EA38A804E548B824EAA9859
:10307000854EAB98864EB997884E5C97894E88915D
:103080008A4EAD988B4E968E8C4EF1938E4EB098A4
:10309000914E5D89924EDD8C944EDC8C954EE48889
:1030A000984E6A98994E69989B4EB18D9C4E9F8818
:1030B0009E4EB1989F4EB298A04EB398A14E539693
:1030C000A24EB498A44EF08CA54EE588A64E9296DA
:1030D000A84E9C8BAB4E9D8BAC4E9E8BAD4EE09222
:1030E000AE4EBA97B04EB598B34EB698B64EB798A6
:1030F000BA4E6C90C04E598FC14E6D90C24EBC9866
:10310000C44EBA98C64EBB98C74E778BCA4EA18D97
:10311000CB4EEE89CD4EB998CE4EB898CF4EA795EE
:10312000D44E658ED54E648ED64EBC91D74EBD988A
:10313000D84E7495D94EE590DD4E5781DE4EBE983F
:10314000DF4EC098E14E69FAE34EE391E44EDF971B
:10315000E54EC888ED4EBF98EE4EBC89F04EC28B4E
:10316000F24E8792F64E8F8CF74EC198FB4E4394E9
:10317000FC4E6AFA004F6BFA014FE98A034F6CFA72
:10318000094FC2980A4FC9880D4FDE8C0E4FEA8A4C
:103190000F4F9A95104FB094114F788B1A4FEF89BB
:1031A0001C4FE5981D4F60932F4F8C94304FC4985F
:1031B000344FBA94364FE097384F4C90394F6DFAF0
:1031C0003A4F668E3C4F978E3D4FBE89434FCF920C
:1031D000464F4192474FC8984D4FCA884E4FE19293
:1031E0004F4F5A8F504FB28D514F4397534FCC9101
:1031F000554FBD89564F6EFA574FC798594F5D9737
:103200005A4FC3985B4FC5985C4FEC8D5D4FC69885
:103210005E4F439B694FCE986F4FD198704FCF98B8
:10322000734FC089754FB995764FC9987B4FCD982C
:103230007C4FF18C7F4F678E834FA48A864FD29844
:10324000884FCA988A4F70FA8B4FE1978D4F988EAE
:103250008F4FCB98914FD098924F6FFA944F72FA4C
:10326000964FD398984FCC989A4F71FA9B4F9F8B5B
:103270009D4FCB88A04FA08BA14FBF89AB4F449BE4
:10328000AD4F9996AE4F8E95AF4FF28CB54F4E9095
:10329000B64FB597BF4FD695C24F578CC34FA3912A
:1032A000C44FE289C94F61FACA4F728FCD4F73FA8A
:1032B000CE4FD798D04FDC98D14FDA98D44FD598CD
:1032C000D74FAD91D84FD898DA4FDB98DB4FD998CC
:1032D000DD4FDB95DF4FD698E14F4D90E34F93964E
:1032E000E44FDD98E54FDE98EE4F438FEF4FEB98BC
:1032F000F34F6F94F54F5595F64FE698F84FEE95CE
:10330000FA4FB489FE4FEA98FF4F76FA0550E498D9
:103310000650ED98095071910B50C28C0D507B9462
:103320000F50C5E01150EC9812507C931450E19866
:103330001650F48C1950F38C1A50DF981E5077FAFF
:103340001F50D88E2150E798225075FA2350ED95E2
:1033500024506C922550E3982650918C2850E09888
:103360002950E8982A50E2982B50CF972C50E99892
:103370002D5060983650E48B3950908C405074FA40
:1033800042507AFA4350EE98465078FA4750EF98F8
:103390004850F3984950CC884F50CE955050F298F1
:1033A0005550F1985650F5985A50F4985C50E29266
:1033B0006550928C6C50F698705079FA7250C38EAA
:1033C0007450A4917550E3927650F48B7850F7982E
:1033D0007D50558B8050F8988550FA988D505496B2
:1033E0009150868C94507BFA9850508E9950F59459
:1033F0009A50F998AC50C38DAD506297B250FC987A
:10340000B3504299B450FB98B550C28DB7509D8FC0
:10341000BE50588CC2504399C550CD8BC95040996D
:10342000CA504199CD50AD93CF509C91D150A18BB2
:10343000D5506C96D6504499D8507DFADA50BB9747
:10344000DE504599E3504899E5504699E7506D9113
:10345000ED504799EE504999F4507CFAF5504B994C
:10346000F9504A99FB50C6950051568B01514D9920
:1034700002514E990451AD8909514C991251F28E65
:10348000145151991551509916514F991851D4987A
:103490001A5152991F519E8F215153992A51449785
:1034A0003251D796375155993A5154993B515799C2
:1034B0003C5156993F515899405159994151F28880
:1034C0004351B38C44515A8C45515B8F46519B926A
:1034D0004751A28B4851E6904951F58C4A517EFAEA
:1034E0004B518E8D4C515B994D51C6964E51659303
:1034F0005051998E52515A9954515C995A517D9319
:103500005C51958A62515D99645180FA6551FC93D2
:103510006851539169515F996A5160996B51AA94AE
:103520006C51F68C6D515A986E5161997151A48B02
:103530007551BA957651B4917751EF8B7851549378
:103540007C51938C80516299825163998551E093AB
:1035500086517E89895166998A51FB8D8C51659976
:103560008D51C48D8F5167999051ECE391516899B9
:10357000925160969351699995516A9996516B99B8
:103580009751E78F9951CA8E9D5181FAA051A58A12
:10359000A2516E99A4516C99A551BB96A6516D99F3
:1035A000A8517995A9516F99AA517099AB51719908
:1035B000AC517E93B0517599B1517399B2517499D0
:1035C000B3517299B451E18DB5517699B651E896DF
:1035D000B751E297BD517799BE5182FAC451A69076
:1035E000C5517899C651798FC9517999CB519C921F
:1035F000CC51BD97CD518093D651C399DB517A9967
:10360000DC51A3EADD51C38BE0517B99E1517D96FA
:10361000E651888FE751FA91E9517D99EA51E29399
:10362000EC5183FAED517E99F0518099F1514D8A18
:10363000F5518199F651A58BF851CA93F9519A89A0
:10364000FA516F8FFD519F94FE51829900528193E0
:1036500003526E90045283990652AA950752D8904D
:103660000852A08A0A52A78A0B5284990E52869950
:103670001152598C14528599155284FA1752F197A8
:103680001D52898F2452BB942552CA95275287997F
:10369000295298972A5288992E52899930529E938E
:1036A00033528A993652A7903752FC8D3852948CF7
:1036B00039528B993A52688E3B528F8D4352E49225
:1036C00044528D994752A5914A52ED8D4B528E9995
:1036D0004C528F994D524F914F528C99545291990F
:1036E000565255965B52848D5E5290996352958CDA
:1036F0006452DC8D65528D94695294996A52929904
:103700006F529B957052E88F71529B997252848AC6
:10371000735295997452939975526E917D529799FF
:103720007F5296998352638A8752808C88529C99E3
:103730008952AB978D52989991529D9992529A992C
:10374000945299999B52CD979C5285FA9F52F78C2F
:10375000A052C189A352F297A65286FAA952958F18
:10376000AA527793AB52858DAC52A099AD52A199D4
:10377000AF5277FBB152E397B4524A98B552A3992E
:10378000B952F88CBC52A299BE524E8AC05287FAE6
:10379000C152A499C3527596C552BA92C752459761
:1037A000C952D795CD52A599D252D3E8D552AE93EE
:1037B000D752A699D852A88AD952B196DB5288FA24
:1037C000DD529F8FDE52A799DF52E595E052AB990B
:1037D000E252A890E352A899E452CE8BE652A999FE
:1037E000E752A98AF2524D8CF352AC99F552AD9939
:1037F000F852AE99F952AF99FA52D98EFE52F98C1D
:10380000FF52DC96005389FA0153E6960253F59372
:103810000553EF950653B09907538AFA0853B199A7
:103820000D53B3990F53B5991053B4991553B699D5
:103830001653BB8917536B961953FA8D1A53B799C0
:103840001D5378912053A08F2153A78B2353B899F0
:1038500024538BFA2A53D9942F53B9993153BA99D7
:103860003353BB993853BC99395343953A53E68B3C
:103870003B53E3883F53BD934053BD9941535C8F05
:103880004353E7904553BF994653BE994753A18F81
:103890004853DF8C4953C1994A53BC944D53C29944
:1038A0005153DA945253B2915353EC915453A68B23
:1038B0005753EC93585350925A538E945C536D96D1
:1038C0005E53C4996053E8906653548C6953C5990C
:1038D0006E53C6996F534B897053F3887153EB8ABB
:1038E00072538CFA7353A6917453708B75539197DE
:1038F0007753C9997853B5897B53C8997F53A88B5F
:103900008253CA998453EF9693538DFA9653CB9969
:103910009853D0979A53FA8C9F53B48CA053CC9958
:10392000A553CE99A653CD99A8537E90A9535889F3
:10393000AD537D89AE53CF99B053D099B2538EFA1F
:10394000B353B58CB653D199BB538E8BC253518EA2
:10395000C353D299C8539496C953B38DCA53798B24
:10396000CB534697CC536F91CD53BD94CE53FB8E22
:10397000D453668FD653E68ED753F38ED953968F92
:10398000DB53BE94DD538FFADF53D599E15362893F
:10399000E2537091E353FB8CE453C38CE553E58B06
:1039A000E853D999E9534092EA53FC91EB53A98B20
:1039B000EC53A28FED53DA99EE53D899EF53C289A5
:1039C000F053E491F153B68EF2536A8EF353458966
:1039D000F653908AF753868DF853698EFA53DB9924
:1039E0000154DC990354688B0454658A0854878D0C
:1039F0000954678B0A54DD920B5444890C54AF93DD
:103A00000D54BC960E54408D0F54999710546693E4
:103A10001154FC8C1B544E8C1D54E5991F54E18BA2
:103A2000205469962654DB942954E4992B54DC8A5B
:103A30002C54DF992D54E0992E54E2993654E39991
:103A400038547A8B395481903B54AB953C54E1996E
:103A50003D54DD993E54E18C4054DE9942544398E4
:103A60004654F0954854E6924954E08C4A54908D5F
:103A70004E54E6995154DB935F54EA996854FC8E96
:103A80006A54F48E7054ED997154EB997354A19665
:103A90007554E8997654F1997754EC997B54EF99E1
:103AA0007C54C48C7D54BD968054F0998454F29912
:103AB0008654F4998A5492FA8B54EE8D8C54619802
:103AC0008E54E9998F54E7999054F3999254EE9952
:103AD0009C5491FAA254F699A454429AA554F89988
:103AE000A854FC99A95493FAAB54409AAC54F99950
:103AF000AF545D9AB254E78DB354508AB854F799D5
:103B0000BC54449ABD54F488BE54439AC054A3880C
:103B1000C1546995C254419AC454FA99C754F5994D
:103B2000C854FB99C954C68DD854459AE154F588B8
:103B3000E2544E9AE554469AE654479AE854A38FC5
:103B4000E9548996ED544C9AEE544B9AF2544E93A4
:103B5000FA544D9AFD544A9AFF5494FA04555389E5
:103B60000655B48D07554F900F55489A10558293BE
:103B70001455499A1655A0882E55539A2F55429799
:103B80003155A58F3355599A3855589A39554F9A0A
:103B90003E55C1914055509A4455ED914555559A21
:103BA0004655A48F4C55529A4F55E29653555B8C0F
:103BB0005655569A5755579A5C55549A5D555A9A88
:103BC0006355519A7B55609A7C55659A7E55619AEA
:103BD00080555C9A8355669A84555091865595FA1E
:103BE0008755689A8955418D8A555E9A8B559D9265
:103BF0009855629A99555B9A9A55AB8A9C55EC8A6E
:103C00009D55858A9E55639A9F555F9AA755968CB8
:103C1000A855699AA955679AAA557291AB55698BAF
:103C2000AC55AA8BAE55649AB055F28BB6556389E4
:103C3000C4556D9AC5556B9AC755A59AD455709AB7
:103C4000DA556A9ADC556E9ADF556C9AE3556B8E9D
:103C5000E4556F9AF755729AF955779AFD55759A0A
:103C6000FE55749A065651920956C3891456719A94
:103C70001656739A1756A68F185652891B56769A5F
:103C80002956DC892F56829A3156FA8F32567D9A00
:103C900034567B9A36567C9A38567E9A42565C89C0
:103CA0004C5658914E56789A5056799A5B569A8A45
:103CB0006456819A6856ED8A6A56849A6B56809A41
:103CC0006C56839A7456AC957856D3937A56B694BC
:103CD0008056869A8656859A8756648A8A56879A27
:103CE0008F568A9A9456899AA056889AA2565894C2
:103CF000A5568B9AAE568C9AB4568E9AB6568D9A15
:103D0000BC56909AC056939AC156919AC2568F9AB1
:103D1000C356929AC856949ACE56959AD156969A68
:103D2000D356979AD756989AD8566499DA56FA8EF7
:103D3000DB566C8EDE56F189E056F688E3566392C8
:103D4000EE56999AF056A28DF256CD88F3567D9094
:103D5000F9569A9AFA56C58CFD56918DFF569C9A43
:103D600000579B9A0357DE9504579D9A08579F9AD0
:103D700009579E9A0B57A09A0D57A19A0F57978CE7
:103D8000125780891357A29A1657A49A1857A39AC4
:103D90001C57A69A1F5779932657A79A2757B38877
:103DA0002857DD8D2D575C8C30576E923757A89A67
:103DB0003857A99A3B57AB9A4057AC9A4257E28D75
:103DC0004757CF8B4A5756964E57AA9A4F57AD9A98
:103DD0005057BF8D5157428D595796FA6157B19A36
:103DE0006457A38D655797FA665752926957AE9AF2
:103DF0006A57D8927F57B29A825782908857B09A62
:103E00008957B39A8B575E8C9357B49AA057B59A3B
:103E1000A257438DA3575F8AA457B79AAA57B89A57
:103E2000AC5798FAB057B99AB357B69AC057AF9AE9
:103E3000C357BA9AC657BB9AC7579AFAC85799FA3E
:103E4000CB578496CE57E98FD257BD9AD357BE9A97
:103E5000D457BC9AD657C09ADC575794DF57E68898
:103E6000E0577595E357C19AF457FB8FF757B78E14
:103E7000F9577C94FA57EE8AFC57E98D00587896EA
:103E80000258B0930558988C0658CD910A58BF9A9D
:103E90000B58C29A1558C2911958C39A1D58C49A02
:103EA0002158C69A2458E7922A58AC8A2F589FEA7C
:103EB000305881893158F1953458EA8F35586793D5
:103EC0003A58E48D3D58CC9A4058BB954158DB9701
:103ED0004A58F2894B58C89A515859915258CB9A1E
:103EE0005458839357586893585884935958B794A3
:103EF0005A58CB925E58C78D6258C79A69589689AE
:103F00006B5855937058C99A7258C59A75586F90E6
:103F10007958CD9A7E586D8F8358AB8B8558CE9A41
:103F20009358E69597589D919C58C4929E589DFA37
:103F30009F58D09AA8586E96AB58D19AAE58D69A38
:103F4000B2589EFAB358AD95B858D59AB958CF9A89
:103F5000BA58D29ABB58D49ABE58A48DC158C795A6
:103F6000C558D79AC7586492CA58F389CC58EB8F72
:103F7000D158D99AD358D89AD558888DD758DA9A23
:103F8000D858DC9AD958DB9ADC58DE9ADE58D39A96
:103F9000DF58E09AE458DF9AE558DD9AEB586D8EC9
:103FA000EC587090EE587391EF58E19AF058BA902F
:103FB000F158EB88F2588494F758D992F958E39A5B
:103FC000FA58E29AFB58E49AFC58E59AFD58E69AAA
:103FD0000259E79A0959CF950A59E89A0B599FFA5D
:103FE0000F59C4891059E99A15595B9716594F8A88
:103FF0001859C7991959678F1A59BD911B59EA9ACF
:104000001C59E9962259B2962559EC9A2759E591FF
:10401000295956932A59BE912B5976952C59ED9AC8
:104020002D59EE9A2E599B893159B88E3259EF9AF3
:104030003759CE883859F09A3E59F19A44598289B5
:104040004759EF8A4859DE934959F2954E59F59AE6
:104050004F5974915059F49A51595F8C5359A0FAA1
:1040600054597A965559F39A575985935859F79A4E
:104070005A59F69A5B59A1FA5D59A2FA6059F99A10
:104080006259F89A6359A3FA65599C896759FA9A53
:104090006859A78F6959FC9A6A5944926C59FB9ADE
:1040A0006E59B1957359978F74597A937859409B8B
:1040B0007D59448D8159419B825940948359DC94A8
:1040C0008459CF968A5944948D594A9B9359578B5A
:1040D000965964979959AD969B59AA9B9D59429BB5
:1040E000A359459BA459A4FAA559C391A859579619
:1040F000AC596993B259469BB9598596BA59A5FAF4
:10410000BB59C88DBE59A88FC659479BC9596F8ED8
:10411000CB596E8ED059B788D159C68CD359A99036
:10412000D459CF88D9594B9BDA594C9BDC59499BC0
:10413000E5595789E659AD8AE859489BEA59C3962B
:10414000EB595095F659A688FB59F788FF59708EA0
:10415000015AD088035AA188095A519B115A4F9B82
:10416000185ABA961A5A529B1C5A509B1F5A4E9B69
:10417000205A5090255A4D9B295AD8952F5AE28C97
:10418000355A569B365A579B3C5AA98F405A539BD7
:10419000415A4B98465A6B94495A559B5A5AA58D89
:1041A000625A589B665A77956A5A599B6C5A549B27
:1041B0007F5AB996925A7D949A5A5A9B9B5A519516
:1041C000BC5A5B9BBD5A5F9BBE5A5C9BC15AC5895A
:1041D000C25A5E9BC95AB98ECB5A5D9BCC5A998CF8
:1041E000D05A6B9BD65A649BD75A619BE15A8492F2
:1041F000E35A609BE65A629BE95A639BFA5A659BB5
:10420000FB5A669B095BF08A0B5B689B0C5B679BA8
:10421000165B699B225BEC8F2A5B6C9B2C5BDA92B2
:10422000305B6489325B6A9B365B6D9B3E5B6E9B49
:10423000405B719B435B6F9B455B709B505B718EDA
:10424000515B729B545B458D555B739B565BA6FA25
:10425000575B9A8E585BB6915A5B749B5B5B759B00
:104260005C5B798E5D5B468D5F5BD096635B478B55
:10427000645BC78C655B769B665B778A695B779BC3
:104280006B5BB791705B789B715BA19B735B799B58
:10429000755B7A9B785B7B9B7A5B7D9B805B7E9B6F
:1042A000835B809B855BEE91875B4689885BE78EAD
:1042B000895BC0888B5B76918C5BAE8A8D5BB38E9D
:1042C0008F5B478D955B8693975B408F985BAF8A3A
:1042D000995B88929A5BE8929B5BB6889C5B588B53
:1042E0009D5BF3959F5BC08EA25B718BA35BE99096
:1042F000A45BBA8EA55B4797A65B819BAE5B7B8B6D
:10430000B05BC98DB35B518AB45B8389B55BAA8FFF
:10431000B65BC689B85B829BB95B6597BF5B688FEC
:10432000C05BA7FAC25BE28EC35B839BC45BF18A6E
:10433000C55BD093C65BA796C75B849BC95B859B17
:10434000CC5B7895D05B879BD25BA68AD35BF58BE1
:10435000D45B869BD85BA9FADB5BB08ADD5B5190AE
:10436000DE5B8B9BDF5B408EE15BC789E25B8A9BF8
:10437000E45B889BE55B8C9BE65B899BE75B4A94EF
:10438000E85BCB9EE95B5290EB5B8D9BEC5BAAFA02
:10439000EE5BBE97F05B8E9BF35B909BF55B9E9212
:1043A000F65B8F9BF85BA190FA5B9B8EFE5BCE91D8
:1043B000FF5BF58E015C9595025CEA90045CCB8E08
:1043C000055C919B065CAB8F075C929B085C939BA2
:1043D000095CD1880A5CB8910B5C71900D5C949B70
:1043E0000E5CB1930F5CAC8F115CAD8F135C959B31
:1043F000165CEB901A5CAE8F1E5CABFA205C969B51
:10440000225C979B245CDE96285C989B2D5CC48B79
:10441000315C418F385C999B395C9A9B3A5CDA8EAF
:104420003B5C4B903C5CF2933D5C73903E5CF6943D
:104430003F5C4194405CC78B415C9B9B455C8F8B90
:10444000465C9C9B485CFC8B4A5CCD934B5CAE8984
:104450004D5C728E4E5C9D9B4F5CA09B505C9F9B05
:10446000515CFB8B535C9E9B555C57935E5CAE919D
:10447000605C6A93615CC68E645C7791655C9A97B8
:104480006C5CA29B6E5CA39B6F5CD493715C528E40
:10449000765CA59B795CA69B8C5CA79B905CF28A62
:1044A000915CA89B945CA99BA15CAA89A65CACFAD0
:1044B000A85C5A91A95CE28AAB5CAB9BAC5CA6960B
:1044C000B15CD091B35C788AB65CAD9BB75CAF9BB6
:1044D000B85CDD8ABA5CADFABB5CAC9BBC5CAE9BE5
:1044E000BE5CB19BC55CB09BC75CB29BD95CB39B07
:1044F000E05CBB93E15CAC8BE85CE389E95CB49B7A
:10450000EA5CB99BED5CB79BEF5CF595F05CF495CC
:10451000F55CAEFAF65C8793FA5CB69BFB5C738F36
:10452000FD5CB59B075D92900B5DBA9B0E5DE88DBF
:10453000115DC09B145DC19B155DBB9B165D528ACE
:10454000175DBC9B185DC59B195DC49B1A5DC39B21
:104550001B5DBF9B1F5DBE9B225DC29B275DAFFAAB
:10456000295DF695425DB2FA4B5DC99B4C5DC69BD9
:104570004E5DC89B505D9297525DC79B535DB0FAEC
:104580005C5DBD9B695D93906C5DCA9B6D5DB3FA8C
:104590006F5DB58D735DCB9B765DCC9B825DCF9B54
:1045A000845DCE9B875DCD9B8B5D88938C5DB89B36
:1045B000905DD59B9D5DD19BA25DD09BAC5DD29B58
:1045C000AE5DD39BB75DD69BB85DB4FAB95DB5FA65
:1045D000BA5DE497BC5DD79BBD5DD49BC95DD89B9C
:1045E000CC5DDE8ACD5DD99BD05DB6FAD25DDB9B1A
:1045F000D35DDA9BD65DDC9BDB5DDD9BDD5DEC9006
:10460000DE5D428FE15D848FE35D8391E55D488DE2
:10461000E65DB68DE75D498DE85D908BEB5DDE9BD9
:10462000EE5DB78DF15DC88CF25DDF9BF35DA49606
:10463000F45D6294F55DE09BF75D4A8DFB5DAA8AAF
:10464000FD5D4692FE5DD08B025E738E035E7A95B1
:10465000065EBF940B5EE19B0C5EF38A115EE49BE9
:10466000165E9F92195EE39B1A5EE29B1B5EE59BC2
:104670001D5EE992255E83902B5E748E2D5EC89040
:104680002F5ED191305E418B335EA092365EE69B09
:10469000375EE79B385EED8F3D5E5896405EEA9B45
:1046A000435EE99B445EE89B455E9D95475EF19BBA
:1046B0004C5E79964E5EEB9B545EED9B555E8B9601
:1046C000575EEC9B5F5EEE9B615EA694625EEF9B25
:1046D000635EBC95645EF09B725EB18A735EBD954D
:1046E000745E4E94755EF29B765EF39B785E4B8DA6
:1046F000795EB28A7A5EF49B7B5EB68C7C5E639751
:104700007D5E48977E5EF48A7F5EF69B815EA19215
:10471000835E4C8D845EAF8F875EDD948A5EB08F42
:104720008F5E988F955EEA92965EF795975E5893A6
:104730009A5E4D8D9C5E7B95A05EF79BA65E7893FE
:10474000A75EC08DAB5EC98CAD5EEB92B55EC188D5
:10475000B65E8E8FB75E4E8DB85E6697C15EF89B73
:10476000C25EF99BC35E7094C85EFA9BC95EF59702
:10477000CA5E4C98CF5EFC9BD05EFB9BD35E668A84
:10478000D65E409CDA5E439CDB5E449CDD5E429CD0
:10479000DF5E5F95E05EB18FE15E469CE25E459C28
:1047A000E35E419CE85E479CE95E489CEC5E499C68
:1047B000F05E4C9CF15E4A9CF35E4B9CF45E4D9C1B
:1047C000F65E8489F75EEC92F85E4E9CFA5E9A8CF7
:1047D000FB5EF489FC5E5594FE5E4F9CFF5EF99390
:1047E000015FD995035F509C045F4D98095F519C10
:1047F0000A5FBE950B5F549C0C5F9F980D5FAF984E
:104800000F5FAE8E105FF393115F559C135F7C8B2F
:10481000145FA292155FF888165F569C175FA495E7
:10482000185F4F8D1B5F6F921F5FED92215FB7FA8C
:10483000255FED96265FB78C275FCA8C295F579C52
:104840002D5F589C2F5F5E9C315FE38E345FB8FA1A
:10485000355FA392375FAD8B385F599C3C5F4A95BB
:104860003E5F6592415F5A9C455F67FA485F5B9C7B
:104870004A5FAE8B4C5F5C9C4E5F5D9C515F5F9C62
:10488000535F9693565F609C575F619C595F629C33
:104890005C5F539C5D5F529C615F639C625F608C58
:1048A000665F4695675FB9FA695FCA8D6A5F56951C
:1048B0006B5FA4926C5F6A956D5F649C705FB28F52
:1048C000715F6589735F659C775F669C795FF09621
:1048D0007C5FDE947F5F699C805F9D89815FAA9089
:1048E000825F689C835F679C845F618C855FD291E7
:1048F000875F6D9C885F6B9C8A5F6A9C8B5FA597C6
:104900008C5FE38C905F998F915F6C9C925F6B934F
:10491000935F5D8F975FBE93985F709C995F6F9C6C
:104920009E5F6E9CA05F719CA15FE48CA85F729CEF
:10493000A95F9C95AA5F7A8FAD5F739CAE5FF79479
:10494000B35FBF93B45FA592B75FBAFAB95F4F93F5
:10495000BC5F749CBD5F4A8BC35F5390C55F4B9532
:10496000CC5FF58ACD5F4594D65F759CD75F758E19
:10497000D85F5996D95F5A96DC5F9E89DD5F7A9C35
:10498000DE5FBBFAE05F8992E45F779CEB5FF589BD
:10499000F05FAB9CF15F799CF55F4F94F85F789C7A
:1049A000FB5F769CFD5F9A8DFF5F7C9C0E60839C15
:1049B0000F60899C1060819C12607B931560869CBF
:1049C00016607C951960809C1B60859C1C60E59737
:1049D0001D60768E2060D39121607D9C25607D8B4B
:1049E0002660889C2760AB90286085892960829C1E
:1049F0002A60F6892B60879C2F60AF8B3160849C86
:104A00003A608A9C41608C9C4260969C4360949C76
:104A10004660919C4A60909C4B60F6974D60929CDA
:104A20005060B08B5260508D55609A8F5960999C40
:104A30005A608B9C5D60BCFA5F608F9C60607E9C5E
:104A40006260F8896360939C6460959C6560709275
:104A50006860A68D6960B6896A608D9C6B60989C61
:104A60006C60979C6D60B18B6F60A7917060868A57
:104A70007560628C77608E9C81609A9C83609D9C3F
:104A800084609F9C8560BDFA8960BB8E8A60BEFA97
:104A90008B60A59C8C60EE928D609B9C9260A39C29
:104AA0009460F7899660A19C9760A29C9A609E9CF6
:104AB0009B60A09C9F60E58CA0604997A360B38A2F
:104AC000A6607889A760A49CA9605994AA60AB8865
:104AD000B260DF94B3607B9CB460AA9CB560AE9C6E
:104AE000B660E396B860A79CBC608993BD60AC9C3F
:104AF000C560EE8FC660AD9CC760D593D1606698E7
:104B0000D360A99CD560C0FAD860AF9CDA609B8D59
:104B1000DC60C990DE60BFFADF60D288E060A89CEC
:104B2000E160A69CE3607991E7609C9CE860538E0D
:104B3000F060C491F160BB9CF260C2FAF3607A91BC
:104B4000F460B69CF660B39CF760B49CF960E48EA8
:104B5000FA60B79CFB60BA9C0061B59C0161448F10
:104B60000361B89C0661B29C0861FA960961F996E6
:104B70000D61BC9C0E61BD9C0F61D3881161C3FAAD
:104B80001561B19C1A61F08B1B61A4881F61B48A06
:104B90002061C1FA2161B99C2761C19C2861C09C38
:104BA0002C61C59C3061C5FA3461C69C3761C4FA7A
:104BB0003C61C49C3D61C79C3E61BF9C3F61C39CFE
:104BC0004261C89C4461C99C4761BE9C48619C8EFF
:104BD0004A61C29C4B61D4914C61518D4D61B09C36
:104BE0004E6154905361D69C5561E7955861CC9CB9
:104BF0005961CD9C5A61CE9C5D61D59C5F61D49C0E
:104C000062619D966361B58A6561D29C6761648CBF
:104C10006861538A6B61CF9C6E61B6976F61D19C5E
:104C20007061D4887161D39C7361CA9C7461D09C9B
:104C30007561D79C7661638C7761CB9C7E617C9734
:104C400082614A978761DA9C8A61DE9C8E619E91BF
:104C50009061F7979161DF9C9461DC9C9661D99C8F
:104C60009861C6FA9961D89C9A61DD9CA461AE9561
:104C7000A761B293A961658CAB61E09CAC61DB9CE0
:104C8000AE61E19CB2619B8CB661AF89BA61E99C6F
:104C9000BE61B68AC361E79CC661E89CC761A78D07
:104CA000C861E69CC961E49CCA61E39CCB61EA9C53
:104CB000CC61E29CCD61EC9CD061F989E361EE9C12
:104CC000E661ED9CF261A692F461F19CF661EF9CC5
:104CD000F761E59CF8619C8CFA61F09CFC61F49CA6
:104CE000FD61F39CFE61F59CFF61F29C0062F69C05
:104CF0000862F79C0962F89C0A62E8950C62FA9CCB
:104D00000D62F99C0E625E8F1062AC901162E489B4
:104D10001262FA891362C7FA1462FB9C1662BD889C
:104D20001A62CA901B62FC9C1D62C1E61E62409D15
:104D30001F62818C2162419D2662ED902A62429D14
:104D40002E62439D2F62598B3062449D3262459D95
:104D50003362469D3462D5913862CB8C3B62DF96DC
:104D60003F625B9640628A8F4162479D4762EE9048
:104D70004862BBE74962E0944B62E88E4D62CB8D9E
:104D80004E62489D5362C5915562A5955862EF9158
:104D90005B624B9D5E62499D60624C9D63624A9D71
:104DA00068624D9D6E62AF957162B58876627D9541
:104DB0007962E1947C624E9D7E62519D7F62B38FE9
:104DC00080625A8B82624F9D8362569D8462B48F4B
:104DD0008962509D8A62639491627D979262529D2E
:104DE0009362539D9462579D95628A939662549DF7
:104DF0009762528D9862DC909B62659D9C62B29432
:104E00009E62F091A662C8FAAB62E294AC62AB9D7E
:104E1000B162F895B562EF92B9629596BB625A9D00
:104E2000BC629F89BD628A92C262639DC5625392D1
:104E3000C6625D9DC762649DC8625F9DC962669DD2
:104E4000CA62629DCC62619DCD628F94CF625B9D90
:104E5000D062FB89D162599DD262918BD362F1916C
:104E6000D462559DD762589DD862538DD962D9902E
:104E7000DB62B58FDC62609DDD627194E062928BD3
:104E8000E162678AEC62878AED624090EE62689D1B
:104E9000EF626D9DF162699DF3629D8CF5626E9D7E
:104EA000F662418EF762898DFE62458FFF625C9DDE
:104EB00001639D8E02636B9D0763778E08636C9D13
:104EC0000963C2880C63679D1163A7921963938B72
:104ED0001F63B28B27636A9D2863A5882B63C18DEE
:104EE0002F6355903A63F0923D63D2943E63709D78
:104EF0003F637D914963A8914C634A8E4D63719DD8
:104F00004F63739D50636F9D5563DF955763BB92ED
:104F10005C637B916763F9956863CC8E6963809D60
:104F20006B637E9D6E63989072639E8C7663789DB2
:104F30007763B78F7A63E6937B6350948063769D43
:104F400083637C918863F68E89637B9D8C63B68FC7
:104F50008E63759D8F637A9D926372949663749D40
:104F60009863408C9B637C8A9F637C9DA063A99718
:104F7000A163CC8DA2635492A363799DA563DA905B
:104F8000A763548DA8638490A9638689AA635B9103
:104F9000AB63779DAC63648BB263668CB463CD9274
:104FA000B5637D9DBB637E91BE63819DC063839D20
:104FB000C363B591C463899DC663849DC963869D9F
:104FC000CF636095D063F192D263879DD6634B9790
:104FD000DA636797DB63B78AE163AC88E363859D37
:104FE000E963829DEE63F68AF4638789F563C9FA03
:104FF000F663889DFA63689706648C9D0D64B99189
:105000000F64939D13648D9D16648A9D1764919D12
:105010001C64729D26648E9D2864929D2C64C094AD
:105020002D648B9334648B9D36648F9D3A64678CBA
:105030003E64EF8D4264DB904E64979D58644593C7
:105040006064CAFA6764949D696480966F64959DF4
:105050007664969D7864CC967A64A0908364828C02
:1050600088649D9D9264548E93649A9D9564999DE5
:105070009A6451949D64CBFA9E64B393A464509354
:10508000A5649B9DA9649C9DAB648F95AD6464945D
:10509000AE64428EB064EF90B2646F96B964688A71
:1050A000BB64A39DBC649E9DC1646997C264A59DB9
:1050B000C564A19DC764A29DCD648091CE64CCFAE5
:1050C000D264A09DD4645E9DD864A49DDA649F9D43
:1050D000E064A99DE164AA9DE2644693E364AC9D0B
:1050E000E664438EE764A79DEC645B8BEF64AD9D43
:1050F000F164A69DF264B19DF464B09DF664AF9D29
:10510000FA64B29DFD64B49DFE64EF8F0065B39DAB
:105110000565B79D1865B59D1C65B69D1D65909D7F
:105120002365B99D2465B89D2A65989D2B65BA9D18
:105130002C65AE9D2F65788E3465BB9D3565BC9D15
:105140003665BE9D3765BD9D3865BF9D3965FC8957
:105150003B65558D3E65FA953F65AD904565CC8CB8
:105160004865C19D4D65C49D4E65CDFA4F657195ED
:1051700051657E8B5565C39D5665C29D5765739479
:105180005865C59D5965B38B5D65C79D5E65C69DB8
:105190006265B88A6365558E6665D6936C65688C62
:1051A000706594907265C89D7465AE9075654793FF
:1051B00077657E957865C99D8265CA9D8365CB9D1F
:1051C0008765B69588657C9B8965C4908C656B9571
:1051D0008E65D68D9065E3949165C19497656C93C7
:1051E0009965BF979B65CD9D9C65CE8E9F65CE9D35
:1051F000A165B488A465D28BA565CB90A765809581
:10520000AB65CF9DAC65618EAD656692AF657A8EFC
:10521000B0655690B765D09DB965FB95BC6597891B
:10522000BD657B8EC165D39DC365D19DC465D49D8D
:10523000C565B797C665D29DCB65F990CC65D59D00
:10524000CF65B091D265D69DD765F88AD965D89DCE
:10525000DB65D79DE065D99DE165DA9DE265F98A58
:10526000E565FA93E6655592E7658C8BE8657C8E7B
:10527000E9658191EC657B8FED65AE88F165DB9D1D
:10528000FA65A089FB65DF9D0066CEFA0266568D41
:105290000366DE9D0666A98D0766B88F0966D1FA9A
:1052A0000A66DD9D0C66B98F0E66BE960F66A88DE8
:1052B0001366D5881466CC901566CFFA1C66E49DFB
:1052C0001E66D3FA1F66AF90206666892466D4FAFC
:1052D0002566748F276686962866F08D2D66BA8FB0
:1052E0002E66D2FA2F66A590316663FA3466E39D86
:1052F0003566E19D3666E29D3B66D0FA3C668B9250
:105300003F66459E4166E89D42669E8E4366578D88
:105310004466E69D4966E79D4B6657904F66E59D5E
:1053200052664E8E5766D6FA5966D7FA5D66EA9D82
:105330005E66E99D5F66EE9D6266EF9D6466EB9D2D
:105340006566D5FA6666418A6766EC9D6866ED9D7E
:105350006966D3946E6681956F66698C7066F09D00
:105360007366D9FA7466B0907666BB8F7A6671926E
:105370008166C58B8366F19D8466F59D8766C989C4
:105380008866F29D8966F49D8E66F39D91668B8F8B
:10539000966667929766C3889866F69D9966DAFA6C
:1053A0009D66F79DA066DBFAA266A892A666EF97B7
:1053B000AB66628EAE66E995B266DCFAB4665C9660
:1053C000B866419EB966F99DBC66FC9DBE66FB9DB4
:1053D000BF66DDFAC166F89DC466409EC766DC9371
:1053E000C966FA9DD666429ED9668C8FDA66439E60
:1053F000DC666A97DD669894E066449EE666469EA3
:10540000E966479EF066489EF266C88BF366678938
:10541000F466588DF566499EF7664A9EF866918F48
:10542000F9668291FA66DEFAFB6666FAFC66D69940
:10543000FD665D91FE665C91FF66D6910067C58D45
:105440000367F09808678E8C09674C970B67FC958B
:105450000D679E950E67DFFA0F674B9E1467F18DFF
:105460001567BD9216674C9E17674E981B675D9631
:105470001D67A9921E674D9E1F67FA8A26674E9E7A
:1054800027674F9E2867D8962A67A2962B6796961D
:105490002C677B962D67448E2E67519E3167E98E6F
:1054A000346770963667539E3767569E3867559EA9
:1054B0003A67F78A3D67808B3F67529E4167549EEB
:1054C0004667579E496799904E679B974F67C78875
:1054D0005067DE8D5167BA915367DB8E5667F18F47
:1054E00059675A9E5C676D935E67589E5F67A99186
:1054F0006067599E6167F08F6267DB9663675B9EAA
:1055000064675C9E656788976667E1FA6A67619E73
:105510006D67598D6F67749470675E9E71678C9329
:105520007267DC9D7367E09D75676E8B7767669425
:105530007C67609E7E67BC8F7F67C2948567669E2E
:105540008767F89489675D9E8B67639E8C67629E10
:105550009067CD9095678D969767D1979A67879654
:105560009C67CA899D677D8EA0676798A167659EC5
:10557000A2679590A667649EA9675F9EAF67CD8C72
:10558000B3676B9EB467699EB667CB89B767679E42
:10559000B8676D9EB967739EBB67E2FAC067E4FAAD
:1055A000C167C691C467BF95C667759ECA674195B6
:1055B000CE67749ECF679094D0675E96D167B98AA4
:1055C000D367F590D4675F8FD867D192DA674D972C
:1055D000DD67709EDE676F9EE267719EE4676E9E78
:1055E000E767769EE9676C9EEC676A9EEE67729E3F
:1055F000EF67689EF1678C92F367F696F467C48E46
:10560000F567F28DFB67B88DFE678F96FF67608A3E
:105610000168E5FA0268CC920368C8930468688957
:105620001368F0901668B2901768498C1E68789ECF
:1056300021685A8D22689C8A29687A9E2A68948AF1
:105640002B68819E32687D9E3468F19038686A8A42
:105650003968AA8D3C68698A3D68CD8D40687B9E1B
:105660004168858C42686A8C43688D934468E6FA89
:105670004668799E4868C4884D687C9E4E687E9EC8
:105680005068CB8B51684B8C5268E3FA5368BA8AE6
:1056900054686A8B5968829E5C68F78D5D68919644
:1056A0005F68568E6368839E67684F9574688F9EA7
:1056B0007668B1897768849E7E68959E7F68859EAE
:1056C0008168C09783688C9E85687E948D68949E5F
:1056D0008F68879E9368B2889468899E97685B8D6F
:1056E0009B688B9E9D688A9E9F68869EA068919EFF
:1056F000A268BD8FA668EB9AA768E68CA8689C97FD
:10570000AD68889EAF68F292B068428AB168AB8D8E
:10571000B368809EB568909EB668818AB9688E9E8F
:10572000BA68929EBC688E93C468FC8AC668B09EB4
:10573000C86864FAC968C796CA68979ECB68FB8A2E
:10574000CD689E9ECF68E7FAD2685F96D4689F9E28
:10575000D568A19ED768A59ED868999EDA684992B7
:10576000DF688F93E068A99EE1689C9EE368A69E2F
:10577000E768A09EEE685890EF68AA9EF268B19024
:10578000F968A89EFA68BB8A00696F980169969EBD
:105790000469A49E0569D6880869989E0B69B89625
:1057A0000C699D9E0D6941900E69C5920F69939E8B
:1057B0001269A39E19699A901A69AD9E1B69918A14
:1057C0001C699F8C2169AF9E22699A9E2369AE9EB7
:1057D0002569A79E26699B9E2869AB9E2A69AC9E77
:1057E0003069BD9E3469CC933669A29E3969B99EF1
:1057F0003D69BB9E3F69D6924A696B9753699695FE
:105800005469B69E5569C8915969BC9E5A695E91A2
:105810005C69B39E5D69C09E5E69BF9E6069ED93E1
:105820006169BE9E6269E8936869E9FA6A69C29E25
:105830006B69B59E6D69C68B6E69B89E6F697C8F0A
:10584000736980947469BA9E7569C98B7769B29ED1
:105850007869B49E7969B19E7C694F987D69798A2F
:105860007E69B79E8169C19E8269548A8A69E58D85
:105870008E697C899169D29E946950989569D59E6C
:105880009869EBFA9B6959909C69D49EA069D39E54
:10589000A769D09EAE69C49EB169E19EB269C39EFC
:1058A000B469D69EBB69CE9EBE69C99EBF69C69EBD
:1058B000C169C79EC369CF9EC769A0EACA69CC9E69
:1058C000CB695C8DCC69C692CD698491CE69CA9E44
:1058D000D069C59ED369C89ED8696C97D9698A96E4
:1058E000DD69CD9EDE69D79EE269ECFAE769DF9E4D
:1058F000E869D89EEB69E59EED69E39EF269DE9E5C
:10590000F969DD9EFB69CE92FD698591FF69DB9E99
:10591000026AD99E056AE09E0A6AE69E0B6AF394C3
:105920000C6AEC9E126AE79E136AEA9E146AE49E71
:10593000176A9492196A57951B6ADA9E1E6AE29E4C
:105940001F6ABE8F216ACD96226AF69E236AE99E5F
:10595000296AA08C2A6AA1892B6A7E8A2E6AD19E26
:10596000306AEDFA356ABF8F366AEE9E386AF59E68
:10597000396AF78E3A6A928A3D6A4D92446AEB9E82
:10598000466AEFFA476AF09E486AF49E4B6AB48B07
:10599000586A6B8B596AF29E5F6A408B616AC99341
:1059A000626AF19E666AF39E6B6AEEFA726AED9E17
:1059B000736AF0FA786AEF9E7E6AF1FA7F6A808AEB
:1059C000806A6892846AFA9E8D6AF89E8E6AE78C75
:1059D000906AF79E976A409F9C6A779EA06AF99E9C
:1059E000A26AFB9EA36AFC9EAA6A4B9FAC6A479F71
:1059F000AE6A8D9EB36A469FB86A459FBB6A429F56
:105A0000C16AE89EC26A449FC36A439FD16A499FA4
:105A1000D36A4598DA6A4C9FDB6AF98BDE6A489F45
:105A2000DF6A4A9FE26AF2FAE46AF3FAE86AA59446
:105A3000EA6A4D9FFA6A519FFB6A4E9F046B9397E7
:105A4000056B4F9F0A6BDC9E126B529F166B539F28
:105A50001D6B54891F6B559F206B878C216B9F8E0C
:105A6000236BD38B276BA289326B7E97376B579F43
:105A7000386B569F396B599F3A6B5C8B3D6BD48B5F
:105A80003E6BBC8A436B5C9F476B5B9F496B5D9F22
:105A90004C6BCC894E6B5692506B5E9F536BBD8A9C
:105AA000546B609F596B5F9F5B6B619F5F6B629FE5
:105AB000616B639F626B7E8E636BB390646B9F8D33
:105AC000666B9095696BE0956A6B63986F6B958ECA
:105AD000736BCE8D746BF097786B649F796B659F59
:105AE0007B6B808E7F6B669F806B679F836B699FEC
:105AF000846B689F866B7796896B7D8F8A6BEA8E45
:105B00008B6B638E8D6B6A9F956B6C9F966B4290CF
:105B1000986B6B9F9E6B6D9FA46B6E9FAA6B6F9F24
:105B2000AB6B709FAF6B719FB16B739FB26B729FCA
:105B3000B36B749FB46BA389B56B6992B76B759F98
:105B4000BA6B458EBB6B6B8ABC6B769FBF6B6193E8
:105B5000C06BCA9AC56B428BC66B779FCB6B789F25
:105B6000CD6BEA95CE6B8896D26BC593D36B799F3C
:105B7000D46BE494D66BF4FAD86BF994DB6BD196C2
:105B8000DF6B7A9FEB6B7C9FEC6B7B9FEF6B7E9F59
:105B9000F36B7D9F086C819F0F6C818E116CAF96AB
:105BA000136C829F146C839F176C438B1B6C849FB8
:105BB000236C869F246C859F346C8590376C589538
:105BC000386C69893E6CC3943F6CF5FA406CF39273
:105BD000416C608F426C818B4E6CC494506CAC8E67
:105BE000556C889F576CBE8A5A6C98895C6CF6FA23
:105BF0005D6CF0935E6C879F5F6C5D8D606C7292E4
:105C0000626C899F686C919F6A6C8A9F6F6CF8FACE
:105C1000706CBF91726C828B736C929F7A6C888C63
:105C20007D6C448B7E6C909F816C8E9F826C8B9F71
:105C3000836C8097866CF7FA886CBE928C6CD793D5
:105C40008D6C8C9F906C949F926C939F936C428C04
:105C5000966CAB89996CB98D9A6C8D9F9B6C8F9F5C
:105C6000A16C7696A26CF291AB6C9796AE6C9C9FF1
:105C7000B16C9D9FB36CCD89B86CA695B96CFB9641
:105C8000BA6C9F9FBB6CA18EBC6CC08FBD6C989F83
:105C9000BE6C9E9FBF6C8889C16CB58BC46C959F90
:105CA000C56C9A9FC96CF290CA6C9194CC6CE594C7
:105CB000D36C979FD56C4096D76C999FD96CA29F57
:105CC000DA6CF9FADB6CA09FDD6C9B9FE16C41966E
:105CD000E26C6794E36C838BE56C4493E86C8D9283
:105CE000EA6CA39FEF6CA19FF06CD791F16C969F2B
:105CF000F36C6A89046DFAFA0B6D6D970C6DAE9FAB
:105D0000126DAD9F176DF490196DAA9F1B6D8C9746
:105D10001E6DB4931F6DA49F256DC392296D6B8971
:105D20002A6D5E8D2B6DA79F326D468F336DAC9FB4
:105D3000356DAB9F366DA69F386DA99F3B6D888AE8
:105D40003D6DA89F3E6D6894416DAC97446DF28F98
:105D5000456DF390596DB49F5A6DB29F5C6D6C9513
:105D6000636DAF9F646DB19F666D5989696D5F8D7D
:105D70006A6D51986C6D5C8A6E6D82956F6DFCFAE0
:105D8000746D8197776D438A786D5A90796DB39F62
:105D9000856DB89F876DFBFA886DC18F8C6D4F97AD
:105DA0008E6DB59F936DB09F956DB69F966D40FBC0
:105DB000996DDC979B6D93939C6DC093AC6D41FB8B
:105DC000AF6D558AB26D7489B56DBC9FB86DBF9FBC
:105DD000BC6DC197C06D8497C56DC69FC66DC09FD1
:105DE000C76DBD9FCB6DD297CC6DC39FCF6D42FB6E
:105DF000D16D698FD26DC59FD56DCA9FD86D9193B6
:105E0000D96DC89FDE6DC29FE16D5792E46DC99F49
:105E1000E66DBE9FE86DC49FEA6DCB9FEB6DFA887F
:105E2000EC6DC19FEE6DCC9FF16D5B90F26D44FB0C
:105E3000F36D7E8FF56DA395F76DAC8DF86D43FB1B
:105E4000F96DB99FFA6DC79FFB6D5993FC6D45FBCA
:105E5000056EB490076E898A086ECF8D096EC28F69
:105E60000A6EBB9F0B6E618F136E6B8C156EBA9FA3
:105E7000196ED09F1A6E8D8F1B6EB88C1D6EDF9FB2
:105E80001F6ED99F206E948B216E6E93236ED49FCC
:105E9000246EDD9F256EAD88266E5189276E48FBE6
:105EA000296EB7892B6ED69F2C6EAA912D6ECD9F31
:105EB0002E6ECF9F2F6E608D386EE09F396E46FB41
:105EC0003A6EDB9F3C6E49FB3E6ED39F436EDA9F7A
:105ED0004A6EA9964D6ED89F4E6EDC9F566ECE8C44
:105EE000586EC38F5B6E58925C6E47FB5F6ED29F9D
:105EF000676E4E976B6ED59F6E6ECE9F6F6E929350
:105F0000726ED19F766ED79F7E6E70987F6EBC8EBC
:105F1000806E9E96826EE19F8C6EAC948F6EED9F2C
:105F2000906EB98C966E808F986EE39F9C6EAD9745
:105F30009D6E618D9F6EF09FA26EEC88A56EEE9FA8
:105F4000AA6EE29FAF6EE89FB26EEA9FB66E6E9742
:105F5000B76EE59FBA6E4D93BD6EE79FBF6E4AFB6D
:105F6000C26EEF9FC46EE99FC56EC596C96EE49F71
:105F7000CB6EA08ECC6EFC9FD16E8A8AD36EE69FCC
:105F8000D46EEB9FD56EEC9FDD6EEA91DE6ED891FC
:105F9000EC6EF49FEF6EFA9FF26EF89FF46E4893EA
:105FA000F76E42E0F86EF59FFE6EF69FFF6EDE9F85
:105FB000016F998B026F5995066FBD8E096F978D92
:105FC0000F6F5298116FF29F136F41E0146F898920
:105FD000156F8691206F9994226FBF8A236FF8976F
:105FE0002B6F9F962C6FD092316FF99F326FFB9F72
:105FF000386F51913E6F40E03F6FF79F416FF19FC7
:10600000456FC18A546F898C586F4EE05B6F49E0D1
:106010005C6FF6905F6F838A646F818F666F52E06A
:106020006D6F4BE06E6FAA926F6F48E0706FD79202
:10603000746F6BE0786F45E07A6F44E07C6F4DE001
:10604000806F47E0816F46E0826F4CE0846F9F90E5
:10605000866F43E0886F4BFB8E6F4FE0916F50E08F
:10606000976FC08AA16F55E0A36F54E0A46F56E00C
:10607000AA6F59E0B16F6293B36F53E0B56F4CFBF9
:10608000B96F57E0C06F838CC16FF791C26F51E059
:10609000C36F5A94C66F58E0D46F5DE0D56F5BE074
:1060A000D86F5EE0DB6F61E0DF6F5AE0E06F8A8DF2
:1060B000E16F4794E46FB79FEB6F9497EC6F5CE0F0
:1060C000EE6F60E0EF6FF391F16F5FE0F36F4AE026
:1060D000F56F4DFBF66F89E8FA6F64E0FE6F68E0DC
:1060E000017066E005704EFB07704FFB097062E0BF
:1060F0000B7063E00F7067E0117065E015706D95CF
:1061000018706DE01A706AE01B7069E01D706CE039
:106110001E70D2931F706EE0267095922770EB91DF
:10612000287050FB2C70A39030706FE0327071E0DB
:106130003E7070E04C70F39F517072E05870E593C0
:10614000637073E06B70CE896F7094937070448A43
:106150007870848B7C70DC8E7D70D08D857051FB67
:10616000897046988A7086908E708A89927075E0E0
:10617000997074E0AB7052FBAC7078E0AD705992DE
:10618000AE707BE0AF7076E0B3707AE0B87079E023
:10619000B9705F93BA70D788BB7062FAC870F39712
:1061A000CB707DE0CF704789D97080E0DD707EE0F4
:1061B000DF707CE0F17077E0F9704296FD7082E06C
:1061C000047154FB097181E00F7153FB14718B89C9
:1061D000197184E01A71B0951C7183E02171B39636
:1061E0002671C58F367152913C71C48F467156FB32
:1061F000477157FB4971F9974C718AE04E71F790DE
:10620000557186E056718BE059718C895C7155FB34
:10621000627189E064718194657185E0667188E0DE
:106220006771C68F6971CF946C718CE06E71CF8E7F
:106230007D71F89084718FE0887187E08A71468C57
:106240008F718DE094716F97957190E09971A4EAC8
:106250009F716E8FA87191E0AC7192E0B1714D9415
:10626000B97194E0BE7195E0C17159FBC37152944C
:10627000C8719593C97197E0CE7199E0D071D397A9
:10628000D27196E0D47198E0D5718D89D77193E081
:10629000DF717A9AE0719AE0E5718791E671578E25
:1062A000E7719CE0EC719BE0ED714390EE71D79942
:1062B000F5719DE0F9719FE0FB718EE0FC719EE04D
:1062C000FE715AFBFF71A0E006729A940D72A1E074
:1062D0001072A2E01B72A3E02872A4E02A72DC9282
:1062E0002C72A6E02D72A5E03072A7E03272A8E011
:1062F0003572DD8E367283953A72EA963B72A9E06A
:106300003C72AAE03D7275913E72A28E3F72ABE084
:106310004072ACE04672ADE04772D0954872C594C9
:106320004B72AEE04C7276945272AB925872AFE000
:106330005972E5895B728D8B5D72C4965F72B496FB
:106340006172B28962725398677271966972A89588
:106350007272B5907472B0E07972C1937D72A18C43
:106360007E72B1E08072D28D8172B3E08272B2E04F
:106370008772B4E09272B5E09672B6E0A0725D8B5F
:10638000A272B7E0A772B8E0AC72A28CAF72C694EA
:10639000B1725BFBB272BAE0B672F38FB972B9E058
:1063A000BE725CFBC272B68BC372BBE0C472BDE04E
:1063B000C672BCE0CE72BEE0D072CF8CD272BFE0AB
:1063C000D772E78BD9725F91DB729D8DE072C1E06D
:1063D000E172C2E0E272C0E0E972EB8EEC72C69349
:1063E000ED72B78BF772C4E0F8724B92F972C3E0AA
:1063F000FC725498FD7282940A73C7E01673C9E068
:106400001773C6E01B73D2961C73C8E01D73CAE0F5
:106410001F73C29724735DFB2573CEE02973CDE013
:106420002A7396922B734C942E73A38C2F73CCE00B
:106430003473CBE036735097377351973E73CFE088
:106440003F738E894473968D4573828E4E73D0E070
:106450004F73D1E05773D3E06373628F6873D5E0F5
:106460006A73D4E07073D6E072736C8A7573D8E087
:1064700077735FFB7873D7E07A73DAE07B73D9E0E8
:106480008473BA8C8773A6978973CA8B8B73A4891C
:106490009673E88BA973DF8AB273E697B373DCE077
:1064A000BB73DEE0BD7360FBC073DFE0C273CF89F6
:1064B000C873DBE0C97361FBCA73588ECD73BF929A
:1064C000CE73DDE0D27364FBD67362FBDE73E2E071
:1064D000E073EC8EE37363FBE573E0E0EA735D8CDD
:1064E000ED73C794EE73E1E0F173FCE0F57366FBC6
:1064F000F873E7E0FE73BB8C0374858B0574E4E0EE
:1065000006749D97077465FB0974AE972274F49125
:106510002574E6E0267467FB297469FB2A7468FB1E
:106520002E746AFB3274E8E03374D4973474D58BDC
:106530003574FA94367469943A74E9E03F74EBE088
:106540004174EEE05574EAE05974EDE05A74E88C59
:106550005B746C895C74EFE05E7490905F74ECE047
:106560006074DA9762746BFB6374F2E06474A2EA9D
:106570006974F0E06A74F3E06F74E5E07074F1E060
:106580007374BA8D7674F4E07E74F5E083749E972C
:1065900089746CFB8B74F6E09E74F7E09F746DFB5E
:1065A000A274E3E0A774F8E0B074C28ABD74A38E4D
:1065B000CA74F9E0CF74FAE0D474FBE0DC745A8951
:1065C000E07440E1E2745A95E37441E1E674A28A12
:1065D000E77442E1E97443E1EE7444E1F07446E1AA
:1065E000F17447E1F27445E1F6747295F77449E18C
:1065F000F87448E101756EFB03754BE104754AE1DF
:1066000005754CE10C754DE10D754FE10E754EE1D0
:106610001175998D137551E1157550E11875C38A7F
:106620001A7572901C755B931E7552E11F75B690BA
:106630002375598E25759989267553E128757097AC
:106640002B75E1952C7554E12F75A8FA307563937D
:10665000317552973275628D33755C9037756A92D9
:106660003875B2993A75AC923B75E6893C7555E13F
:10667000447556E146755BE1497559E14A7558E143
:106680004B75C09D4C75458A4D7557E14F75D8883F
:106690005175A8945475C8945975AF975A755CE1B3
:1066A0005B755AE15C757B925D75A4906075A994E9
:1066B00062754C9564755EE16575AA9766756C8C1C
:1066C00067755FE169755DE16A75D4946B7560E12A
:1066D0006D7561E16F756FFB7075D9887375F48F97
:1066E000747566E1767563E17775EB93787562E1B1
:1066F0007F75458B827569E1867564E1877565E113
:10670000897568E18A7567E18B7544958E7561912D
:106710008F75609191755E8B94756AE19A756BE1E6
:106720009D756CE1A3756EE1A5756DE1AB7575891D
:10673000B17576E1B275E694B37570E1B57572E145
:10674000B87574E1B9755D90BC7575E1BD7573E19F
:10675000BE75BE8EC2756FE1C37571E1C575619579
:10676000C775C78FCA7578E1CD7577E1D27579E1C4
:10677000D475A48ED575AD8DD8759793D9757AE1FA
:10678000DB75C992DE757CE1E2759F97E3757BE16D
:10679000E9758991F07582E1F27584E1F37585E11F
:1067A000F4757392FA7583E1FC7580E1FE757DE105
:1067B000FF757EE1017681E1097688E10B7686E15D
:1067C0000D7687E11F7689E120768BE121768CE1D9
:1067D00022768DE124768EE127768AE1307690E18B
:1067E00034768FE13B7691E14276C397467694E129
:1067F000477692E1487693E14C76E08A5276FC96B1
:106800005676C895587696E15C7695E1617697E183
:10681000627698E167769CE1687699E169769AE11B
:106820006A769BE16C769DE170769EE172769FE1DF
:106830007676A0E17876A1E17A76AD947B766F9357
:106840007C76A2E17D7692947E7653958076A3E164
:10685000827670FB8376A4E1847649938676468AB5
:106860008776638D8876A5E18B76A6E18E76A7E1A3
:106870009076488E9376A9E19676A8E19976AAE17A
:106880009A76ABE19B7673FB9C7671FB9E7672FBEE
:10689000A67674FBAE76E794B076ACE1B476ADE163
:1068A000B77689EAB876AEE1B976AFE1BA76B0E10B
:1068B000BF764D8EC276B1E1C3767594C6767E966C
:1068C000C8766D89CA767689CD76B2E1D276B4E1A2
:1068D000D676B3E1D7769093DB76B790DC76589F87
:1068E000DE76B5E1DF76BF96E176B6E1E376C48A7F
:1068F000E476D594E576B7E1E776B8E1EA76B9E1F2
:10690000EE76DA96F276D396F476BC92F8768A91A1
:10691000FB76BBE1FE76828F0177C88F0477BEE1FC
:106920000777BDE10877BCE10977FB940B77C58A4F
:106930000C77A78C1B77C4E11E77C1E11F775E90AF
:106940002077B0962477C0E12577C2E12677C3E1AE
:106950002977BFE13777C5E13877C6E13A77AD925D
:106960003C77E18A40778592467776FB4777C7E1A7
:106970005A77C8E15B77CBE1617787906377C29301
:106980006577CCE1667772966877C9E16B77CAE183
:106990007977CFE17E77CEE17F77CDE18B77D1E15B
:1069A0008E77D0E19177D2E19E77D4E1A077D3E1E1
:1069B000A577CB95AC77758FAD77C497B077D5E1D8
:1069C000B377B593B677D6E1B977D7E1BB77DBE19B
:1069D000BC77D9E1BD77DAE1BF77D8E1C777DCE1F1
:1069E000CD77DDE1D777DEE1DA77DFE1DB77B596EA
:1069F000DC77E0E1E277EE96E377E1E1E5776D922F
:106A0000E7778A94E977E98BED775A92EE77E2E1BE
:106A1000EF77B88BF377CE90FC77E3E10278BB8D0C
:106A20000C78E4E11278E5E11478A48C1578D38D24
:106A30002078E7E1217878FB257875932678D48D46
:106A400027786D8B3278439634786A943A787693C7
:106A50003F787B8D4578E9E14E7879FB5D78C98F89
:106A600064787AFB6B78B0976C78648D6F78A58CBE
:106A70007278A1947478EBE17A787BFB7C78EDE115
:106A80008178E98C8678ECE18778F4928C78EFE174
:106A90008D78568A8E78EAE19178E89493784F89D8
:106AA0009578EA8D977871989A78EEE1A378F0E17D
:106AB000A778C995A978D790AA78F2E1AF78F3E1E1
:106AC000B578F1E1BA786D8ABC78F9E1BE78F8E181
:106AD000C178A58EC578FAE1C678F5E1CA78FBE100
:106AE000CB78F6E1D078D694D178F4E1D478F7E198
:106AF000DA7841E2E77840E2E8788196EC78FCE1E8
:106B0000EF78E988F47843E2FD7842E20179CA8FB0
:106B1000077944E20E796291117946E2127945E2F1
:106B2000197947E22679E6E12A79E8E12B7949E209
:106B30002C7948E230797CFB3A79A68E3C79E7974C
:106B40003E79D08E40794AE24179568C47795F8B05
:106B50004879468B4979838E50795397537950E21F
:106B600055794FE25679639157794CE25A794EE262
:106B70005D796A8F5E795F905F794DE260794BE273
:106B8000627949946579CB8F68795B956D79D58DFC
:106B9000777998937A7951E27F7952E2807968E245
:106BA0008179D68B84795C98857954918A7953E27E
:106BB0008D79D0898E79F5928F799F95947981FB23
:106BC0009B7983FB9D7954E2A6799A8BA77955E24C
:106BD000AA7957E2AE7958E2B0794894B37959E28C
:106BE000B9795AE2BA795BE2BD79D78BBE79D1899E
:106BF000BF79C393C079478FC179848EC9795CE22C
:106C0000CB79488FD179C889D2796295D5795DE2FF
:106C1000D879E994DF796491E17960E2E37961E21E
:106C2000E4798994E6796090E7795EE2E979819286
:106C3000EC795FE2F079CC8FFB79DA88007A488BC7
:106C4000087A62E20B7AF6920D7A63E20E7AC590C8
:106C5000147AAB96177A4295187A64E2197A65E24B
:106C60001A7A74921C7AC5971F7A67E2207A66E2D4
:106C70002E7AED8E317A69E2327AEE88377A6CE2DA
:106C80003B7A6AE23C7AD2893D7A6D8C3E7A6BE23D
:106C90003F7A658D407A928D427AE495437A6DE22F
:106CA000467A7396497A6FE24D7ACF904E7A6E8922
:106CB0004F7AB889507AAA88577A6EE2617A70E280
:106CC000627A71E2637AF58F697A72E26B7A6E8A20
:106CD000707A74E2747A8A8C767A868B797A75E225
:106CE0007A7AF38B7D7A76E27F7AFA90817ACB9307
:106CF000837ADE90847AF38D887A77E2927A829230
:106D0000937A8B91957A79E2967A7BE2977A78E218
:106D1000987A7AE29F7A418CA97A7CE2AA7A458CA9
:106D2000AE7A878BAF7A7197B07A7EE2B67A80E2DC
:106D3000BA7A4D89BF7A83E2C37A968AC47A82E2AC
:106D4000C57A81E2C77A85E2C87A7DE2CA7A86E2AC
:106D5000CB7AA797CD7A87E2CF7A88E2D17A84FB83
:106D6000D27AF29AD37A8AE2D57A89E2D97A8BE218
:106D7000DA7A8CE2DC7AB397DD7A8DE2DF7AEDE8BD
:106D8000E07ACD8FE17A8EE2E27A8FE2E37A768F53
:106D9000E57AB693E67A90E2E77A85FBEA7A47925B
:106DA000EB7A87FBED7A91E2EF7A5B92F07A92E2EE
:106DB000F67AA38BF87A5E99F97A7C92FA7AB18E98
:106DC000FF7AC68A027B93E2047BA0E2067B96E20E
:106DD000087B888B0A7B95E20B7BA2E20F7B94E217
:106DE000117BCE8F187B98E2197B99E21B7B4A932B
:106DF0001E7B9AE2207B7D8A257B7990267B849579
:106E0000287B9CE22C7BE691337B97E2357B9BE2EF
:106E1000367B9DE2397BF98D457BA4E2467B4D951F
:106E2000487BA494497B99934B7BD88B4C7BA3E202
:106E30004D7BA1E24F7BB394507B9EE2517B7D92D0
:106E4000527B9B93547B9A93567BF48D5D7BB6E289
:106E5000657BA6E2677BA8E26C7BABE26E7BACE273
:106E6000707BA9E2717BAAE2747BA7E2757BA5E245
:106E70007A7B9FE2867BCD95877BD3898B7BB3E240
:106E80008D7BB0E28F7BB5E2927BB4E2947B9394EE
:106E9000957BA596977B5A8E987BAEE2997BB7E25D
:106EA0009A7BB2E29C7BB1E29D7BADE29E7B88FB4C
:106EB0009F7BAFE2A17BC78AAA7B5C92AD7BFB90F4
:106EC000B17BA094B47BBCE2B87BA294C07BDF9082
:106ED000C17BB9E2C47BCD94C67BBDE2C77BD195B3
:106EE000C97B7A92CB7BB8E2CC7BBAE2CF7BBBE2A8
:106EF000DD7BBEE2E07BC28EE47BC493E57BC3E234
:106F0000E67BC2E2E97BBFE2ED7B5598F37BC8E20A
:106F1000F67BCCE2F77BC9E2007CC5E2077CC6E2E7
:106F20000D7CCBE2117CC0E2127CD399137CC7E2CA
:106F3000147CC1E2177CCAE21F7CD0E2217CC88AA3
:106F4000237CCDE2277CCEE22A7CCFE22B7CD2E2EE
:106F5000377CD1E2387CF4943D7CD3E23E7CFA97D6
:106F60003F7CEB95407CD8E2437CD5E24C7CD4E27C
:106F70004D7CD0904F7CD7E2507CD9E2547CD6E255
:106F8000567CDDE2587CDAE25F7CDBE2607CC4E2C6
:106F9000647CDCE2657CDEE26C7CDFE2737CC495C1
:106FA000757CE0E27E7CE096817CCC8B827C488C98
:106FB000837CE1E2897CB2958B7C88908D7CAE9657
:106FC000907CE2E2927CB197957C9494977C659159
:106FD000987C53949B7C6C8F9F7CBE88A17CE7E25D
:106FE000A27CE5E2A47CE3E2A57C9F8AA77CCF8F0C
:106FF000A87CE8E2AB7CE6E2AD7CE4E2AE7CECE2CD
:10700000B17CEBE2B27CEAE2B37CE9E2B97CEDE28E
:10701000BD7CEEE2BE7CB890C07CEFE2C27CF1E2C7
:10702000C57CF0E2CA7CD08CCE7C5791D27CF3E256
:10703000D67C9C93D87CF2E2DC7CF4E2DE7CB395D7
:10704000DF7C8C91E07C668DE27CF5E2E77CC69784
:10705000EF7CF7E2F27CF8E2F47CF9E2F67CFAE20B
:10706000F87C858EFA7CFBE2FB7C6E8CFE7C8A8B46
:10707000007D498B027D40E3047DF196057D678D9F
:10708000067DFCE20A7D43E30B7DE4960D7D5B9477
:10709000107D5295147D838F157D42E3177DD18E2F
:1070A000187D688D197D868E1A7D898B1B7DB49520
:1070B0001C7D41E3207D6691217D6196227DF58DC9
:1070C0002B7D878E2C7DDB922E7D46E32F7DDD97F9
:1070D000307DD78D327D47E3337D6190357D49E347
:1070E000397DD08F3A7DAE8D3F7D48E3427D498F1B
:1070F000437DBC8C447D6791457D44E3467D4AE3F6
:10710000487D8AFB4B7D45E34C7D6F8C4E7D4DE386
:107110004F7D51E3507D8B8C567D4CE35B7D55E379
:107120005C7D8BFB5E7D698D617D8D97627DBA880C
:10713000637D52E3667D8B8B687D4FE36E7D50E30C
:10714000717D9D93727D4EE3737D4BE3757D478A20
:10715000767DE290797DA68C7D7D57E3897D54E331
:107160008F7D56E3937D53E3997D708C9A7DB19129
:107170009B7D58E39C7D8E919F7D65E3A07D8DFB7B
:10718000A27D61E3A37D5BE3AB7D5FE3AC7DF88E25
:10719000AD7DDB88AE7D5AE3AF7D62E3B07D66E313
:1071A000B17D6A8DB27DD496B47DD492B57D5CE319
:1071B000B77D8CFBB87D64E3BA7D59E3BB7D5D92FE
:1071C000BD7D5EE3BE7DBB88BF7DC896C77D5DE3A8
:1071D000CA7DD98BCB7DEA94CF7D8D91D17DCE9721
:1071E000D27D8F8FD57D8EE3D67D8EFBD87D67E3F4
:1071F000DA7DFC90DC7D63E3DD7D68E3DE7D6AE3C0
:10720000E07DF792E17D6DE3E47D69E3E87DD29571
:10721000E97DC98AEC7DC996EF7DDC88F27D6CE35F
:10722000F47DFB97FB7D6BE3017E8F89047EEA93FF
:10723000057E6EE3097E75E30A7E6FE30B7E76E3DF
:10724000127E72E31B7E9B941E7EC88E1F7E74E3AB
:10725000217E71E3227E77E3237E70E3267E638FB7
:107260002B7E44962E7E6B8F317E73E3327E80E3DD
:10727000357E7BE3377E7EE3397E7CE33A7E81E3B5
:107280003B7E7AE33D7E60E33E7ED190417EC994B1
:10729000437E7DE3467E78E34A7E40914B7E718C4F
:1072A0004D7E4A8F527E8FFB547E4490557E559181
:1072B000567E84E3597E86E35A7E87E35D7E83E3D0
:1072C0005E7E85E3667E79E3677E82E3697E8AE39C
:1072D0006A7E89E36D7E9A96707E4A8C797E88E319
:1072E0007B7E8CE37C7E8BE37D7E8FE37F7E91E3F0
:1072F000827E5B8E837E8DE3887E92E3897E93E33C
:107300008A7E5CFA8C7E94E38E7E9AE38F7E5A931B
:10731000907E96E3927E95E3937E97E3947E98E346
:10732000967E99E39B7E9BE39C7E9CE3367FCA8A94
:10733000387F9DE33A7F9EE3457F9FE3477F90FB45
:107340004C7FA0E34D7FA1E34E7FA2E3507FA3E3F8
:10735000517FA4E3547FA6E3557FA5E3587FA7E3BD
:107360005F7FA8E3607FA9E3677FACE3687FAAE360
:10737000697FABE36A7FDF8D6B7F728C6E7F759266
:10738000707FB194727F908F757F6C94777FEB9450
:10739000787FADE3797FEB9C827FAEE3837FB0E3C0
:1073A000857F8597867FAFE3877FB2E3887FB1E3F0
:1073B0008A7F72978C7FB3E38E7FFC94947FB4E3D3
:1073C0009A7FB7E39D7FB6E39E7FB5E3A17F91FBF4
:1073D000A37FB8E3A47F518CA87F4191A97F608BE4
:1073E000AE7FBCE3AF7FB9E3B27FBAE3B67FBDE364
:1073F000B87FBEE3B97FBBE3BD7F4889C17FA58964
:10740000C57FC0E3C67FC1E3CA7FC2E3CC7F82975A
:10741000D27F4B8FD47FC4E3D57FC3E3E07F8990D5
:10742000E17FC5E3E67FC6E3E97FC7E3EB7FE38A5D
:10743000F07FCB8AF37FC8E3F97FC9E3FB7F7C96BB
:10744000FC7F8397008073970180569803806C8D32
:107450000480CCE30580D28E0680CBE30B80CDE3A5
:107460000C80A78E1080CF911280CEE315806B8D9B
:107470001780D5961880CFE31980D0E31C80D1E324
:107480002180D2E32880D3E33380A88E3680EB9628
:107490003B80D5E33D805E923F80D4E34680D7E3D6
:1074A0004A80D6E35280D8E35680B9905880D9E319
:1074B0005A80DAE35E80B7955F80DBE361808F916D
:1074C0006280DCE36880DDE36F80FC977080E0E33E
:1074D0007280DFE37380DEE37480AE927680E1E356
:1074E000778045907980E2E37D80E3E37E80579862
:1074F0007F80E4E38480E5E38580E7E38680E6E35C
:107500008780A3948980F7938B805D988C80A79463
:107510009380E9E39680D18F988049959A80EAE339
:107520009B80E8E39D80CC8AA180D28CA280888E4B
:10753000A580EC94A980A88CAA806296AC80EDE32B
:10754000AD80EBE3AF806D8DB1806E8DB280E7884A
:10755000B480E68DBA807894C380DD88C480F2E37D
:10756000C6805F92CC807794CE80D991D680F4E3A8
:10757000D980F0E3DA80F3E3DB80EEE3DD80F1E352
:10758000DE804596E180D38CE480FB88E580EFE3E4
:10759000EF80F6E3F180F7E3F480B793F880B98BDE
:1075A000FC8045E4FD805C940281898E0581BA8B64
:1075B0000681C690078165980881AC960981F5E33C
:1075C0000A81D2901A81728B1B81F8E32381FAE33E
:1075D0002981F9E32F81FBE33181459233815D9469
:1075E0003981AF923E8142E4468141E44B81FCE324
:1075F0004E81749050818595518144E4538143E4D8
:1076000054816F8D558172985F8154E4658148E49F
:10761000668149E46B81EE8E6E8147E47081988DBE
:10762000718146E474814AE47881B0927981A095B1
:107630007A8142917F81DA9180814EE482814FE4A8
:1076400083814BE488814CE48A814DE48F81708D85
:10765000938155E4958151E49A8186959C818C961D
:107660009D814795A08150E4A38153E4A48152E415
:10767000A8816396A98156E4B08157E4B3815691FD
:10768000B58158E4B8815AE4BA815EE4BD815BE417
:10769000BE8159E4BF815E94C0815CE4C2815DE437
:1076A000C681B089C88164E4C9815FE4CD8160E4AA
:1076B000D18161E4D3819F91D88163E4D98162E46F
:1076C000DA8165E4DF8166E4E08167E4E38162906A
:1076D000E581E789E78168E4E881D597EA81A98EA9
:1076E000ED814C8FF3818A8EF4817692FA8169E480
:1076F000FB816AE4FC815089FE816BE401826CE4C9
:1077000002826DE405826EE407826FE40882BB8B1F
:107710000982A89D0A8270E40C82E3900D8271E4D4
:107720000E82C98E108272E41282AE98168273E4C1
:107730001782DC951882DA8A1B8243911C82778F2C
:107740001E8291951F824D8F298274E42A82718D49
:107750002B8275E42C82CA942E8284E4338277E4EF
:107760003582C791368295943782BD8C388276E413
:1077700039824491408278E44782F89258827AE4D0
:10778000598279E45A827CE45D827BE45F827DE405
:10779000628280E464827EE46682CD8A688281E4CB
:1077A0006A8282E46B8283E46E82AF8D6F82C797B8
:1077B000718285E47282469076829089778286E42F
:1077C000788287E47E8288E48B82F0888D8289E4E7
:1077D00092828AE4998287959D82C58E9F828CE4ED
:1077E000A582488AA682B088AB828BE4AC828EE404
:1077F000AD826D94AF826390B182D489B382469694
:10780000B8827C8CB982DA8BBB828DE4BD82E88938
:10781000C582A18AD1829189D28292E4D382E897EB
:10782000D482DB91D7826395D9829EE4DB82D589AD
:10783000DC829CE4DE829AE4DF8291E4E1828FE4E0
:10784000E38290E4E582E18EE682EA8BE78297921A
:10785000EB82CF93F1827089F38294E4F48293E413
:10786000F98299E4FA8295E4FB8298E4018393FB20
:107870000283CE96038397E40483D68905839D8A89
:1078800006839BE409839DE40E83738C1683A1E435
:107890001783AAE41883ABE41C83A9882383B2E48A
:1078A0002883EF882B83A9E42F83A8E43183A3E402
:1078B0003283A2E43483A0E435839FE43683839249
:1078C0003883F9913983A5E44083A4E44583A7E490
:1078D000498390914A83748C4F8360895083A6E4D6
:1078E0005283728D58839191628394FB7383B8E4C1
:1078F0007583B9E47783D7897B83AC897C83B6E4CD
:107900007F8395FB8583ACE48783B4E48983BBE400
:107910008A83B5E48E83B3E4938396E49683B1E4DB
:107920009A83ADE49E83CE8A9F83AFE4A083BAE4BA
:10793000A283B0E4A883BCE4AA83AEE4AB839C94A6
:10794000B1838997B583B7E4BD83CDE4C183C5E432
:10795000C5839B90C78396FBCA83658BCC83DB8BE7
:10796000CE83C0E4D383D989D683D28FD883C3E4AE
:10797000DC83D88DDF837093E083C8E4E983EC95E2
:10798000EB83BFE4EF83D889F083D48CF1834895EF
:10799000F283C9E4F483BDE4F68397FBF783C6E47E
:1079A000FB83D0E4FD83C1E40384C2E40484B89380
:1079B0000784C7E40B84C4E40C8447960D84CAE4AE
:1079C0000E84DE881384BEE42084CCE42284CBE4DD
:1079D00029848B942A84D2E42C84DDE431849E8A29
:1079E0003584E0E43884CEE43C84D3E43D848E974F
:1079F0004684DCE4488498FB498474974E84A897B5
:107A0000578498925B848B8A618492956284E2E4C5
:107A100063849F936684AF886984DBE46B84D7E4D6
:107A20006C8492916D84D1E46E84D9E46F84DEE439
:107A300071844B947584A8887784D6E47984DFE4D4
:107A40007A8498958284DAE48484D5E48B84D38F15
:107A500090844E8F9484AA8E9984D6969C84669541
:107A60009F84E5E4A184EEE4AD84D8E4B284978AEF
:107A7000B48499FBB884F68FB984E3E4BB84E8E46A
:107A8000BC849391BF84E4E4C184EBE4C4847E921B
:107A9000C684ECE4C9847597CA84E1E4CB84578A30
:107AA000CD84E7E4D084EAE4D184AA96D684EDE4D8
:107AB000D984E6E4DA84E9E4DC8460FAEC8448966C
:107AC000EE844098F484F1E4FC84F8E4FF84F0E46C
:107AD0000085C18E0685CFE41185CC951385A096CF
:107AE0001485F7E41585F6E41785F2E41885F3E4C8
:107AF0001A8555891F85F5E42185EFE42685D39203
:107B00002C85F4E42D85FC883585A0913D85C195B3
:107B10004085F9E4418540E54385D7944885FCE4F8
:107B20004985D48F4A85C78E4B8542E54E85BC8BEF
:107B300053859AFB558543E5578599955885FBE410
:107B400059859BFB5A85D4E46385FAE468856E9871
:107B50006985A0936A8593956B859CFB6D854AE545
:107B6000778550E57E8551E5808544E5848596944A
:107B700087854EE5888546E58A8548E5908552E506
:107B8000918547E594854BE5978592899985E3939F
:107B90009B854CE59C854FE5A48545E5A6854591EB
:107BA000A88549E5A985468EAA856490AB854F8C4A
:107BB000AC85F296AE85F796AF85928FB0859EFB29
:107BC000B98556E5BA8554E5C1856D98C98553E5F3
:107BD000CD859597CF8555E5D08557E5D58558E571
:107BE000DC855BE5DD8559E5E485A193E5855AE50E
:107BF000E985CB94EA854DE5F785938FF9855CE5BA
:107C0000FA8561E5FB859491FE8560E5028641E594
:107C1000068662E5078668910A865DE50B865FE564
:107C200013865EE51686509F1786419F1A8664E587
:107C3000228663E52D8696972F86BAE1308665E524
:107C40003F8666E54D8667E54E86D58C5086738BFC
:107C5000548669E555867C995A86958B5C86B897DB
:107C60005E86F18B5F866AE567866BE56B868E9232
:107C700071866CE57986F8937B86B8888A86E18977
:107C80008B8671E58C8672E593866DE595865C8EB4
:107C9000A3866EE5A4866194A9866FE5AA8670E541
:107CA000AB867AE5AF8674E5B08677E5B68673E590
:107CB000C48675E5C68676E5C786D68EC98678E51C
:107CC000CB866092CD86758CCE86618AD4867BE524
:107CD000D9865E8ADB8681E5DE867CE5DF8680E507
:107CE000E486B894E9867DE5EC867EE5ED866795C9
:107CF000EE86D894EF8682E5F886FB91F9868CE5CE
:107D0000FB8688E5FE86E989008786E50287499635
:107D1000038787E5068784E5088785E509878AE57F
:107D20000A878DE50D878BE5118789E5128783E545
:107D3000188777921A8794E51C87A896258792E57D
:107D4000298793E534878EE5378790E53B8791E572
:107D50003F878FE54987E4904B8758984C8798E593
:107D60004E8799E553879FE55587499057879BE54F
:107D700059879EE55F8796E5608795E56387A0E56F
:107D80006687DA8968879CE56A87A1E56E879DE545
:107D900074879AE57687B192788797E57F8788948C
:107DA0008287A5E58D875A979F87A4E5A287A3E5DB
:107DB000AB87ACE5AF87A6E5B387AEE5BA87869714
:107DC000BB87B1E5BD87A8E5C087A9E5C487ADE558
:107DD000C687B0E5C787AFE5CB87A7E5D087AAE51B
:107DE000D287BBE5E087B4E5EF87B2E5F287B3E57C
:107DF000F687B8E5F787B9E5F987498AFB87618B8C
:107E0000FE87B7E50588A2E50788A1FB0D88B6E5E2
:107E10000E88BAE50F88B5E51188BCE51588BEE582
:107E20001688BDE52188C0E52288BFE5238879E56D
:107E30002788C4E53188C1E53688C2E53988C3E5BD
:107E40003B88C5E540888C8C4288C7E54488C6E5F8
:107E500046884F8F4C88738D4D88A59F5288C8E502
:107E60005388708F5788588A5988C9E55B8871890B
:107E70005D88D58F5E88CAE56188748D6288CBE5A0
:107E80006388DF8868885C956B88CCE570888A9009
:107E90007288D3E57588D0E577888F927D88D1E5A3
:107EA0007E88CEE57F88DC8B8188CDE58288D4E52D
:107EB0008888558C8B88DC918D88DAE59288D6E5A8
:107EC0009688B3919788D5E59988D8E59E88CFE5BF
:107ED000A288D9E5A488DBE5AB88ED94AE88D7E528
:107EE000B088DCE5B188DEE5B488D18CB588D2E510
:107EF000B788BF88BF88DDE5C188D98DC288F4976F
:107F0000C388DFE5C488E0E5C5889591CF88A09750
:107F1000D488E1E5D5885497D888E2E5D988E3E5A7
:107F2000DC88E295DD88E4E5DF88BE8DE188A197F5
:107F3000E888E9E5F288EAE5F388D68FF488E8E591
:107F4000F588A2FBF8888797F988E5E5FC88E7E5DE
:107F5000FD88BB90FE889E900289E6E50489EBE5EA
:107F60000789A1950A89EDE50C89ECE510898C8AD1
:107F700012894A961389EEE51C895DFA1D89FAE596
:107F80001E89F0E52589F1E52A89F2E52B89F3E5DB
:107F90003689F7E53889F8E53B89F6E54189F4E566
:107FA0004389EFE54489F5E54C89F9E54D89B5E864
:107FB0005689A6895E89FCE55F89DD8B6089FBE5D2
:107FC000648941E6668940E66A8943E66D8942E64E
:107FD0006F8944E67289508F748945E6778946E651
:107FE0007E8947E67F89BC9081897697838948E6B8
:107FF0008689A29587896594888949E68A894AE6AF
:108000008B89A98C8F894B8B93894BE696898B8EB4
:108010009789609498894CE69A896F8AA1894DE680
:10802000A6894FE6A7899797A9894EE6AA89659000
:10803000AC8950E6AF8951E6B28952E6B389CF8A5E
:10804000BA8953E6BD8954E6BF8955E6C08956E62C
:10805000D289708ADA8957E6DC8958E6DD8959E6E3
:10806000E389F089E6894790E7895AE6F4895BE677
:10807000F8895CE6008ABE8C028AF992038A5DE682
:10808000088A768C0A8A75900C8A60E60E8AA2931A
:10809000108A5FE6128AA3FB138A508C168A5EE66A
:1080A000178AF591188A4C8B1B8A61E61D8A62E655
:1080B0001F8AD78F238A8D8C258A63E62A8A4B965E
:1080C0002D8ADD90318A968B338AF396348A6991B2
:1080D000368A64E6378AA4FB3A8A66903B8A909295
:1080E0003C8AD88F418A65E6468A68E6488A69E60E
:1080F000508ABC8D518AC091528A67E6548AD98FC2
:10810000558A5D955B8A66E65E8A8C8E608A728986
:10811000628A6DE6638A778C668A8E8E698A8D8E16
:108120006B8A6C986C8A6CE66D8A6BE66E8A4691F7
:10813000708A6C8B718A6298728A598A738ADA8F14
:10814000798AA5FB7C8A6AE6828A6FE6848A70E671
:10815000858A6EE6878AD68C898A5F978C8A8F8E0D
:108160008D8A4694918A73E6938ABE90958A61922D
:10817000988A55979A8A76E69E8AEA8CA08ABD905C
:10818000A18A72E6A38A77E6A48AEB8CA58A74E6B4
:10819000A68A75E6A78AA6FBA88A71E6AC8AE09053
:1081A000AD8AC793B08A4E92B28ADB89B98AEE94BF
:1081B000BC8A628BBE8AA7FBBF8AB292C28A7AE669
:1081C000C48A78E6C78A6B92CB8ABF90CC8AD08A61
:1081D000CD8A79E6CF8A7A90D28AC897D68A5F9874
:1081E000DA8A7BE6DB8A87E6DC8AB392DE8A86E679
:1081F000DF8AA8FBE08A83E6E18A8BE6E28A84E6EE
:10820000E48A80E6E68AFA92E78A7EE6EB8A7CE6F2
:10821000ED8A4097EE8A908EF18A81E6F38A7DE6B8
:10822000F68AAAFBF78A85E6F88A948FFA8ABF8CC9
:10823000FE8AF891008B6496018B7989028BE08825
:10824000048BA393078B89E60C8B88E60E8BE49353
:10825000108B8DE6148B82E6168B8CE6178B8EE6E0
:10826000198BAA8C1A8B8AE61B8B758D1D8BD38E6E
:10827000208B8FE6218B7797268B92E6288B95E6CD
:108280002B8B93E62C8B5495338B90E6398BDE8BBE
:108290003E8B94E6418B96E6498B9AE64C8B97E6AB
:1082A0004E8B99E64F8B98E6538BABFB568B9BE638
:1082B000588BAF8E5A8B9DE65B8B9CE65C8B8895CA
:1082C0005F8B9FE6668B788C6B8B9EE66C8BA0E653
:1082D0006F8BA1E6708B638B718BBFE3728BF78F13
:1082E000748BA2E6778BEC8C7D8BA3E67F8BACFB4B
:1082F000808BA4E6838B5D8E8A8BCC9D8C8BA5E6D0
:108300008E8BA6E6908B518F928BA7E6938BA8E677
:10831000968BA9E6998BAAE69A8BABE6378C4A92A4
:108320003A8CACE63F8CAEE6418CADE6468CA4932D
:10833000488CAFE64A8C4C964C8CB0E64E8CB1E63D
:10834000508CB2E6558CB3E65A8CD893618CDB8F97
:10835000628CB4E66A8C8B8D6B8CAC986C8CB5E6B9
:10836000788CB6E6798C5E957A8CB7E67C8CBFE625
:10837000828CB8E6858CBAE6898CB9E68A8CBBE635
:108380008C8C65968D8CBCE68E8CBDE6948CBEE69E
:10839000988CC0E69D8C4C8A9E8CE592A08C899529
:1083A000A18CE08DA28C768DA78C6E95A88CDD8932
:1083B000A98CCC94AA8CC3E6AB8CD18AAC8CD3901C
:1083C000AD8CC2E6AE8CC7E6AF8C9992B08CE196CC
:1083D000B28CC5E6B38CC6E6B48C4D8BB68CC8E6C1
:1083E000B78C8394B88CDD91BB8CEF94BC8C5C9380
:1083F000BD8CC4E6BF8C6696C08CEA89C18CCAE687
:10840000C28C4798C38CC092C48C6498C78C918EE0
:10841000C88CC9E6CA8CAF91CD8CDAE6CE8C479178
:10842000D18CF693D38C6F95DA8CCDE6DB8C5E8E97
:10843000DC8C928EDE8CDC8FE08C8594E28CAB8CB5
:10844000E38CCCE6E48CCBE6E68C8A95EA8CBF8E96
:10845000ED8C7193F08CADFBF48CAEFBFA8CCFE617
:10846000FB8CD0E6FC8C778DFD8CCEE6048DD1E6BE
:10847000058DD2E6078DD4E6088DA1910A8DD3E64D
:108480000B8DE48A0D8DD6E60F8DD5E6108DD7E6DF
:10849000128DAFFB138DD9E6148DDBE6168DDCE66D
:1084A000648DD490668DCD8E678DDDE66B8D718A7F
:1084B0006D8DDEE6708D9691718DDFE6738DE0E651
:1084C000748D8B95768DB0FB778D4E8B818DE1E62B
:1084D000858DB4928A8D7A89998DE2E6A38DEF8E8F
:1084E000A88D9690B38DAB91BA8DE5E6BE8DE4E68E
:1084F000C28DE3E6CB8DEBE6CC8DE9E6CF8DE6E6EB
:10850000D68DE8E6DA8DE7E6DB8DEAE6DD8D978B42
:10851000DF8DEEE6E18DD590E38DEFE6E88DD78C2B
:10852000EA8DECE6EB8DEDE6EF8D4898F38DB59294
:10853000F58D4891FC8DF0E6FF8DF3E6088EF1E6AF
:10854000098EF2E60A8E78970F8EA593108EF6E6C6
:108550001D8EF4E61E8EF5E61F8EF7E62A8E48E79E
:10856000308EFAE6348EFBE6358EF9E6428EF8E67A
:10857000448EFB92478E40E7488E44E7498E41E7A0
:108580004A8EFCE64C8E42E7508E43E7558E4AE712
:10859000598E45E75F8ED690608E47E7638E49E738
:1085A000648E46E7728E4CE7748E528F768E4BE760
:1085B0007C8E4DE7818E4EE7848E51E7858E50E7A5
:1085C000878E4FE78A8E53E78B8E52E78D8EF49617
:1085D000918E55E7938E54E7948E56E7998E57E720
:1085E000A18E59E7AA8E58E7AB8E6790AC8E5AE7FA
:1085F000AF8EEB8BB08E5BE7B18E5DE7BE8E5EE734
:10860000C58E5FE7C68E5CE7C88E60E7CA8ED48EE3
:10861000CB8E61E7CC8E4F8BCD8E528CCF8EB2FB42
:10862000D28EAC8CDB8E62E7DF8EEE93E28E5D93B2
:10863000E38E63E7EB8E66E7F88EB28EFB8E65E71E
:10864000FC8E64E7FD8E798CFE8E67E7038F728A5D
:10865000058F69E7098FDA8D0A8F68E70C8F71E75C
:10866000128F6BE7138F6DE7148FE395158F6AE711
:10867000198F6CE71B8F70E71C8F6EE71D8F508B77
:108680001F8F6FE7268F72E7298F79942A8FD697ED
:108690002F8F538F338F73E7388F4197398F75E75B
:1086A0003B8F74E73E8F78E73F8F6097428F77E785
:1086B000448F8D8A458F76E7468F7BE7498F7AE72F
:1086C0004C8F79E74D8F51934E8F7CE7578F7DE725
:1086D0005C8F7EE75F8F8C8D618F448C628F80E72B
:1086E000638F81E7648F82E79B8F68909C8F83E71D
:1086F0009E8FAB8E9F8F84E7A38F85E7A78F9F996F
:10870000A88F9E99AD8F86E7AE8F90E3AF8F87E7F6
:10871000B08F4392B18F4A90B28F5F94B78F88E742
:10872000BA8FD395BB8FD292BC8F9E8DBF8F48924C
:10873000C28F4989C48F9896C58F7690CE8F7D8CD5
:10874000D18FDF8BD48FD495DA8F89E7E28F8BE7D7
:10875000E58F8AE7E68FDE89E98FF493EA8F8CE76D
:10876000EB8F9794ED8F5293EF8F8DE7F08F718F92
:10877000F48F8FE7F78FC096F88F9EE7F98F91E718
:10878000FA8F92E7FD8FC7920090DE91019097914A
:108790000390A693059090E70690748B0B9099E751
:1087A0000D9096E70E90A3E70F90A79310908092FC
:1087B000119093E71390FC9214907293159094E7A4
:1087C000169098E717908090199087941A90CA9203
:1087D0001D90C0901E9097E71F90AC912090A291A1
:1087E000219095E72290A7882390419827909AE7B7
:1087F0002E90DF913190548F3290699035909CE7A4
:1088000036909BE73890ED8839909DE73C904E95E7
:108810003E90A5E74190D99342908B9045907892F5
:108820004790F68B4990A4E74A9056974B905E8903
:108830004D90D5954E90DF894F909FE75090A0E7DF
:108840005190A1E75290A2E75390B993549042926D
:108850005590E1885690A6E75890A7E75990A1EA6D
:108860005C90BB915E90A8E76090938961906B915A
:108870006390AD8C659079976790B5FB6890A9E798
:1088800069904B936D9098916E90D58E6F90AAE7FA
:108890007290ADE77590858F7690ABE777904A91AF
:1088A000789049917A90E2887C90C9977D90AFE763
:1088B0007F90F0948090B1E78190B0E78290AEE72E
:1088C000839084E28490D28A87908EE78990B3E780
:1088D0008A90B2E78F90B4E791905797A390DF9377
:1088E000A6904D96A890B5E7AA90D78EAF90B6E720
:1088F000B190B7E7B590B8E7B8904093C190E888D9
:10890000CA90788DCE905998DB90BCE7DE90B6FB8C
:10891000E190538CE290B9E7E490BAE7E89094953F
:10892000ED90738AF5905897F790BD8BFD907393F7
:108930000291BDE71291BEE71591B8FB1991BFE70F
:108940002791B9FB2D9141933091C1E73291C0E756
:108950004991D1934A91C2E74B91558F4C91DE8E4C
:108960004D917A944E9191925291F08E54918C90B7
:108970005691C3E75891C4E762917C906391C5E733
:108980006591C6E76991C7E76A918F976C91568F99
:108990007291C9E77391C8E77591798D7791938D3D
:1089A00078915F8E8291CCE78791868F8991CBE712
:1089B0008B91CAE78D91E7919091ED8C9291C19046
:1089C0009791AE949C91588FA291CDE7A491DD8FA1
:1089D000AA91D0E7AB91CEE7AF91CFE7B491D2E7C0
:1089E000B591D1E7B891F88FBA91D3E7C091D4E7A8
:1089F000C191D5E7C691CE94C791D18DC891DF8E34
:108A0000C991D6E7CB91D7E7CC91A297CD91648F4E
:108A1000CE91EC96CF91CA97D091D8E7D191E08BC7
:108A2000D691D9E7D791BBFBD8914293DA91BAFBA3
:108A3000DB91DCE7DC91988ADD916A90DE91BCFBEA
:108A4000DF91DAE7E191DBE7E391DE92E491BFFBAE
:108A5000E591C0FBE6917496E791FA8BED91BDFB31
:108A6000EE91BEFBF591DEE7F691DFE7FC91DDE7E5
:108A7000FF91E1E70692C1FB0A92C3FB0D92DD93E1
:108A80000E92628A1092C2FB1192E5E71492E2E71D
:108A90001592E4E71E92E0E729926EE82C92E3E754
:108AA0003492E9973792D88C3992CAFB3A92C4FB38
:108AB0003C92C6FB3F92EDE74092C5FB4492539334
:108AC0004592E8E74892EBE74992E9E74B92EEE7F7
:108AD0004E92C7FB5092EFE75192C9FB5792E7E7DE
:108AE0005992C8FB5A92F4E75B9294895E92E6E74A
:108AF0006292AB946492EAE76692DE8F6792CBFB58
:108B000071927A8D7792CDFB7892CEFB7E926796AA
:108B10008092E28B8392658F8592BA9388925FFAF6
:108B200091924C919392F2E79592ECE79692F1E74D
:108B30009892C1969A92B6929B92F3E79C92F0E734
:108B4000A792CCFBAD924B91B792F7E7B992F6E7BB
:108B5000CF92F5E7D092D2FBD2924E96D392D6FB2B
:108B6000D592D4FBD792D0FBD992D1FBE092D5FB22
:108B7000E4929B8FE792CFFBE992F8E7EA92DD95CA
:108B8000ED927389F2926595F3929292F892988B96
:108B9000F99265FAFA92FAE7FB92D9FBFC927C8D86
:108BA000FF92DCFB0293DEFB06934B8E0F93F9E7FB
:108BB00010938D9018938E90199340E81A9342E881
:108BC0001D93DDFB1E93DBFB2093F98F2193D8FBD4
:108BD000229341E8239343E82593D7FB2693D18B37
:108BE000289364952B93E08E2C9342982E93FCE768
:108BF0002F93F68D32935E98359345E83A9344E887
:108C00003B9346E84493FBE748935EFA4B93E79324
:108C10004D9374935493D59256934BE85793E0FB3E
:108C20005B9362925C9347E8609348E86C934C8C4A
:108C30006E934AE87093DFFB7593AE8C7C9349E8A2
:108C40007E93DF8F8C93998A94934FE89693BD8D92
:108C5000979399919A93C892A493E1FBA7935A8A08
:108C6000AC934DE8AD934EE8AE93C192B0934CE80F
:108C7000B99350E8C39356E8C693E2FBC89359E80A
:108C8000D09358E8D1934C93D69351E8D79352E8B8
:108C9000D89355E8DD9357E8DE93E3FBE193BE8B71
:108CA000E4935AE8E59354E8E89353E8F893E4FB37
:108CB00003945EE807945FE8109460E813945DE81D
:108CC00014945CE81894E08F1994A8931A945BE8C4
:108CD000219464E82B9462E83194E5FB359463E8D1
:108CE000369461E83894F6913A9465E8419466E8E0
:108CF000449468E84594E6FB4894E7FB5194D38A92
:108D0000529467E85394F8965A9473E85B9469E830
:108D10005E946CE860946AE862946BE86A946DE82B
:108D200070946FE8759470E8779471E87C9474E8B7
:108D30007D9472E87E9475E87F9477E8819476E874
:108D40007795B7928095E596829578E883954D91D1
:108D5000879579E88995C2958A957AE88B954A8AAC
:108D60008F955B899195D58A9295E8FB9395D48AE6
:108D700094957BE896957CE898957DE899957EE8B2
:108D8000A09580E8A295D68AA395748AA4957D8D36
:108D9000A595B494A79582E8A89581E8AD9583E858
:108DA000B2957B89B99586E8BB9585E8BC9584E842
:108DB000BE9587E8C3958AE8C795C588CA9588E8AF
:108DC000CC958CE8CD958BE8D4958EE8D5958DE83B
:108DD000D6958FE8D895AC93DC9590E8E19591E82D
:108DE000E29593E8E59592E81C968C95219694E897
:108DF000289695E82A96E38D2E9696E82F9697E882
:108E0000329668963B966A913F96A2884096C991A1
:108E1000429698E844968D954B969BE84C9699E837
:108E20004D967E8D4F969AE85096C08C5B96C39572
:108E30005C969DE85D969FE85E969EE85F96A0E84A
:108E4000629640896396779064969C8F6596D78AE0
:108E50006696A1E86A9686946C96A3E87096418916
:108E60007296A2E87396C2927596CB977696A9935E
:108E700077969CE87896A4977A96AF8C7D967A97A9
:108E80008596F78B8696B2978896478C8A96E0915E
:108E90008B9640E48D96A4E88E964B8A8F968F90A1
:108EA0009496758A9596A6E89796A7E89896A5E869
:108EB0009996848C9B96DB8D9C96E18F9D96EBFB1F
:108EC000A0964289A396D797A796A9E8A896ACE75B
:108ED000AA96A8E8AF96ECFBB096ACE8B196AAE8E3
:108EE000B296ABE8B496ADE8B696AEE8B796EA9718
:108EF000B896AFE8B996B0E8BB96C790BC96B9945F
:108F0000C0969D90C196E58AC4965997C596EB89FF
:108F1000C696578FC796D98CC996B3E8CB96B2E858
:108F2000CC96938ECD96B4E8CE96B1E8D196478E86
:108F3000D596B8E8D696ABE5D996D499DB969790B6
:108F4000DC96B6E8E296A397E396EF93E8964A8913
:108F5000EA96E190EB96B48EF096B595F2965F891D
:108F6000F696EB97F7968B97F996B9E8FB9664938C
:108F70000097F98E0497BAE80697BBE807976B90BD
:108F80000897BCE80A97EC970D97B7E80E97BEE8EC
:108F90000F97C0E81197BFE81397BDE81697C1E88F
:108FA0001997C2E81C979A911E97E0892497C3E805
:108FB0002797B6962A97C4E83097C5E8329749981C
:108FC0003397EDFB3897509E3997C6E83B97EEFBF9
:108FD0003D97C7E83E97C8E84297CCE84397EFFB38
:108FE0004497C9E84697CAE84897CBE84997CDE83F
:108FF0004D97F0FB4F97F1FB5197F2FB5297C290C0
:109000005597F3FB5697F5965997C3905C97CEE822
:109010005E97F1946097CFE8619772EA6297CA967B
:109020006497D0E86697D1E86897D2E86997768A1E
:109030006B97D4E86D9778907197D5E87497438CC7
:109040007997D6E87A97DAE87C97D8E88197D9E8D3
:109050008497938A8597D7E88697DBE88B97DCE837
:109060008D97C6888F97DDE89097DEE89897E28F16
:109070009C97DFE8A097668BA397E2E8A697E1E8C4
:10908000A897E0E8AB9791E6AD97DA95B397E3E858
:10909000B497E4E8C397E5E8C697E6E8C897E7E839
:1090A000CB97E8E8D397D88ADC97E9E8ED97EAE828
:1090B000EE974294F297ECE8F397B989F597EFE8C9
:1090C000F697EEE8FB974389FF97BF8B0198C5950C
:1090D0000298B8920398A08D0598808D0698878F86
:1090E00008987B900C98F1E80F98F0E81098619739
:1090F0001198E68A1298D0941398DA9317989C9056
:109100001898CC971A987A8C2198F4E82498F3E868
:109110002C986A962D98AA9334986F893798F5E819
:109120003898F2E83B9870953C988A973D98F6E815
:109130004698F7E84B98F9E84C98E8914D987A8A68
:109140004E987B8A4F98F8E85498E78A5598B08CE7
:109150005798F4FB5898E88A5B985E935E98DE9780
:109160006598F5FB6798DA8C6B98FAE86F98FBE8DE
:109170007098FCE8719840E9739842E9749841E965
:10918000A8989795AA9843E9AF9844E9B19845E91A
:10919000B69846E9C39848E9C49847E9C69849E9AA
:1091A000DB98F294DC98CAE3DF984890E298518B00
:1091B000E9984AE9EB984BE9ED98AA99EE985A9FFD
:1091C000EF98D194F298F988F498B988FC98948E25
:1091D000FD984F96FE98FC8F03994CE90599DD9612
:1091E00009994DE90A997B970C9961891099608ECC
:1091F00012994EE91399EC8914994FE9189950E99D
:109200001D9952E91E9953E9209955E9219951E98F
:10921000249954E92799F8FB2899D98A2C9956E979
:109220002E9957E93D9958E93E9959E942995AE9E9
:1092300045995CE949995BE94B995EE94C9961E98B
:1092400050995DE951995FE9529960E9559962E950
:109250005799C08B9699F18E979963E9989964E92B
:109260009999818D9E99FAFBA59965E9A8995D8ADE
:10927000AC996E94AD9966E9AE9967E9B399799224
:10928000B499E993BC9968E9C1999D94C499CA912C
:10929000C5997789C699EC8BC899ED8BD099939233
:1092A000D1996DE9D299EE8BD599ED89D8996CE970
:1092B000DB996AE9DD996BE9DF9969E9E29977E978
:1092C000ED996EE9EE996FE9F19970E9F29971E91A
:1092D000F89973E9FB9972E9FF99788F019A74E91B
:1092E000059A76E90E9A528B0F9A75E9129A9B911C
:1092F000139AB18C199A78E9289ACB912B9A79E92B
:10930000309AAB93379A7AE93E9A80E9409A7DE9A0
:10931000429A7CE9439A7EE9459A7BE94D9A82E933
:109320004E9AFBFB559A81E9579A84E95A9AC18B68
:109330005B9A83E95F9A85E9629A86E9649A88E98B
:10934000659A87E9699A89E96A9A8BE96B9A8AE949
:10935000A89A9C8DAD9A8CE9B09A8DE9B89A5B8AEF
:10936000BC9A8EE9C09A8FE9C49A9190CF9A90E9FD
:10937000D19A91E9D39A92E9D49A93E9D89A828DB5
:10938000D99AFCFBDC9A40FCDE9A94E9DF9A95E9D5
:10939000E29A96E9E39A97E9E69A98E9EA9AAF940D
:1093A000EB9A9AE9ED9A4595EE9A9BE9EF9A99E93D
:1093B000F19A9DE9F49A9CE9F79A9EE9FB9A9FE954
:1093C000069BA0E9189BA1E91A9BA2E91F9BA3E9B0
:1093D000229BA4E9239BA5E9259BA6E9279BA7E956
:1093E000289BA8E9299BA9E92A9BAAE92E9BABE91E
:1093F0002F9BACE9319B549F329BADE93B9BF6E23E
:109400003C9B538B419B408A429BB08D439BAFE971
:10941000449BAEE9459BA3964D9BB1E94E9BB2E9B7
:109420004F9BB0E9519BB3E9549B8296589BB4E99A
:109430005A9B9B8B6F9B4498729B42FC749BB5E933
:10944000759B41FC839BB7E98E9BBC888F9B43FC3B
:10945000919BB8E9929BA995939BB6E9969BB9E934
:10946000979BBAE99F9BBBE9A09BBCE9A89BBDE980
:10947000AA9B8E96AB9B4C8EAD9BF88DAE9B4E916E
:10948000B19B44FCB49BBEE9B99BC1E9BB9B45FCC5
:10949000C09BBFE9C69BC2E9C99BEF8CCA9BC0E9D0
:1094A000CF9BC3E9D19BC4E9D29BC5E9D49BC9E951
:1094B000D69B498EDB9BE291E19BCAE9E29BC7E91F
:1094C000E39BC6E9E49BC8E9E89B7E8CF09BCEE970
:1094D000F19BCDE9F29BCCE9F59BB188009C46FC61
:1094E000049CD8E9069CD4E9089CD5E9099CD1E9FB
:1094F0000A9CD7E90C9CD3E90D9C828A109C6B983E
:10950000129CD6E9139CD2E9149CD0E9159CCFE9B2
:109510001B9CDAE9219CDDE9249CDCE9259CDBE944
:109520002D9C68952E9CD9E92F9CF188309CDEE912
:10953000329CE0E9399C8F8A3A9CCBE93B9C568966
:109540003E9CE2E9469CE1E9479CDFE9489C4C925D
:10955000529C9096579CD8975A9CE3E9609CE4E90A
:10956000679CE5E9769CE6E9789CE7E9E59CB99299
:10957000E79CE8E9E99CB594EB9CEDE9EC9CE9E912
:10958000F09CEAE9F39C5096F49CC296F69CCE932C
:10959000039DEEE9069DEFE9079DBC93089DECE96C
:1095A000099DEBE90E9DA889129DF7E9159DF6E945
:1095B0001B9D95891F9DF4E9239DF3E9269DF1E903
:1095C000289D9B8A2A9DF0E92B9DB08E2C9DA78912
:1095D0003B9D838D3E9DFAE93F9DF9E9419DF8E968
:1095E000449DF5E9469DFBE9489DFCE9509D44EA10
:1095F000519D43EA599D45EA5C9D4C895D9D40EA39
:109600005E9D41EA609D948D619DB796649D42EA9E
:109610006B9D48FC6C9D51966F9D4AEA709D47FC7E
:10962000729D46EA7A9D4BEA879D48EA899D47EA02
:109630008F9D7B8C9A9D4CEAA49D4DEAA99D4EEA94
:10964000AB9D49EAAF9DF2E9B29D4FEAB49DDF922E
:10965000B89D53EABA9D54EABB9D52EAC19D51EAB6
:10966000C29D57EAC49D50EAC69D55EACF9D56EA71
:10967000D39D59EAD99D58EAE69D5BEAED9D5CEAE7
:10968000EF9D5DEAF29D6898F89D5AEAF99DE9918F
:10969000FA9DEB8DFD9D5EEA199E4AFC1A9E5FEADB
:1096A0001B9E60EA1E9E61EA759E62EA789EB28CFD
:1096B000799E63EA7D9E64EA7F9EAD8E819E65EA17
:1096C000889E66EA8B9E67EA8C9E68EA919E6BEAAA
:1096D000929E69EA939E5B98959E6AEA979EED97A3
:1096E0009D9E6CEA9F9ED997A59E6DEAA69E9E942C
:1096F000A99E6EEAAA9E70EAAD9E71EAB89E6FEAD4
:10970000B99E8D8DBA9ECB96BB9E8396BC9EF59BD3
:10971000BE9E809FBF9E9B96C49EA989CC9E73EAE5
:10972000CD9E6F8BCE9E74EACF9E75EAD09E76EA70
:10973000D19E4BFCD29E958DD49E77EAD89ED2E0E6
:10974000D99ED996DB9EE191DC9E78EADD9E7AEA8D
:10975000DE9E79EAE09E7BEAE59E7CEAE89E7DEA71
:10976000EF9E7EEAF49E80EAF69E81EAF79E82EA08
:10977000F99E83EAFB9E84EAFC9E85EAFD9E86EACA
:10978000079F87EA089F88EA0E9F4393139FDB8C0D
:10979000159F8AEA209F6C91219F8BEA2C9F8CEA6F
:1097A0003B9F40953E9F8DEA4A9F8EEA4B9F56E233
:1097B0004E9FD8E64F9FEBE8529F8FEA549F90EA66
:1097C0005F9F92EA609F93EA619F94EA629FEE979F
:1097D000639F91EA669F95EA679F96EA6A9F98EA77
:1097E0006C9F97EA729F9AEA769F9BEA779F99EA25
:1097F0008D9FB497959F9CEA9C9F9DEA9D9F73E2E5
:10980000A09F9EEA29F9E0FADCF9E9FB0EFA90FA4A
:109810000FFA9BFA10FA9CFA11FAB1FA12FAD8FA76
:1098200013FAE8FA14FAEAFA15FA58FB16FA5EFB8C
:1098300017FA75FB18FA7DFB19FA7EFB1AFA80FB02
:109840001BFA82FB1CFA86FB1DFA89FB1EFA92FBAF
:109850001FFA9DFB20FA9FFB21FAA0FB22FAA9FB2D
:1098600023FAB1FB24FAB3FB25FAB4FB26FAB7FBC3
:1098700027FAD3FB28FADAFB29FAEAFB2AFAF6FBE5
:109880002BFAF7FB2CFAF9FB2DFA49FC01FF498171
:1098900002FF57FA03FF948104FF908105FF938133
:1098A00006FF958107FF56FA08FF698109FF6A8163
:1098B0000AFF96810BFF7B810CFF43810DFF7C81AA
:1098C0000EFF44810FFF5E8110FF4F8211FF508217
:1098D00012FF518213FF528214FF538215FF5482EC
:1098E00016FF558217FF568218FF578219FF5882BC
:1098F0001AFF46811BFF47811CFF83811DFF818169
:109900001EFF84811FFF488120FF978121FF608215
:1099100022FF618223FF628224FF638225FF64822B
:1099200026FF658227FF668228FF678229FF6882FB
:109930002AFF69822BFF6A822CFF6B822DFF6C82CB
:109940002EFF6D822FFF6E8230FF6F8231FF70829B
:1099500032FF718233FF728234FF738235FF74826B
:1099600036FF758237FF768238FF778239FF78823B
:109970003AFF79823BFF6D813CFF5F813DFF6E8145
:109980003EFF4F813FFF518140FF4D8141FF81826A
:1099900042FF828243FF838244FF848245FF8582A7
:1099A00046FF868247FF878248FF888249FF898277
:1099B0004AFF8A824BFF8B824CFF8C824DFF8D8247
:1099C0004EFF8E824FFF8F8250FF908251FF918217
:1099D00052FF928253FF938254FF948255FF9582E7
:1099E00056FF968257FF978258FF988259FF9982B7
:1099F0005AFF9A825BFF6F815CFF62815DFF70811D
:109A00005EFF608161FFA10062FFA20063FFA3000F
:109A100064FFA40065FFA50066FFA60067FFA7001E
:109A200068FFA80069FFA9006AFFAA006BFFAB00EE
:109A30006CFFAC006DFFAD006EFFAE006FFFAF00BE
:109A400070FFB00071FFB10072FFB20073FFB3008E
:109A500074FFB40075FFB50076FFB60077FFB7005E
:109A600078FFB80079FFB9007AFFBA007BFFBB002E
:109A70007CFFBC007DFFBD007EFFBE007FFFBF00FE
:109A800080FFC00081FFC10082FFC20083FFC300CE
:109A900084FFC40085FFC50086FFC60087FFC7009E
:109AA00088FFC80089FFC9008AFFCA008BFFCB006E
:109AB0008CFFCC008DFFCD008EFFCE008FFFCF003E
:109AC00090FFD00091FFD10092FFD20093FFD3000E
:109AD00094FFD40095FFD50096FFD60097FFD700DE
:109AE00098FFD80099FFD9009AFFDA009BFFDB00AE
:109AF0009CFFDC009DFFDD009EFFDE009FFFDF007E
:109B0000E0FF9181E1FF9281E2FFCA81E3FF508192
:109B1000E4FF55FAE5FF8F8100000000A10061FF1E
:109B2000A20062FFA30063FFA40064FFA50065FF1D
:109B3000A60066FFA70067FFA80068FFA90069FFED
:109B4000AA006AFFAB006BFFAC006CFFAD006DFFBD
:109B5000AE006EFFAF006FFFB00070FFB10071FF8D
:109B6000B20072FFB30073FFB40074FFB50075FF5D
:109B7000B60076FFB70077FFB80078FFB90079FF2D
:109B8000BA007AFFBB007BFFBC007CFFBD007DFFFD
:109B9000BE007EFFBF007FFFC00080FFC10081FFCD
:109BA000C20082FFC30083FFC40084FFC50085FF9D
:109BB000C60086FFC70087FFC80088FFC90089FF6D
:109BC000CA008AFFCB008BFFCC008CFFCD008DFF3D
:109BD000CE008EFFCF008FFFD00090FFD10091FF0D
:109BE000D20092FFD30093FFD40094FFD50095FFDD
:109BF000D60096FFD70097FFD80098FFD90099FFAD
:109C0000DA009AFFDB009BFFDC009CFFDD009DFF7C
:109C1000DE009EFFDF009FFF408100304181013068
:109C20004281023043810CFF44810EFF4581FB30AD
:109C300046811AFF47811BFF48811FFF498101FFB1
:109C40004A819B304B819C304C81B4004D8140FF58
:109C50004E81A8004F813EFF5081E3FF51813FFFBD
:109C60005281FD305381FE3054819D3055819E30AC
:109C7000568103305781DD4E5881053059810630B9
:109C80005A8107305B81FC305C8115205D8110209A
:109C90005E810FFF5F813CFF60815EFF6181252255
:109CA00062815CFF63812620648125206581182004
:109CB0006681192067811C2068811D20698108FF49
:109CC0006A8109FF6B8114306C8115306D813BFF17
:109CD0006E813DFF6F815BFF70815DFF7181083098
:109CE0007281093073810A3074810B3075810C30B8
:109CF00076810D3077810E3078810F307981103088
:109D00007A8111307B810BFF7C810DFF7D81B10059
:109D10007E81D7008081F70081811DFF82816022D2
:109D200083811CFF84811EFF8581662286816722D4
:109D300087811E2288813422898142268A81402699
:109D40008B81B0008C8132208D8133208E81032164
:109D50008F81E5FF908104FF9181E0FF9281E1FF17
:109D6000938105FF948103FF958106FF96810AFF89
:109D7000978120FF9881A700998106269A81052660
:109D80009B81CB259C81CF259D81CE259E81C7259A
:109D90009F81C625A081A125A181A025A281B325EF
:109DA000A381B225A481BD25A581BC25A6813B2028
:109DB000A7811230A8819221A9819021AA819121A5
:109DC000AB819321AC811330B8810822B9810B2279
:109DD000BA818622BB818722BC818222BD818322F7
:109DE000BE812A22BF812922C8812722C981282237
:109DF000CA81E2FFCB81D221CC81D421CD81002246
:109E0000CE810322DA812022DB81A522DC8112238C
:109E1000DD810222DE810722DF816122E081522280
:109E2000E1816A22E2816B22E3811A22E4813D22F0
:109E3000E5811D22E6813522E7812B22E8812C2253
:109E4000F0812B21F1813020F2816F26F3816D2684
:109E5000F4816A26F5812020F6812120F781B60061
:109E6000FC81EF254F8210FF508211FF518212FFBB
:109E7000528213FF538214FF548215FF558216FF3E
:109E8000568217FF578218FF588219FF608221FF00
:109E9000618222FF628223FF638224FF648225FFA6
:109EA000658226FF668227FF678228FF688229FF76
:109EB00069822AFF6A822BFF6B822CFF6C822DFF46
:109EC0006D822EFF6E822FFF6F8230FF708231FF16
:109ED000718232FF728233FF738234FF748235FFE6
:109EE000758236FF768237FF778238FF788239FFB6
:109EF00079823AFF818241FF828242FF838243FF5F
:109F0000848244FF858245FF868246FF878247FF21
:109F1000888248FF898249FF8A824AFF8B824BFFF1
:109F20008C824CFF8D824DFF8E824EFF8F824FFFC1
:109F3000908250FF918251FF928252FF938253FF91
:109F4000948254FF958255FF968256FF978257FF61
:109F5000988258FF998259FF9A825AFF9F82413016
:109F6000A0824230A1824330A2824430A382453095
:109F7000A4824630A5824730A6824830A782493065
:109F8000A8824A30A9824B30AA824C30AB824D3035
:109F9000AC824E30AD824F30AE825030AF82513005
:109FA000B0825230B1825330B2825430B3825530D5
:109FB000B4825630B5825730B6825830B7825930A5
:109FC000B8825A30B9825B30BA825C30BB825D3075
:109FD000BC825E30BD825F30BE826030BF82613045
:109FE000C0826230C1826330C2826430C382653015
:109FF000C4826630C5826730C6826830C7826930E5
:10A00000C8826A30C9826B30CA826C30CB826D30B4
:10A01000CC826E30CD826F30CE827030CF82713084
:10A02000D0827230D1827330D2827430D382753054
:10A03000D4827630D5827730D6827830D782793024
:10A04000D8827A30D9827B30DA827C30DB827D30F4
:10A05000DC827E30DD827F30DE828030DF828130C4
:10A06000E0828230E1828330E2828430E382853094
:10A07000E4828630E5828730E6828830E782893064
:10A08000E8828A30E9828B30EA828C30EB828D3034
:10A09000EC828E30ED828F30EE829030EF82913004
:10A0A000F0829230F18293304083A1304183A2301C
:10A0B0004283A3304383A4304483A5304583A63034
:10A0C0004683A7304783A8304883A9304983AA3004
:10A0D0004A83AB304B83AC304C83AD304D83AE30D4
:10A0E0004E83AF304F83B0305083B1305183B230A4
:10A0F0005283B3305383B4305483B5305583B63074
:10A100005683B7305783B8305883B9305983BA3043
:10A110005A83BB305B83BC305C83BD305D83BE3013
:10A120005E83BF305F83C0306083C1306183C230E3
:10A130006283C3306383C4306483C5306583C630B3
:10A140006683C7306783C8306883C9306983CA3083
:10A150006A83CB306B83CC306C83CD306D83CE3053
:10A160006E83CF306F83D0307083D1307183D23023
:10A170007283D3307383D4307483D5307583D630F3
:10A180007683D7307783D8307883D9307983DA30C3
:10A190007A83DB307B83DC307C83DD307D83DE3093
:10A1A0007E83DF308083E0308183E1308283E23060
:10A1B0008383E3308483E4308583E5308683E6302F
:10A1C0008783E7308883E8308983E9308A83EA30FF
:10A1D0008B83EB308C83EC308D83ED308E83EE30CF
:10A1E0008F83EF309083F0309183F1309283F2309F
:10A1F0009383F3309483F4309583F5309683F6306F
:10A200009F839103A0839203A1839303A28394036A
:10A21000A3839503A4839603A5839703A68398033A
:10A22000A7839903A8839A03A9839B03AA839C030A
:10A23000AB839D03AC839E03AD839F03AE83A003DA
:10A24000AF83A103B083A303B183A403B283A503A7
:10A25000B383A603B483A703B583A803B683A90376
:10A26000BF83B103C083B203C183B303C283B4030A
:10A27000C383B503C483B603C583B703C683B803DA
:10A28000C783B903C883BA03C983BB03CA83BC03AA
:10A29000CB83BD03CC83BE03CD83BF03CE83C0037A
:10A2A000CF83C103D083C303D183C403D283C50347
:10A2B000D383C603D483C703D583C803D683C90316
:10A2C0004084100441841104428412044384130422
:10A2D0004484140445841504468401044784160408
:10A2E00048841704498418044A8419044B841A04C6
:10A2F0004C841B044D841C044E841D044F841E0496
:10A3000050841F0451842004528421045384220465
:10A310005484230455842404568425045784260435
:10A3200058842704598428045A8429045B842A0405
:10A330005C842B045D842C045E842D045F842E04D5
:10A3400060842F0470843004718431047284320478
:10A35000738433047484340475843504768451041E
:10A360007784360478843704798438047A8439040D
:10A370007B843A047C843B047D843C047E843D04DD
:10A3800080843E0481843F048284400483844104A9
:10A390008484420485844304868444048784450479
:10A3A00088844604898447048A8448048B84490449
:10A3B0008C844A048D844B048E844C048F844D0419
:10A3C00090844E0491844F049F840025A08402252C
:10A3D000A1840C25A2841025A3841825A484142507
:10A3E000A5841C25A6842C25A7842425A88434258F
:10A3F000A9843C25AA840125AB840325AC840F25C0
:10A40000AD841325AE841B25AF841725B084232586
:10A41000B1843325B2842B25B3843B25B4844B25EA
:10A42000B5842025B6842F25B7842825B884372500
:10A43000B9843F25BA841D25BB843025BC842525DD
:10A44000BD843825BE84422540876024418761242D
:10A4500042876224438763244487642445876524B4
:10A460004687662447876724488768244987692484
:10A470004A876A244B876B244C876C244D876D2454
:10A480004E876E244F876F24508770245187712424
:10A490005287722453877324548760215587612122
:10A4A0005687622157876321588764215987652120
:10A4B0005A8766215B8767215C8768215D876921F0
:10A4C0005F874933608714336187223362874D3356
:10A4D000638718336487273365870333668736338A
:10A4E000678751336887573369870D336A87263307
:10A4F0006B8723336C872B336D874A336E873B33EF
:10A500006F879C3370879D3371879E3372878E333C
:10A5100073878F337487C4337587A1337E877B330A
:10A5200080871D3081871F30828716218387CD3336
:10A53000848721218587A4328687A5328787A63222
:10A540008887A7328987A8328A8731328B8732324F
:10A550008C8739328D877E338E877D338F877C332E
:10A5600093872E229487112298871F229987BF22D2
:10A570009F889C4EA0881655A188035AA2883F96B2
:10A58000A388C054A4881B61A5882863A688F659AF
:10A59000A7882290A8887584A9881C83AA88507AE5
:10A5A000AB88AA60AC88E163AD88256EAE88ED65A6
:10A5B000AF886684B088A682B188F59BB28893681C
:10A5C000B3882757B488A165B5887162B6889B5B4C
:10A5D000B788D059B8887B86B988F498BA88627DE4
:10A5E000BB88BE7DBC888E9BBD881662BE889F7C62
:10A5F000BF88B788C088895BC188B55EC288096397
:10A60000C3889766C4884868C588C795C6888D97EB
:10A61000C7884F67C888E54EC9880A4FCA884D4F1A
:10A62000CB889D4FCC884950CD88F256CE8837597B
:10A63000CF88D459D088015AD188095CD288DF608C
:10A64000D3880F61D4887061D5881366D688056970
:10A65000D788BA70D8884F75D9887075DA88FB7931
:10A66000DB88AD7DDC88EF7DDD88C380DE880E84ED
:10A67000DF886388E088028BE1885590E2887A90D1
:10A68000E3883B53E488954EE588A54EE688DF577E
:10A69000E788B280E888C190E988EF78EA88004EC0
:10A6A000EB88F158EC88A26EED883890EE88327A0B
:10A6B000EF882883F0888B82F1882F9CF2884151A3
:10A6C000F3887053F488BD54F588E154F688E05659
:10A6D000F788FB59F888155FF988F298FA88EB6DCE
:10A6E000FB88E480FC882D854089629641897096BC
:10A6F0004289A0964389FB9744890B544589F353BB
:10A700004689875B4789CF704889BD7F4989C28F59
:10A710004A89E8964B896F534C895C9D4D89BA7A7A
:10A720004E89114E4F8993785089FC815189266E4C
:10A73000528918565389045554891D6B55891A85B9
:10A7400056893B9C5789E5595889A9535989666DA3
:10A750005A89DC745B898F955C8942565D89914E7C
:10A760005E894B905F89F29660894F8361890C996D
:10A770006289E1536389B6556489305B6589715F8D
:10A78000668920666789F366688904686989386C18
:10A790006A89F36C6B89296D6C895B746D89C876E5
:10A7A0006E894E7A6F8934987089F18271895B88DD
:10A7B0007289608A7389ED927489B26D7589AB75FF
:10A7C0007689CA767789C5997889A6607989018B57
:10A7D0007A898A8D7B89B2957C898E697D89AD5312
:10A7E0007E898651808912578189305882894459DF
:10A7F0008389B45B8489F65E858928608689A9632C
:10A800008789F4638889BF6C8989146F8A898E70FF
:10A810008B8914718C8959718D89D5718E893F739B
:10A820008F89017E908976829189D18292899785DC
:10A830009389609094895B9295891B9D968969584C
:10A840009789BC6598895A6C998925759A89F951B7
:10A850009B892E599C8965599D89805F9E89DC5F03
:10A860009F89BC62A089FA65A1892A6AA289276B9F
:10A87000A389B46BA4898B73A589C17FA6895689E6
:10A88000A7892C9DA8890E9DA989C49EAA89A15C2F
:10A89000AB89966CAC897B83AD890451AE894B5CE6
:10A8A000AF89B661B089C681B1897668B2896172B3
:10A8B000B389594EB489FA4FB5897853B68969601E
:10A8C000B789296EB8894F7AB989F397BA890B4E3F
:10A8D000BB891653BC89EE4EBD89554FBE893D4F8D
:10A8E000BF89A14FC089734FC189A052C289EF535C
:10A8F000C3890956C4890F59C589C15AC689B65B2F
:10A90000C789E15BC889D179C9898766CA899C678B
:10A91000CB89B667CC894C6BCD89B36CCE896B7013
:10A92000CF89C273D0898D79D189BE79D2893C7A99
:10A93000D389877BD489B182D589DB82D689048388
:10A94000D7897783D889EF83D989D383DA896687D2
:10A95000DB89B28ADC892956DD89A88CDE89E68FFD
:10A96000DF894E90E0891E97E1898A86E289C44F8B
:10A97000E389E85CE4891162E5895972E6893B75EF
:10A98000E789E581E889BD82E989FE86EA89C08C8C
:10A99000EB89C596EC891399ED89D599EE89CB4E53
:10A9A000EF891A4FF089E389F189DE56F2894A5816
:10A9B000F389CA58F489FB5EF589EB5FF6892A6052
:10A9C000F7899460F8896260F989D061FA89126226
:10A9D000FB89D062FC893965408A419B418A666661
:10A9E000428AB068438A776D448A7070458A4C7594
:10A9F000468A8676478A757D488AA582498AF9877C
:10AA00004A8A8B954B8A8E964C8A9D8C4D8AF15141
:10AA10004E8ABE524F8A1659508AB354518AB35B3C
:10AA2000528A165D538A6861548A8269558AAF6D6D
:10AA3000568A8D78578ACB84588A5788598A728A61
:10AA40005A8AA7935B8AB89A5C8A6C6D5D8AA899CA
:10AA50005E8AD9865F8AA357608AFF67618ACE863D
:10AA6000628A0E92638A8352648A8756658A045486
:10AA7000668AD35E678AE162688AB964698A3C68DB
:10AA80006A8A38686B8ABB6B6C8A72736D8ABA7813
:10AA90006E8A6B7A6F8A9A89708AD289718A6B8D75
:10AAA000728A038F738AED90748AA395758A94963F
:10AAB000768A6997778A665B788AB35C798A7D69DA
:10AAC0007A8A4D987B8A4E987C8A9B637D8A207B0C
:10AAD0007E8A2B6A808A7F6A818AB668828A0D9C08
:10AAE000838A5F6F848A7252858A9D55868A7060D8
:10AAF000878AEC62888A3B6D898A076E8A8AD16E62
:10AB00008B8A5B848C8A10898D8A448F8E8A144E3E
:10AB10008F8A399C908AF653918A1B69928A3A6A85
:10AB2000938A8497948A2A68958A5C51968AC37A14
:10AB3000978AB284988ADC91998A8C939A8A5B5618
:10AB40009B8A289D9C8A22689D8A05839E8A3184DF
:10AB50009F8AA57CA08A0852A18AC582A28AE6742F
:10AB6000A38A7E4EA48A834FA58AA051A68AD25B6F
:10AB7000A78A0A52A88AD852A98AE752AA8AFB5DF4
:10AB8000AB8A9A55AC8A2A58AD8AE659AE8A8C5B54
:10AB9000AF8A985BB08ADB5BB18A725EB28A795EFB
:10ABA000B38AA360B48A1F61B58A6361B68ABE6145
:10ABB000B78ADB63B88A6265B98AD167BA8A536893
:10ABC000BB8AFA68BC8A3E6BBD8A536BBE8A576CDF
:10ABD000BF8A226FC08A976FC18A456FC28AB074DC
:10ABE000C38A1875C48AE376C58A0B77C68AFF7A4A
:10ABF000C78AA17BC88A217CC98AE97DCA8A367F37
:10AC0000CB8AF07FCC8A9D80CD8A6682CE8A9E8355
:10AC1000CF8AB389D08ACC8AD18AAB8CD28A8490ED
:10AC2000D38A5194D48A9395D58A9195D68AA29540
:10AC3000D78A6596D88AD397D98A2899DA8A1882CA
:10AC4000DB8A384EDC8A2B54DD8AB85CDE8ACC5D28
:10AC5000DF8AA973E08A4C76E18A3C77E28AA95CB4
:10AC6000E38AEB7FE48A0B8DE58AC196E68A119828
:10AC7000E78A5498E88A5898E98A014FEA8A0E4F81
:10AC8000EB8A7153EC8A9C55ED8A6856EE8AFA5726
:10AC9000EF8A4759F08A095BF18AC45BF28A905CBB
:10ACA000F38A0C5EF48A7E5EF58ACC5FF68AEE63E8
:10ACB000F78A3A67F88AD765F98AE265FA8A1F67E0
:10ACC000FB8ACB68FC8AC468408B5F6A418B305E2C
:10ACD000428BC56B438B176C448B7D6C458B7F75AA
:10ACE000468B4879478B635B488B007A498B007DA4
:10ACF0004A8BBD5F4B8B8F894C8B188A4D8BB48CE4
:10AD00004E8B778D4F8BCC8E508B1D8F518BE29855
:10AD1000528B0E9A538B3C9B548B804E558B7D509F
:10AD2000568B0051578B9359588B9C5B598B2F62D4
:10AD30005A8B80625B8BEC645C8B3A6B5D8BA07290
:10AD40005E8B91755F8B4779608BA97F618BFB87E9
:10AD5000628BBC8A638B708B648BAC63658BCA839C
:10AD6000668BA097678B0954688B0354698BAB552E
:10AD70006A8B54686B8B586A6C8B708A6D8B2778E2
:10AD80006E8B75676F8BCD9E708B7453718BA25BCE
:10AD9000728B1A81738B5086748B0690758B184E4C
:10ADA000768B454E778BC74E788B114F798BCA5374
:10ADB0007A8B38547B8BAE5B7C8B135F7D8B2560ED
:10ADC0007E8B5165808B3D67818B426C828B726C70
:10ADD000838BE36C848B7870858B0374868B767A97
:10ADE000878BAE7A888B087B898B1A7D8A8BFE7C59
:10ADF0008B8B667D8C8BE7658D8B5B728E8BBB53EB
:10AE00008F8B455C908BE85D918BD262928BE06278
:10AE1000938B1963948B206E958B5A86968B318A0F
:10AE2000978BDD8D988BF892998B016F9A8BA67911
:10AE30009B8B5A9B9C8BA84E9D8BAB4E9E8BAC4E96
:10AE40009F8B9B4FA08BA04FA18BD150A28B4751C2
:10AE5000A38BF67AA48B7151A58BF651A68B545314
:10AE6000A78B2153A88B7F53A98BEB53AA8BAC558F
:10AE7000AB8B8358AC8BE15CAD8B375FAE8B4A5F9D
:10AE8000AF8B2F60B08B5060B18B6D60B28B1F6346
:10AE9000B38B5965B48B4B6AB58BC16CB68BC272E0
:10AEA000B78BED72B88BEF77B98BF880BA8B0581D1
:10AEB000BB8B0882BC8B4E85BD8BF790BE8BE1931C
:10AEC000BF8BFF97C08B5799C18B5A9AC28BF04E9C
:10AED000C38BDD51C48B2D5CC58B8166C68B6D69C0
:10AEE000C78B405CC88BF266C98B7569CA8B897346
:10AEF000CB8B5068CC8B817CCD8BC550CE8BE452F4
:10AF0000CF8B4757D08BFE5DD18B2693D28BA46518
:10AF1000D38B236BD48B3D6BD58B3474D68B8179DB
:10AF2000D78BBD79D88B4B7BD98BCA7DDA8BB98215
:10AF3000DB8BCC83DC8B7F88DD8B5F89DE8B398B71
:10AF4000DF8BD18FE08BD191E18B1F54E28B80920C
:10AF5000E38B5D4EE48B3650E58BE553E68B3A533D
:10AF6000E78BD772E88B9673E98BE977EA8BE682F9
:10AF7000EB8BAF8EEC8BC699ED8BC899EE8BD2998B
:10AF8000EF8B7751F08B1A61F18B5E86F28BB055A7
:10AF9000F38B7A7AF48B7650F58BD35BF68B4790F4
:10AFA000F78B8596F88B324EF98BDB6AFA8BE7913B
:10AFB000FB8B515CFC8B485C408C9863418C9F7A86
:10AFC000428C936C438C7497448C618F458CAA7A25
:10AFD000468C8A71478C8896488C827C498C17688D
:10AFE0004A8C707E4B8C51684C8C6C934D8CF25219
:10AFF0004E8C1B544F8CAB85508C138A518CA47F84
:10B00000528CCD8E538CE190548C6653558C88882D
:10B01000568C4179578CC24F588CBE50598C115266
:10B020005A8C44515B8C53555C8C2D575D8CEA7364
:10B030005E8C8B575F8C5159608C625F618C845F32
:10B04000628C7560638C7661648C6761658CA961C4
:10B05000668CB263678C3A64688C6C65698C6F66C9
:10B060006A8C42686B8C136E6C8C66756D8C3D7A45
:10B070006E8CFB7C6F8C4C7D708C997D718C4B7EC3
:10B08000728C6B7F738C0E83748C4A83758CCD8627
:10B09000768C088A778C638A788C668B798CFD8EA7
:10B0A0007A8C1A987B8C8F9D7C8CB8827D8CCE8F0D
:10B0B0007E8CE89B808C8752818C1F62828C83649B
:10B0C000838CC06F848C9996858C4168868C915056
:10B0D000878C206B888C7A6C898C546F8A8C747AFC
:10B0E0008B8C507D8C8C40888D8C238A8E8C08674D
:10B0F0008F8CF64E908C3950918C2650928C6550E6
:10B10000938C7C51948C3852958C6352968CA755B5
:10B11000978C0F57988C0558998CCC5A9A8CFA5E5C
:10B120009B8CB2619C8CF8619D8CF3629E8C7263E7
:10B130009F8C1C69A08C296AA18C7D72A28CAC7238
:10B14000A38C2E73A48C1478A58C6F78A68C797D33
:10B15000A78C0C77A88CA980A98C8B89AA8C198BB9
:10B16000AB8CE28CAC8CD28EAD8C6390AE8C759334
:10B17000AF8C7A96B08C5598B18C139AB28C789E1D
:10B18000B38C4351B48C9F53B58CB353B68C7B5E58
:10B19000B78C265FB88C1B6EB98C906EBA8C84739A
:10B1A000BB8CFE73BC8C437DBD8C3782BE8C008A09
:10B1B000BF8CFA8AC08C5096C18C4E4EC28C0B50FC
:10B1C000C38CE453C48C7C54C58CFA56C68CD159BC
:10B1D000C78C645BC88CF15DC98CAB5ECA8C275F81
:10B1E000CB8C3862CC8C4565CD8CAF67CE8C566EDF
:10B1F000CF8CD072D08CCA7CD18CB488D28CA180F8
:10B20000D38CE180D48CF083D58C4E86D68C878A03
:10B21000D78CE88DD88C3792D98CC796DA8C679802
:10B22000DB8C139FDC8C944EDD8C924EDE8C0D4FAC
:10B23000DF8C4853E08C4954E18C3E54E28C2F5A09
:10B24000E38C8C5FE48CA15FE58C9F60E68CA76843
:10B25000E78C8E6AE88C5A74E98C8178EA8C9E8A35
:10B26000EB8CA48AEC8C778BED8C9091EE8C5E4EFF
:10B27000EF8CC99BF08CA44EF18C7C4FF28CAF4FBD
:10B28000F38C1950F48C1650F58C4951F68C6C5196
:10B29000F78C9F52F88CB952F98CFE52FA8C9A5363
:10B2A000FB8CE353FC8C1154408D0E54418D895519
:10B2B000428D5157438DA257448D7D59458D545B26
:10B2C000468D5D5B478D8F5B488DE55D498DE75D04
:10B2D0004A8DF75D4B8D785E4C8D835E4D8D9A5E09
:10B2E0004E8DB75E4F8D185F508D5260518D4C6101
:10B2F000528D9762538DD862548DA763558D3B65EF
:10B30000568D0266578D4366588DF466598D6D676C
:10B310005A8D21685B8D97685C8DCB695D8D5F6C04
:10B320005E8D2A6D5F8D696D608D2F6E618D9D6E56
:10B33000628D3275638D8776648D6C78658D3F7A0A
:10B34000668DE07C678D057D688D187D698D5E7DDD
:10B350006A8DB17D6B8D15806C8D03806D8DAF8096
:10B360006E8DB1806F8D5481708D8F81718D2A8229
:10B37000728D5283738D4C88748D6188758D1B8B93
:10B38000768DA28C778DFC8C788DCA90798D759195
:10B390007A8D71927B8D3F787C8DFC927D8DA4950A
:10B3A0007E8D4D96808D0598818D9999828DD89A44
:10B3B000838D3B9D848D5B52858DAB52868DF7537B
:10B3C000878D0854888DD558898DF7628A8DE06FF6
:10B3D0008B8D6A8C8C8D5F8F8D8DB99E8E8D4B5130
:10B3E0008F8D3B52908D4A54918DFD56928D407AAF
:10B3F000938D7791948D609D958DD29E968D44739B
:10B40000978D096F988D7081998D11759A8DFD5F5B
:10B410009B8DDA609C8DA89A9D8DDB729E8DBC8F72
:10B420009F8D646BA08D0398A18DCA4EA28DF0569E
:10B43000A38D6457A48DBE58A58D5A5AA68D6860F9
:10B44000A78DC761A88D0F66A98D0666AA8D39687C
:10B45000AB8DB168AC8DF76DAD8DD575AE8D3A7D88
:10B46000AF8D6E82B08D429BB18D9B4EB28D504F91
:10B47000B38DC953B48D0655B58D6F5DB68DE65D40
:10B48000B78DEE5DB88DFB67B98D996CBA8D73740D
:10B49000BB8D0278BC8D508ABD8D9693BE8DDF88A2
:10B4A000BF8D5057C08DA75EC18D2B63C28DB55027
:10B4B000C38DAC50C48D8D51C58D0067C68DC954E8
:10B4C000C78D5E58C88DBB59C98DB05BCA8D695F89
:10B4D000CB8D4D62CC8DA163CD8D3D68CE8D736BD0
:10B4E000CF8D086ED08D7D70D18DC791D28D807239
:10B4F000D38D1578D48D2678D58D6D79D68D8E65C2
:10B50000D78D307DD88DDC83D98DC188DA8D098FB8
:10B51000DB8D9B96DC8D6452DD8D2857DE8D506768
:10B52000DF8D6A7FE08DA18CE18DB451E28D4257B1
:10B53000E38D2A96E48D3A58E58D8A69E68DB480CC
:10B54000E78DB254E88D0E5DE98DFC57EA8D957854
:10B55000EB8DFA9DEC8D5C4FED8D4A52EE8D8B5448
:10B56000EF8D3E64F08D2866F18D1467F28DF567DE
:10B57000F38D847AF48D567BF58D227DF68D2F9395
:10B58000F78D5C68F88DAD9BF98D397BFA8D195379
:10B59000FB8D8A51FC8D3752408EDF5B418EF66207
:10B5A000428EAE64438EE664448E2D67458EBA6B40
:10B5B000468EA985478ED196488E9076498ED69B29
:10B5C0004A8E4C634B8E06934C8EAB9B4D8EBF7652
:10B5D0004E8E52664F8E094E508E9850518EC253E9
:10B5E000528E715C538EE860548E9264558E636502
:10B5F000568E5F68578EE671588ECA73598E2375C2
:10B600005A8E977B5B8E827E5C8E95865D8E838B59
:10B610005E8EDB8C5F8E7891608E1099618EAC654A
:10B62000628EAB66638E8B6B648ED54E658ED44E08
:10B63000668E3A4F678E7F4F688E3A52698EF85306
:10B640006A8EF2536B8EE3556C8EDB566D8EEB5823
:10B650006E8ECB596F8EC959708EFF59718E505BAB
:10B66000728E4D5C738E025E748E2B5E758ED75F0C
:10B67000768E1D60778E0763788E2F65798E5C5B82
:10B680007A8EAF657B8EBD657C8EE8657D8E9D670D
:10B690007E8E626B808E7B6B818E0F6C828E45738B
:10B6A000838E4979848EC179858EF87C868E197D4A
:10B6B000878E2B7D888EA280898E02818A8EF3816F
:10B6C0008B8E96898C8E5E8A8D8E698A8E8E668A26
:10B6D0008F8E8C8A908EEE8A918EC78C928EDC8CA7
:10B6E000938ECC96948EFC98958E6F6B968E8B4E27
:10B6F000978E3C4F988E8D4F998E50519A8E575BF6
:10B700009B8EFA5B9C8E48619D8E01639E8E426685
:10B710009F8E216BA08ECB6EA18EBB6CA28E3E72D3
:10B72000A38EBD74A48ED475A58EC178A68E3A79E9
:10B73000A78E0C80A88E3380A98EEA81AA8E94846D
:10B74000AB8E9E8FAC8E506CAD8E7F9EAE8E0F5F9B
:10B75000AF8E588BB08E2B9DB18EFA7AB28EF88E4A
:10B76000B38E8D5BB48EEB96B58E034EB68EF153D1
:10B77000B78EF757B88E3159B98EC95ABA8EA45BB5
:10B78000BB8E8960BC8E7F6EBD8E066FBE8EBE7511
:10B79000BF8EEA8CC08E9F5BC18E0085C28EE07B1F
:10B7A000C38E7250C48EF467C58E9D82C68E615C56
:10B7B000C78E4A85C88E1E7EC98E0E82CA8E99514A
:10B7C000CB8E045CCC8E6863CD8E668DCE8E9C65F0
:10B7D000CF8E6E71D08E3E79D18E177DD28E058040
:10B7E000D38E1D8BD48ECA8ED58E6E90D68EC78684
:10B7F000D78EAA90D88E1F50D98EFA52DA8E3A5C24
:10B80000DB8E5367DC8E7C70DD8E3572DE8E4C9164
:10B81000DF8EC891E08E2B93E18EE582E28EC25BD3
:10B82000E38E315FE48EF960E58E3B4EE68ED653B3
:10B83000E78E885BE88E4B62E98E3167EA8E8A6B11
:10B84000EB8EE972EC8EE073ED8E2E7AEE8E6B81CC
:10B85000EF8EA38DF08E5291F18E9699F28E125149
:10B86000F38ED753F48E6A54F58EFF5BF68E8863A1
:10B87000F78E396AF88EAC7DF98E0097FA8EDA561B
:10B88000FB8ECE53FC8E6854408F975B418F315CAA
:10B89000428FDE5D438FEE4F448F0161458FFE6224
:10B8A000468F326D478FC079488FCB79498F427D63
:10B8B0004A8F4D7E4B8FD27F4C8FED814D8F1F82F3
:10B8C0004E8F90844F8F4688508F7289518F908B06
:10B8D000528F748E538F2F8F548F3190558F4B9181
:10B8E000568F6C91578FC696588F9C91598FC04E2A
:10B8F0005A8F4F4F5B8F45515C8F41535D8F935FE4
:10B900005E8F0E625F8FD467608F416C618F0B6EAC
:10B91000628F6373638F267E648FCD91658F839270
:10B92000668FD453678F1959688FBF5B698FD16D4C
:10B930006A8F5D796B8F2E7E6C8F9B7C6D8F7E58AE
:10B940006E8F9F716F8FFA51708F5388718FF08F48
:10B95000728FCA4F738FFB5C748F2566758FAC77BF
:10B96000768FE37A778F1C82788FFF99798FC65113
:10B970007A8FAA5F7B8FEC657C8F6F697D8F896B77
:10B980007E8FF36D808F966E818F646F828FFE76CF
:10B99000838F147D848FE15D858F7590868F87916D
:10B9A000878F0698888FE651898F1D528A8F406253
:10B9B0008B8F91668C8FD9668D8F1A6E8E8FB65E47
:10B9C0008F8FD27D908F727F918FF866928FAF8527
:10B9D000938FF785948FF88A958FA952968FD953B4
:10B9E000978F7359988F8F5E998F905F9A8F55605C
:10B9F0009B8FE4929C8F64969D8FB7509E8F1F51B2
:10BA00009F8FDD52A08F2053A18F4753A28FEC53FD
:10BA1000A38FE854A48F4655A58F3155A68F17568E
:10BA2000A78F6859A88FBE59A98F3C5AAA8FB55BBA
:10BA3000AB8F065CAC8F0F5CAD8F115CAE8F1A5C68
:10BA4000AF8F845EB08F8A5EB18FE05EB28F705F21
:10BA5000B38F7F62B48F8462B58FDB62B68F8C63E5
:10BA6000B78F7763B88F0766B98F0C66BA8F2D666C
:10BA7000BB8F7666BC8F7E67BD8FA268BE8F1F6A44
:10BA8000BF8F356AC08FBC6CC18F886DC28F096E45
:10BA9000C38F586EC48F3C71C58F2671C68F677176
:10BAA000C78FC775C88F0177C98F5D78CA8F017935
:10BAB000CB8F6579CC8FF079CD8FE07ACE8F117BEB
:10BAC000CF8FA77CD08F397DD18F9680D28FD683B0
:10BAD000D38F8B84D48F4985D58F5D88D68FF3889B
:10BAE000D78F1F8AD88F3C8AD98F548ADA8F738A6E
:10BAF000DB8F618CDC8FDE8CDD8FA491DE8F669214
:10BB0000DF8F7E93E08F1894E18F9C96E28F989759
:10BB1000E38F0A4EE48F084EE58F1E4EE68F574E98
:10BB2000E78F9751E88F7052E98FCE57EA8F3458DC
:10BB3000EB8FCC58EC8F225BED8F385EEE8FC560BB
:10BB4000EF8FFE64F08F6167F18F5667F28F446D5F
:10BB5000F38FB672F48F7375F58F637AF68FB884AE
:10BB6000F78F728BF88FB891F98F2093FA8F315637
:10BB7000FB8FF457FC8FFE984090ED6241900D6969
:10BB80004290966B4390ED714490547E459077803F
:10BB9000469072824790E6894890DF984990558791
:10BBA0004A90B18F4B903B5C4C90384F4D90E14F99
:10BBB0004E90B54F4F9007555090205A5190DD5BF5
:10BBC0005290E95B5390C35F54904E6155902F6340
:10BBD0005690B06557904B665890EE6859909B69A7
:10BBE0005A90786D5B90F16D5C9033755D90B9758E
:10BBF0005E901F775F905E796090E6796190337D0B
:10BC00006290E3816390AF826490AA856590AA896F
:10BC100066903A8A6790AB8E68909B8F699032905D
:10BC20006A90DD916B9007976C90BA4E6D90C14E03
:10BC30006E9003526F9075587090EC5871900B5C39
:10BC400072901A7573903D5C74904E8175900A8A5B
:10BC50007690C58F7790639678906D977990257BD5
:10BC60007A90CF8A7B9008987C9062917D90F35671
:10BC70007E90A8538090179081903954829082577B
:10BC80008390255E8490A8638590346C86908A703A
:10BC90008790617788908B7C8990E07F8A9070880C
:10BCA0008B9042908C9054918D9010938E9018931D
:10BCB0008F908F9690905E749190C49A9290075D49
:10BCC0009390695D949070659590A2679690A88D09
:10BCD0009790DB9698906E63999049679A9019694E
:10BCE0009B90C5839C9017989D90C0969E90FE88CF
:10BCF0009F90846FA0907A64A190F85BA290164EFA
:10BD0000A3902C70A4905D75A5902F66A690C45149
:10BD1000A7903652A890E252A990D359AA90815F79
:10BD2000AB902760AC901062AD903F65AE907465AB
:10BD3000AF901F66B0907466B190F268B2901668CA
:10BD4000B390636BB490056EB5907272B6901F7528
:10BD5000B790DB76B890BE7CB9905680BA90F05818
:10BD6000BB90FD88BC907F89BD90A08ABE90938ACD
:10BD7000BF90CB8AC0901D90C1909291C290529773
:10BD8000C3905997C4908965C5900E7AC690068174
:10BD9000C790BB96C8902D5EC990DC60CA901A62AD
:10BDA000CB90A565CC901466CD909067CE90F3773C
:10BDB000CF904D7AD0904D7CD1903E7ED2900A812A
:10BDC000D390AC8CD490648DD590E18DD6905F8E5D
:10BDD000D790A978D8900752D990D962DA90A56304
:10BDE000DB904264DC909862DD902D8ADE90837A4D
:10BDF000DF90C07BE090AC8AE190EA96E290767D9D
:10BE0000E3900C82E4904987E590D94EE690485142
:10BE1000E7904353E8906053E990A35BEA90025C9B
:10BE2000EB90165CEC90DD5DED902662EE90476243
:10BE3000EF90B064F0901368F1903468F290C96CA0
:10BE4000F390456DF490176DF590D367F6905C6FA5
:10BE5000F7904E71F8907D71F990CB65FA907F7AEA
:10BE6000FB90AD7BFC90DA7D40914A7E4191A87FAA
:10BE700042917A8143911B82449139824591A685F2
:10BE800046916E8A4791CE8C4891F58D4991789074
:10BE90004A9177904B91AD924C9191924D918395AF
:10BEA0004E91AE9B4F914D52509184555191386FA8
:10BEB0005291367153916851549185795591557EBF
:10BEC0005691B3815791CE7C58914C565991515807
:10BED0005A91A85C5B91AA635C91FE665D91FD66D8
:10BEE0005E915A695F91D97260918F7561918E757B
:10BEF00062910E79639156796491DF796591977CAF
:10BF00006691207D6791447D689107866991348AA6
:10BF10006A913B966B9161906C91209F6D91E75077
:10BF20006E9175526F91CC537091E253719109509B
:10BF30007291AA557391EE5874914F5975913D7253
:10BF400076918B5B7791645C78911D537991E36076
:10BF50007A91F3607B915C637C9183637D913F6315
:10BF60007E91BB638091CD648191E9658291F96690
:10BF70008391E35D8491CD698591FD698691156F0B
:10BF80008791E5718891894E8991E9758A91F87652
:10BF90008B91937A8C91DF7C8D91CF7D8E919C7D5E
:10BFA0008F916180909149839191588392916C8493
:10BFB0009391BC849491FB859591C5889691708DE1
:10BFC0009791019098916D90999197939A911C9760
:10BFD0009B91129A9C91CF509D9197589E918E6102
:10BFE0009F91D381A0913585A191088DA291209038
:10BFF000A391C34FA4917450A5914752A691735336
:10C00000A7916F60A8914963A9915F67AA912C6E6F
:10C01000AB91B38DAC911F90AD91D74FAE915E5C5B
:10C02000AF91CA8CB091CF65B1919A7DB2915253C4
:10C03000B3919688B4917651B591C363B691585B2C
:10C04000B7916B5BB8910A5CB9910D64BA91516775
:10C05000BB915C90BC91D64EBD911A59BE912A59A4
:10C06000BF91706CC091518AC1913E55C2911558D3
:10C07000C391A559C491F060C5915362C691C1673F
:10C08000C7913582C8915569C9914096CA91C499A2
:10C09000CB91289ACC91534FCD910658CE91FE5B0F
:10C0A000CF911080D091B15CD1912F5ED291855FFC
:10C0B000D3912060D4914B61D5913462D691FF66C3
:10C0C000D791F06CD891DE6ED991CE80DA917F81D4
:10C0D000DB91D482DC918B88DD91B88CDE9100906D
:10C0E000DF912E90E0918A96E191DB9EE291DB9BBD
:10C0F000E391E34EE491F053E5912759E6912C7BCF
:10C10000E7918D91E8914C98E991F99DEA91DD6E66
:10C11000EB912770EC915353ED914455EE91855B73
:10C12000EF915862F0919E62F191D362F291A26C0C
:10C13000F391EF6FF4912274F591178AF691389488
:10C14000F791C16FF891FE8AF9913883FA91E7511E
:10C15000FB91F886FC91EA534092E9534192464F95
:10C16000429254904392B08F44926A5945923181E1
:10C170004692FD5D4792EA7A4892BF8F4992DA680B
:10C180004A92378C4B92F8724C92489C4D923D6A81
:10C190004E92B08A4F92394E509258535192065651
:10C1A000529266575392C5625492A2635592E665C5
:10C1B00056924E6B5792E16D58925B6E5992AD70EC
:10C1C0005A92ED775B92EF7A5C92AA7B5D92BB7D8F
:10C1D0005E923D805F92C6806092CB866192958A26
:10C1E00062925B936392E3566492C75865923E5F96
:10C1F0006692AD65679296666892806A6992B56B41
:10C200006A9237756B92C78A6C9224506D92E5776B
:10C210006E9230576F921B5F7092656071927A6672
:10C220007292606C7392F47574921A7A75926E7F42
:10C230007692F48177921887789245907992B399A3
:10C240007A92C97B7B925C757C92F97A7D92517B64
:10C250007E92C484809210908192E9798292927A3F
:10C26000839236838492E15A8592407786922D4E4E
:10C270008792F24E8892995B8992E05F8A92BD62C2
:10C280008B923C668C92F1678D92E86C8E926B86F5
:10C290008F92778890923B8A91924E919292F392EC
:10C2A0009392D0999492176A9592267096922A73D7
:10C2B0009792E782989257849992AF8C9A92014E06
:10C2C0009B9246519C92CB519D928B559E92F55BD1
:10C2D0009F92165EA092335EA192815EA292145F3D
:10C2E000A392355FA4926B5FA592B45FA692F261B0
:10C2F000A7921163A892A266A9921D67AA926E6F77
:10C30000AB925272AC923A75AD923A77AE9274801B
:10C31000AF923981B0927881B1927687B292BF8A1A
:10C32000B392DC8AB492858DB592F38DB6929A92CF
:10C33000B7927795B8920298B992E59CBA92C55295
:10C34000BB925763BC92F476BD921567BE92886C1F
:10C35000BF92CD73C092C38CC192AE93C2927396BA
:10C36000C392256DC4929C58C5920E69C692CC6941
:10C37000C792FD8FC8929A93C992DB75CA921A90A0
:10C38000CB925A58CC920268CD92B463CE92FB699C
:10C39000CF92434FD0922C6FD192D867D292BB8F5D
:10C3A000D3922685D492B47DD5925493D6923F6988
:10C3B000D792706FD8926A57D992F758DA922C5B5D
:10C3C000DB922C7DDC922A72DD920A54DE92E3919C
:10C3D000DF92B49DE092AD4EE1924E4FE2925C50FE
:10C3E000E3927550E4924352E5929E8CE692485453
:10C3F000E7922458E8929A5BE9921D5EEA92955E74
:10C40000EB92AD5EEC92F75EED921F5FEE928C6068
:10C41000EF92B562F0923A63F192D063F292AF6814
:10C42000F392406CF4928778F5928E79F6920B7ABB
:10C43000F792E07DF8924782F992028AFA92E68AB0
:10C44000FB92448EFC9213904093B89041932D91AF
:10C450004293D89143930E9F4493E56C459358645F
:10C460004693E264479375654893F46E49938476E6
:10C470004A931B7B4B9369904C93D1934D93BA6E27
:10C480004E93F2544F93B95F5093A46451934D8FE0
:10C490005293ED8F539344925493785155936B5824
:10C4A000569329595793555C5893975E5993FB6D52
:10C4B0005A938F7E5B931C755C93BC8C5D93E28E6C
:10C4C0005E935B985F93B97060931D4F6193BF6BF0
:10C4D0006293B16F639330756493FB9665934E518D
:10C4E0006693105467933558689357586993AC59BD
:10C4F0006A93605C6B93925F6C9397656D935C67D6
:10C500006E93216E6F937B767093DF837193ED8CC6
:10C51000729314907393FD9074934D937593257853
:10C5200076933A787793AA527893A65E79931F57B9
:10C530007A9374597B9312607C9312507D935A5175
:10C540007E93AC518093CD518193005282931055CC
:10C550008393545884935858859357598693955B81
:10C560008793F65C88938B5D8993BC608A93956210
:10C570008B932D648C9371678D9343688E93BC6805
:10C580008F93DF689093D7769193D86D92936F6E67
:10C5900093939B6D94936F709593C8719693535F2B
:10C5A0009793D875989377799993497B9A93547B0D
:10C5B0009B93527B9C93D67C9D93717D9E9330522E
:10C5C0009F936384A0936985A193E485A2930E8AC7
:10C5D000A393048BA493468CA5930F8EA6930390EC
:10C5E000A7930F90A8931994A9937696AA932D9840
:10C5F000AB93309AAC93D895AD93CD50AE93D552C2
:10C60000AF930C54B0930258B1930E5CB293A761F0
:10C61000B3939E64B4931E6DB593B377B693E57AE6
:10C62000B793F480B8930484B9935390BA938592E6
:10C63000BB93E05CBC93079DBD933F53BE93975F54
:10C64000BF93B35FC0939C6DC1937972C2936377BC
:10C65000C393BF79C493E47BC593D26BC693EC724A
:10C66000C793AD8AC8930368C993616ACA93F851A6
:10C67000CB93817ACC933469CD934A5CCE93F69C6C
:10C68000CF93EB82D093C55BD1934991D2931E7027
:10C69000D3937856D4936F5CD593C760D693666571
:10C6A000D7938C6CD8935A8CD9934190DA93139882
:10C6B000DB935154DC93C766DD930D92DE934859AA
:10C6C000DF93A390E0938551E1934D4EE293EA51BD
:10C6D000E3939985E4930E8BE5935870E6937A6320
:10C6E000E7934B93E8936269E993B499EA93047EE4
:10C6F000EB937775EC935753ED936069EE93DF8E70
:10C70000EF93E396F0935D6CF1938C4EF2933C5C67
:10C71000F393105FF493E98FF5930253F693D18C62
:10C72000F7938980F8937986F993FF5EFA93E5652C
:10C73000FB93734EFC9365514094825941943F5C46
:10C740004294EE974394FB4E44948A594594CD5FAE
:10C7500046948D8A4794E16F4894B0794994627900
:10C760004A94E75B4B9471844C942B734D94B17154
:10C770004E94745E4F94F55F50947B6351949A6429
:10C780005294C3715394987C5494434E5594FC5ED8
:10C7900056944B4E5794DC575894A2565994A9601E
:10C7A0005A94C36F5B940D7D5C94FD805D943381DE
:10C7B0005E94BF815F94B28F609497896194A486E0
:10C7C0006294F45D63948A626494AD64659487892D
:10C7D000669477676794E26C68943E6D69943674EA
:10C7E0006A9434786B94465A6C94757F6D94AD82DC
:10C7F0006E94AC996F94F34F7094C35E7194DD6244
:10C80000729492637394576574946F677594C3764A
:10C8100076944C727794CC807894BA807994298FEE
:10C820007A944D917B940D507C94F9577D94925A53
:10C830007E94856880947369819464718294FD729A
:10C840008394B78C8494F2588594E08C86946A968D
:10C850008794199088947F878994E4798A94E777FC
:10C860008B9429848C942F4F8D9465528E945A53B7
:10C870008F94CD629094CF679194CA6C92947D7698
:10C880009394947B9494957C959436829694848525
:10C890009794EB8F9894DD669994206F9A94067222
:10C8A0009B941B7E9C94AB839D94C1999E94A69E61
:10C8B0009F94FD51A094B17BA1947278A294B87B0F
:10C8C000A3948780A494487BA594E86AA694615EAB
:10C8D000A7948C80A8945175A9946075AA946B5103
:10C8E000AB946292AC948C6EAD947A76AE94979140
:10C8F000AF94EA9AB094104FB194707FB2949C6256
:10C90000B3944F7BB494A595B594E99CB6947A56AC
:10C91000B7945958B894E486B994BC96BA94344FF5
:10C92000BB942452BC944A53BD94CD53BE94DB5364
:10C93000BF94065EC0942C64C1949165C2947F67D5
:10C94000C3943E6CC4944E6CC5944872C694AF7246
:10C95000C794ED73C8945475C994417ECA942C82CF
:10C96000CB94E985CC94A98CCD94C47BCE94C6910C
:10C97000CF946971D0941298D194EF98D2943D637A
:10C98000D3946966D4946A75D594E476D694D078B5
:10C99000D7944385D894EE86D9942A53DA94515388
:10C9A000DB942654DC948359DD94875EDE947C5FAF
:10C9B000DF94B260E0944962E1947962E294AB6200
:10C9C000E3949065E494D46BE594CC6CE694B275F2
:10C9D000E794AE76E8949178E994D879EA94CB7D9F
:10C9E000EB94777FEC94A580ED94AB88EE94B98AB4
:10C9F000EF94BB8CF0947F90F1945E97F294DB9867
:10CA0000F3940B6AF494387CF5949950F6943E5C58
:10CA1000F794AE5FF8948767F994D86BFA943574FD
:10CA2000FB940977FC948E7F40953B9F4195CA67A4
:10CA30004295177A4395395344958B754595ED9AF0
:10CA40004695665F47959D814895F1834995988005
:10CA50004A953C5F4B95C55F4C9562754D95467BFD
:10CA60004E953C904F9567685095EB5951959B5A60
:10CA70005295107D53957E7654952C8B5595F54F98
:10CA800056956A5F5795196A5895376C5995026F94
:10CA90005A95E2745B9568795C9568885D95558ACE
:10CAA0005E95798C5F95DF5E6095CF636195C57506
:10CAB0006295D2796395D782649528936595F292B1
:10CAC00066959C846795ED8668952D9C6995C15403
:10CAD0006A956C5F6B958C656C955C6D6D9515704A
:10CAE0006E95A78C6F95D38C70953B9871954F651B
:10CAF0007295F67473950D4E7495D84E7595E057F2
:10CB000076952B597795665A7895CC5B7995A8518F
:10CB10007A95035E7B959C5E7C9516607D9576622A
:10CB20007E9577658095A76581956E6682956E6D19
:10CB3000839536728495267B8595508186959A815A
:10CB40008795998288955C8B8995A08C8A95E68CCF
:10CB50008B95748D8C951C968D9544968E95AE4FC5
:10CB60008F95AB649095666B91951E8292956184CA
:10CB700093956A859495E8909595015C969553698F
:10CB80009795A89898957A84999557859A950F4F77
:10CB90009B956F529C95A95F9D95455E9E950D67EF
:10CBA0009F958F79A0957981A1950789A29586890E
:10CBB000A395F56DA495175FA5955562A695B86CDC
:10CBC000A795CF4EA8956972A995929BAA950652F2
:10CBD000AB953B54AC957456AD95B358AE95A461E6
:10CBE000AF956E62B0951A71B1956E59B295897C08
:10CBF000B395DE7CB4951B7DB595F096B6958765AB
:10CC0000B7955E80B895194EB995754FBA9575511F
:10CC1000BB954058BC95635EBD95735EBE950A5F3B
:10CC2000BF95C467C095264EC1953D85C29589952F
:10CC3000C3955B96C495737CC5950198C695FB50CA
:10CC4000C795C158C8955676C995A778CA952552F3
:10CC5000CB95A577CC951185CD95867BCE954F50FC
:10CC6000CF950959D0954772D195C77BD295E87D6C
:10CC7000D395BA8FD495D48FD5954D90D695BF4F77
:10CC8000D795C952D895295AD995015FDA95AD97AC
:10CC9000DB95DD4FDC951782DD95EA92DE95035733
:10CCA000DF955563E095696BE1952B75E295DC881E
:10CCB000E395148FE495427AE595DF52E695935813
:10CCC000E7955561E8950A62E995AE66EA95CD6B00
:10CCD000EB953F7CEC95E983ED952350EE95F84F6D
:10CCE000EF950553F0954654F1953158F295495911
:10CCF000F3959D5BF495F05CF595EF5CF695295DF9
:10CD0000F795965EF895B162F9956763FA953E6579
:10CD1000FB95B965FC950B674096D56C4196E16C27
:10CD20004296F9704396327844962B7E4596DE8083
:10CD30004696B38247960C844896EC8449960287BF
:10CD40004A9612894B962A8A4C964A8C4D96A69002
:10CD50004E96D2924F96FD985096F39C51966C9DAC
:10CD600052964F4E5396A14E54968D50559656520C
:10CD700056964A575796A85958963D5E5996D85F89
:10CD80005A96D95F5B963F625C96B4665D961B6768
:10CD90005E96D0675F96D268609692516196217DCB
:10CDA0006296AA806396A8816496008B65968C8CA7
:10CDB0006696BF8C67967E926896329669962054E6
:10CDC0006A962C986B9617536C96D5506D965C535B
:10CDD0006E96A8586F96B2647096346771966772B3
:10CDE000729666777396467A7496E6917596C352F4
:10CDF0007696A16C7796866B7896005879964C5EFD
:10CE00007A9654597B962C677C96FB7F7D96E151F0
:10CE10007E96C676809669648196E8788296549B61
:10CE20008396BB9E8496CB578596B959869627667E
:10CE300087969A678896CE6B8996E9548A96D969BF
:10CE40008B96555E8C969C818D9695678E96AA9B47
:10CE50008F96FE679096529C91965D689296A64E2C
:10CE60009396E34F9496C8539596B96296962B671E
:10CE70009796AB6C9896C48F9996AD4F9A966D7EA7
:10CE80009B96BF9E9C96074E9D9662619E96806E75
:10CE90009F962B6FA0961385A1967354A2962A672E
:10CEA000A396459BA496F35DA596957BA696AC5C50
:10CEB000A796C65BA8961C87A9964A6EAA96D184A7
:10CEC000AB96147AAC960881AD969959AE968D7C46
:10CED000AF96116CB0962077B196D952B29622597E
:10CEE000B3962171B4965F72B596DB77B6962797A5
:10CEF000B796619DB8960B69B9967F5ABA96185A3B
:10CF0000BB96A551BC960D54BD967D54BE960E663B
:10CF1000BF96DF76C096F78FC1969892C296F49C22
:10CF2000C396EA59C4965D72C596C56EC6964D51B4
:10CF3000C796C968C896BF7DC996EC7DCA966297A8
:10CF4000CB96BA9ECC967864CD96216ACE96028313
:10CF5000CF968459D0965F5BD196DB6BD2961B73CC
:10CF6000D396F276D496B27DD5961780D6969984CC
:10CF7000D7963251D8962867D996D99EDA96EE760A
:10CF8000DB966267DC96FF52DD960599DE96245C9F
:10CF9000DF963B62E0967E7CE196B08CE2964F5540
:10CFA000E396B660E4960B7DE5968095E696015390
:10CFB000E7965F4EE896B651E9961C59EA963A72A2
:10CFC000EB963680EC96CE91ED96255FEE96E27765
:10CFD000EF968453F096795FF196047DF296AC85D6
:10CFE000F396338AF4968D8EF5965697F696F367F8
:10CFF000F796AE85F8965394F9960961FA9608610A
:10D00000FB96B96CFC9652764097ED8A4197388F23
:10D0100042972F554397514F44972A514597C752EE
:10D020004697CB534797A55B48977D5E4997A0608D
:10D030004A9782614B97D6634C9709674D97DA6799
:10D040004E97676E4F978C6D509736735197377325
:10D0500052973175539750795497D5885597988A38
:10D0600056974A90579791905897F5905997C4962C
:10D070005A978D875B9715595C97884E5D97594FE6
:10D080005E970E4E5F97898A60973F8F61971098E1
:10D090006297AD5063977C5E649796596597B95BCC
:10D0A0006697B85E6797DA636897FA636997C164B1
:10D0B0006A97DC666B974A696C97D8696D970B6DB8
:10D0C0006E97B66E6F979471709728757197AF7A57
:10D0D00072978A7F73970080749749847597C98483
:10D0E000769781897797218B78970A8E79976590C3
:10D0F0007A977D967B970A997C977E617D9791625E
:10D100007E97326B8097836C8197746D8297CC7F0A
:10D110008397FC7F8497C06D8597857F8697BA87B4
:10D120008797F888889765678997B1838A973C982D
:10D130008B97F7968C971B6D8D97617D8E973D84AD
:10D140008F976A919097714E919775539297505D12
:10D150009397046B9497EB6F9597CD8596972D8653
:10D160009797A7899897295299970F549A97655C32
:10D170009B974E679C97A8689D9706749E978374AB
:10D180009F97E275A097CF88A197E188A297CC914D
:10D19000A397E296A4977896A5978B5FA697877337
:10D1A000A797CB7AA8974E84A997A063AA9765758D
:10D1B000AB978952AC97416DAD979C6EAE97097451
:10D1C000AF975975B0976B78B197927CB297869666
:10D1D000B397DC7AB4978D9FB597B64FB6976E61CB
:10D1E000B797C565B8975C86B997864EBA97AE4E25
:10D1F000BB97DA50BC97214EBD97CC51BE97EE5BE2
:10D20000BF979965C0978168C197BC6DC2971F731E
:10D21000C3974276C497AD77C5971C7AC697E77CCB
:10D22000C7976F82C897D28AC9977C90CA97CF91C7
:10D23000CB977596CC971898CD979B52CE97D17D6A
:10D24000CF972B50D0979853D1979767D297CB6DA4
:10D25000D397D071D4973374D597E881D6972A8F16
:10D26000D797A396D897579CD9979F9EDA976074C3
:10D27000DB974158DC97996DDD972F7DDE975E989F
:10D28000DF97E44EE097364FE1978B4FE297B75127
:10D29000E397B152E497BA5DE5971C60E697B273E5
:10D2A000E7973C79E897D382E9973492EA97B79663
:10D2B000EB97F696EC970A97ED97979EEE97629FFD
:10D2C000EF97A666F097746BF1971752F297A352F7
:10D2D000F397C870F497C288F597C95EF6974B60CC
:10D2E000F7979061F897236FF9974971FA973E7C09
:10D2F000FB97F47DFC976F804098EE8441982390D3
:10D3000042982C934398425444986F9B4598D36A13
:10D31000469889704798C28C4898EF8D4998329703
:10D320004A98B4524B98415A4C98CA5E4D98045F43
:10D330004E9817674F987C695098946951986A6D18
:10D3400052980F6F539862725498FC725598ED7B07
:10D350005698018057987E8058984B875998CE9060
:10D360005A986D515B98939E5C9884795D988B80F8
:10D370005E9832935F98D68A60982D5061988C544D
:10D380006298718A63986A6B6498C48C6598078107
:10D390006698D1606798A0676898F29D6998994EE1
:10D3A0006A98984E6B98109C6C986B8A6D98C185A2
:10D3B0006E9868856F98006970987E6E71989778FE
:10D3C000729855819F980C5FA098104EA198154EA9
:10D3D000A2982A4EA398314EA498364EA5983C4E5A
:10D3E000A6983F4EA798424EA898564EA998584ED8
:10D3F000AA98824EAB98854EAC986B8CAD988A4EAD
:10D40000AE981282AF980D5FB0988E4EB1989E4E36
:10D41000B2989F4EB398A04EB498A24EB598B04E15
:10D42000B698B34EB798B64EB898CE4EB998CD4E82
:10D43000BA98C44EBB98C64EBC98C24EBD98D74E43
:10D44000BE98DE4EBF98ED4EC098DF4EC198F74EA5
:10D45000C298094FC3985A4FC498304FC5985B4F34
:10D46000C6985D4FC798574FC898474FC998764F91
:10D47000CA98884FCB988F4FCC98984FCD987B4FB8
:10D48000CE98694FCF98704FD098914FD1986F4FE9
:10D49000D298864FD398964FD4981851D598D44F98
:10D4A000D698DF4FD798CE4FD898D84FD998DB4F22
:10D4B000DA98D14FDB98DA4FDC98D04FDD98E44F03
:10D4C000DE98E54FDF981A50E0982850E198145004
:10D4D000E2982A50E3982550E4980550E5981C4FAF
:10D4E000E698F64FE7982150E8982950E9982C5093
:10D4F000EA98FE4FEB98EF4FEC981150ED980650DC
:10D50000EE984350EF984750F0980367F1985550C4
:10D51000F2985050F3984850F4985A50F598565055
:10D52000F6986C50F7987850F8988050F9989A507F
:10D53000FA988550FB98B450FC98B2504099C95065
:10D540004199CA504299B3504399C2504499D65018
:10D550004599DE504699E5504799ED504899E3507A
:10D560004999EE504A99F9504B99F5504C99095107
:10D570004D9901514E9902514F991651509915519B
:10D580005199145152991A515399215154993A5120
:10D590005599375156993C5157993B5158993F519C
:10D5A000599940515A9952515B994C515C99545137
:10D5B0005D9962515E99F87A5F99695160996A51F3
:10D5C00061996E5162998051639982516499D856DC
:10D5D00065998C516699895167998F5168999151D4
:10D5E000699993516A9995516B9996516C99A45187
:10D5F0006D99A6516E99A2516F99A9517099AA512E
:10D600007199AB517299B3517399B1517499B251E7
:10D610007599B0517699B5517799BD517899C551A1
:10D620007999C9517A99DB517B99E0517C9955865A
:10D630007D99E9517E99ED518099F0518199F5518B
:10D640008299FE518399045284990B528599145200
:10D6500086990E528799275288992A5289992E5273
:10D660008A9933528B9939528C994F528D994452E1
:10D670008E994B528F994C5290995E529199545277
:10D6800092996A52939974529499695295997352E6
:10D6900096997F5297997D5298998D529999945263
:10D6A0009A9992529B9971529C9988529D99915244
:10D6B0009E99A88F9F99A78FA099AC52A199AD521E
:10D6C000A299BC52A399B552A499C152A599CD5221
:10D6D000A699D752A799DE52A899E352A999E65282
:10D6E000AA99ED98AB99E052AC99F352AD99F552E5
:10D6F000AE99F852AF99F952B0990653B1990853BF
:10D70000B2993875B3990D53B4991053B5990F5315
:10D71000B6991553B7991A53B8992353B9992F53FA
:10D72000BA993153BB993353BC993853BD9940537F
:10D73000BE994653BF994553C099174EC199495355
:10D74000C2994D53C399D651C4995E53C599695333
:10D75000C6996E53C7991859C8997B53C99977537D
:10D76000CA998253CB999653CC99A053CD99A6537D
:10D77000CE99A553CF99AE53D099B053D199B65302
:10D78000D299C353D399127CD499D996D599DF53A2
:10D79000D699FC66D799EE71D899EE53D999E8538A
:10D7A000DA99ED53DB99FA53DC990154DD993D5434
:10D7B000DE994054DF992C54E0992D54E1993C5462
:10D7C000E2992E54E3993654E4992954E5991D546D
:10D7D000E6994E54E7998F54E8997554E9998E5417
:10D7E000EA995F54EB997154EC997754ED99705420
:10D7F000EE999254EF997B54F0998054F1997654B4
:10D80000F2998454F3999054F4998654F599C75435
:10D81000F699A254F799B854F899A554F999AC54CB
:10D82000FA99C454FB99C854FC99A854409AAB5433
:10D83000419AC254429AA454439ABE54449ABC5446
:10D84000459AD854469AE554479AE654489A0F5553
:10D85000499A14554A9AFD544B9AEE544C9AED54F9
:10D860004D9AFA544E9AE2544F9A3955509A40556F
:10D87000519A6355529A4C55539A2E55549A5C5569
:10D88000559A4555569A5655579A5755589A385558
:10D89000599A33555A9A5D555B9A99555C9A8055B9
:10D8A0005D9AAF545E9A8A555F9A9F55609A7B55F0
:10D8B000619A7E55629A9855639A9E55649AAE55C0
:10D8C000659A7C55669A8355679AA955689A8755D3
:10D8D000699AA8556A9ADA556B9AC5556C9ADF55BC
:10D8E0006D9AC4556E9ADC556F9AE455709AD4556A
:10D8F000719A1456729AF755739A1656749AFE5581
:10D90000759AFD55769A1B56779AF955789A4E5620
:10D91000799A50567A9ADF717B9A34567C9A3656A9
:10D920007D9A32567E9A3856809A6B56819A645602
:10D93000829A2F56839A6C56849A6A56859A86568E
:10D94000869A8056879A8A56889AA056899A9456BB
:10D950008A9A8F568B9AA5568C9AAE568D9AB65641
:10D960008E9AB4568F9AC256909ABC56919AC156C6
:10D97000929AC356939AC056949AC856959ACE5680
:10D98000969AD156979AD356989AD756999AEE5610
:10D990009A9AF9569B9A00579C9AFF569D9A04575B
:10D9A0009E9A09579F9A0857A09A0B57A19A0D570C
:10D9B000A29A1357A39A1857A49A1657A59AC7550F
:10D9C000A69A1C57A79A2657A89A3757A99A385744
:10D9D000AA9A4E57AB9A3B57AC9A4057AD9A4F57BD
:10D9E000AE9A6957AF9AC057B09A8857B19A6157A3
:10D9F000B29A7F57B39A8957B49A9357B59AA0575A
:10DA0000B69AB357B79AA457B89AAA57B99AB057C3
:10DA1000BA9AC357BB9AC657BC9AD457BD9AD25725
:10DA2000BE9AD357BF9A0A58C09AD657C19AE3579D
:10DA3000C29A0B58C39A1958C49A1D58C59A72585D
:10DA4000C69A2158C79A6258C89A4B58C99A7058B2
:10DA5000CA9AC06BCB9A5258CC9A3D58CD9A7958F5
:10DA6000CE9A8558CF9AB958D09A9F58D19AAB5828
:10DA7000D29ABA58D39ADE58D49ABB58D59AB85885
:10DA8000D69AAE58D79AC558D89AD358D99AD15859
:10DA9000DA9AD758DB9AD958DC9AD858DD9AE558E3
:10DAA000DE9ADC58DF9AE458E09ADF58E19AEF58A2
:10DAB000E29AFA58E39AF958E49AFB58E59AFC5826
:10DAC000E69AFD58E79A0259E89A0A59E99A1059D4
:10DAD000EA9A1B59EB9AA668EC9A2559ED9A2C59AB
:10DAE000EE9A2D59EF9A3259F09A3859F19A3E59D7
:10DAF000F29AD27AF39A5559F49A5059F59A4E59A6
:10DB0000F69A5A59F79A5859F89A6259F99A6059F7
:10DB1000FA9A6759FB9A6C59FC9A6959409B785953
:10DB2000419B8159429B9D59439B5E4F449BAB4F08
:10DB3000459BA359469BB259479BC659489BE859F8
:10DB4000499BDC594A9B8D594B9BD9594C9BDA59BF
:10DB50004D9B255A4E9B1F5A4F9B115A509B1C5A46
:10DB6000519B095A529B1A5A539B405A549B6C5AC8
:10DB7000559B495A569B355A579B365A589B625A61
:10DB8000599B6A5A5A9B9A5A5B9BBC5A5C9BBE5AD9
:10DB90005D9BCB5A5E9BC25A5F9BBD5A609BE35A0A
:10DBA000619BD75A629BE65A639BE95A649BD65A9B
:10DBB000659BFA5A669BFB5A679B0C5B689B0B5BE9
:10DBC000699B165B6A9B325B6B9BD05A6C9B2A5B92
:10DBD0006D9B365B6E9B3E5B6F9B435B709B455BB7
:10DBE000719B405B729B515B739B555B749B5A5B53
:10DBF000759B5B5B769B655B779B695B789B705BDA
:10DC0000799B735B7A9B755B7B9B785B7C9B886560
:10DC10007D9B7A5B7E9B805B809B835B819BA65B0D
:10DC2000829BB85B839BC35B849BC75B859BC95B03
:10DC3000869BD45B879BD05B889BE45B899BE65B80
:10DC40008A9BE25B8B9BDE5B8C9BE55B8D9BEB5B3E
:10DC50008E9BF05B8F9BF65B909BF35B919B055CCF
:10DC6000929B075C939B085C949B0D5C959B135C5B
:10DC7000969B205C979B225C989B285C999B385CC8
:10DC80009A9B395C9B9B415C9C9B465C9D9B4E5C3C
:10DC90009E9B535C9F9B505CA09B4F5CA19B715BC8
:10DCA000A29B6C5CA39B6E5CA49B624EA59B765C66
:10DCB000A69B795CA79B8C5CA89B915CA99B945CC0
:10DCC000AA9B9B59AB9BAB5CAC9BBB5CAD9BB65C16
:10DCD000AE9BBC5CAF9BB75CB09BC55CB19BBE5CB4
:10DCE000B29BC75CB39BD95CB49BE95CB59BFD5C04
:10DCF000B69BFA5CB79BED5CB89B8C5DB99BEA5C0C
:10DD0000BA9B0B5DBB9B155DBC9B175DBD9B5C5DB2
:10DD1000BE9B1F5DBF9B1B5DC09B115DC19B145DC6
:10DD2000C29B225DC39B1A5DC49B195DC59B185D98
:10DD3000C69B4C5DC79B525DC89B4E5DC99B4B5DAE
:10DD4000CA9B6C5DCB9B735DCC9B765DCD9B875DE9
:10DD5000CE9B845DCF9B825DD09BA25DD19B9D5D60
:10DD6000D29BAC5DD39BAE5DD49BBD5DD59B905DDE
:10DD7000D69BB75DD79BBC5DD89BC95DD99BCD5D5C
:10DD8000DA9BD35DDB9BD25DDC9BD65DDD9BDB5DEF
:10DD9000DE9BEB5DDF9BF25DE09BF55DE19B0B5E47
:10DDA000E29B1A5EE39B195EE49B115EE59B1B5EA2
:10DDB000E69B365EE79B375EE89B445EE99B435EED
:10DDC000EA9B405EEB9B4E5EEC9B575EED9B545E88
:10DDD000EE9B5F5EEF9B625EF09B645EF19B475E35
:10DDE000F29B755EF39B765EF49B7A5EF59BBC9E20
:10DDF000F69B7F5EF79BA05EF89BC15EF99BC25EBF
:10DE0000FA9BC85EFB9BD05EFC9BCF5E409CD65EBF
:10DE1000419CE35E429CDD5E439CDA5E449CDB5E9B
:10DE2000459CE25E469CE15E479CE85E489CE95E5C
:10DE3000499CEC5E4A9CF15E4B9CF35E4C9CF05E10
:10DE40004D9CF45E4E9CF85E4F9CFE5E509C035FC2
:10DE5000519C095F529C5D5F539C5C5F549C0B5FBF
:10DE6000559C115F569C165F579C295F589C2D5FEF
:10DE7000599C385F5A9C415F5B9C485F5C9C4C5F3F
:10DE80005D9C4E5F5E9C2F5F5F9C515F609C565F08
:10DE9000619C575F629C595F639C615F649C6D5F8E
:10DEA000659C735F669C775F679C835F689C825FFD
:10DEB000699C7F5F6A9C8A5F6B9C885F6C9C915FAA
:10DEC0006D9C875F6E9C9E5F6F9C995F709C985F56
:10DED000719CA05F729CA85F739CAD5F749CBC5FDB
:10DEE000759CD65F769CFB5F779CE45F789CF85FBF
:10DEF000799CF15F7A9CDD5F7B9CB3607C9CFF5FCB
:10DF00007D9C21607E9C6060809C1960819C10607B
:10DF1000829C2960839C0E60849C3160859C1B6080
:10DF2000869C1560879C2B60889C2660899C0F606E
:10DF30008A9C3A608B9C5A608C9C41608D9C6A6084
:10DF40008E9C77608F9C5F60909C4A60919C46603D
:10DF5000929C4D60939C6360949C4360959C64602C
:10DF6000969C4260979C6C60989C6B60999C5960F1
:10DF70009A9C81609B9C8D609C9CE7609D9C8360CB
:10DF80009E9C9A609F9C8460A09C9B60A19C9660D4
:10DF9000A29C9760A39C9260A49CA760A59C8B60A8
:10DFA000A69CE160A79CB860A89CE060A99CD36097
:10DFB000AA9CB460AB9CF05FAC9CBD60AD9CC6609D
:10DFC000AE9CB560AF9CD860B09C4D61B19C1561B2
:10DFD000B29C0661B39CF660B49CF760B59C00618E
:10DFE000B69CF460B79CFA60B89C0361B99C21614F
:10DFF000BA9CFB60BB9CF160BC9C0D61BD9C0E613A
:10E00000BE9C4761BF9C3E61C09C2861C19C27614A
:10E01000C29C4A61C39C3F61C49C3C61C59C2C610D
:10E02000C69C3461C79C3D61C89C4261C99C4461E7
:10E03000CA9C7361CB9C7761CC9C5861CD9C596123
:10E04000CE9C5A61CF9C6B61D09C7461D19C6F61F6
:10E05000D29C6561D39C7161D49C5F61D59C5D61EC
:10E06000D69C5361D79C7561D89C9961D99C966167
:10E07000DA9C8761DB9CAC61DC9C9461DD9C9A61DD
:10E08000DE9C8A61DF9C9161E09CAB61E19CAE61AA
:10E09000E29CCC61E39CCA61E49CC961E59CF761A8
:10E0A000E69CC861E79CC361E89CC661E99CBA61D3
:10E0B000EA9CCB61EB9C797FEC9CCD61ED9CE661A9
:10E0C000EE9CE361EF9CF661F09CFA61F19CF461D7
:10E0D000F29CFF61F39CFD61F49CFC61F59CFE6188
:10E0E000F69C0062F79C0862F89C0962F99C0D623C
:10E0F000FA9C0C62FB9C1462FC9C1B62409D1E629D
:10E10000419D2162429D2A62439D2E62449D306260
:10E11000459D3262469D3362479D4162489D4E62F5
:10E12000499D5E624A9D63624B9D5B624C9D60624D
:10E130004D9D68624E9D7C624F9D8262509D8962BA
:10E14000519D7E62529D9262539D9362549D966250
:10E15000559DD462569D8362579D9462589DD762A7
:10E16000599DD1625A9DBB625B9DCF625C9DFF62EF
:10E170005D9DC6625E9DD4645F9DC862609DDC62E9
:10E18000619DCC62629DCA62639DC262649DC762EA
:10E19000659D9B62669DC962679D0C63689DEE628A
:10E1A000699DF1626A9D27636B9D02636C9D0863A4
:10E1B0006D9DEF626E9DF5626F9D5063709D3E6335
:10E1C000719D4D63729D1C64739D4F63749D966336
:10E1D000759D8E63769D8063779DAB63789D766336
:10E1E000799DA3637A9D8F637B9D89637C9D9F63EB
:10E1F0007D9DB5637E9D6B63809D6963819DBE63DC
:10E20000829DE963839DC063849DC663859DE363AE
:10E21000869DC963879DD263889DF663899DC4638B
:10E220008A9D16648B9D34648C9D06648D9D136459
:10E230008E9D26648F9D3664909D1D65919D17640B
:10E24000929D2864939D0F64949D6764959D6F646F
:10E25000969D7664979D4E64989D2A65999D9564D8
:10E260009A9D93649B9DA5649C9DA9649D9D8864D3
:10E270009E9DBC649F9DDA64A09DD264A19DC564EF
:10E28000A29DC764A39DBB64A49DD864A59DC264E0
:10E29000A69DF164A79DE764A89D0982A99DE064FD
:10E2A000AA9DE164AB9DAC62AC9DE364AD9DEF645F
:10E2B000AE9D2C65AF9DF664B09DF464B19DF26493
:10E2C000B29DFA64B39D0065B49DFD64B59D18656B
:10E2D000B69D1C65B79D0565B89D2465B99D2365F0
:10E2E000BA9D2B65BB9D3465BC9D3565BD9D37656D
:10E2F000BE9D3665BF9D3865C09D4B75C19D486507
:10E30000C29D5665C39D5565C49D4D65C59D5865A7
:10E31000C69D5E65C79D5D65C89D7265C99D786532
:10E32000CA9D8265CB9D8365CC9D8A8BCD9D9B6567
:10E33000CE9D9F65CF9DAB65D09DB765D19DC365D3
:10E34000D29DC665D39DC165D49DC465D59DCC6560
:10E35000D69DD265D79DDB65D89DD965D99DE065F1
:10E36000DA9DE165DB9DF165DC9D7267DD9D0A66E6
:10E37000DE9D0366DF9DFB65E09D7367E19D35666D
:10E38000E29D3666E39D3466E49D1C66E59D4F661E
:10E39000E69D4466E79D4966E89D4166E99D5E66A7
:10E3A000EA9D5D66EB9D6466EC9D6766ED9D686623
:10E3B000EE9D5F66EF9D6266F09D7066F19D8366DF
:10E3C000F29D8866F39D8E66F49D8966F59D846650
:10E3D000F69D9866F79D9D66F89DC166F99DB966A4
:10E3E000FA9DC966FB9DBE66FC9DBC66409EC466E8
:10E3F000419EB866429ED666439EDA66449EE066BB
:10E40000459E3F66469EE666479EE966489EF066E4
:10E41000499EF5664A9EF7664B9E0F674C9E1667AF
:10E420004D9E1E674E9E26674F9E2767509E3897CB
:10E43000519E2E67529E3F67539E3667549E41679A
:10E44000559E3867569E3767579E4667589E5E674B
:10E45000599E60675A9E59675B9E63675C9E6467BE
:10E460005D9E89675E9E70675F9EA967609E7C6700
:10E47000619E6A67629E8C67639E8B67649EA667D7
:10E48000659EA167669E8567679EB767689EEF6712
:10E49000699EB4676A9EEC676B9EB3676C9EE96782
:10E4A0006D9EB8676E9EE4676F9EDE67709EDD6747
:10E4B000719EE267729EEE67739EB967749ECE6727
:10E4C000759EC667769EE767779E9C6A789E1E68F3
:10E4D000799E46687A9E29687B9E40687C9E4D683E
:10E4E0007D9E32687E9E4E68809EB368819E2B68BA
:10E4F000829E5968839E6368849E7768859E7F6844
:10E50000869E9F68879E8F68889EAD68899E946866
:10E510008A9E9D688B9E9B688C9E83688D9EAE6A4A
:10E520008E9EB9688F9E7468909EB568919EA06813
:10E53000929EBA68939E0F69949E8D68959E7E68A0
:10E54000969E0169979ECA68989E0869999ED868A8
:10E550009A9E22699B9E26699C9EE1689D9E0C69FD
:10E560009E9ECD689F9ED468A09EE768A19ED568B8
:10E57000A29E3669A39E1269A49E0469A59ED768CF
:10E58000A69EE368A79E2569A89EF968A99EE068F3
:10E59000AA9EEF68AB9E2869AC9E2A69AD9E1A6957
:10E5A000AE9E2369AF9E2169B09EC668B19E79690F
:10E5B000B29E7769B39E5C69B49E7869B59E6B69BB
:10E5C000B69E5469B79E7E69B89E6E69B99E3969D8
:10E5D000BA9E7469BB9E3D69BC9E5969BD9E3069F7
:10E5E000BE9E6169BF9E5E69C09E5D69C19E816974
:10E5F000C29E6A69C39EB269C49EAE69C59ED06957
:10E60000C69EBF69C79EC169C89ED369C99EBE69BF
:10E61000CA9ECE69CB9EE85BCC9ECA69CD9EDD6961
:10E62000CE9EBB69CF9EC369D09EA769D19E2E6A3C
:10E63000D29E9169D39EA069D49E9C69D59E95690E
:10E64000D69EB469D79EDE69D89EE869D99E026AD3
:10E65000DA9E1B6ADB9EFF69DC9E0A6BDD9EF96910
:10E66000DE9EF269DF9EE769E09E056AE19EB16980
:10E67000E29E1E6AE39EED69E49E146AE59EEB69E4
:10E68000E69E0A6AE79E126AE89EC16AE99E236ACC
:10E69000EA9E136AEB9E446AEC9E0C6AED9E726AD7
:10E6A000EE9E366AEF9E786AF09E476AF19E626A35
:10E6B000F29E596AF39E666AF49E486AF59E386A2D
:10E6C000F69E226AF79E906AF89E8D6AF99EA06A6D
:10E6D000FA9E846AFB9EA26AFC9EA36A409F976A88
:10E6E000419F1786429FBB6A439FC36A449FC26A89
:10E6F000459FB86A469FB36A479FAC6A489FDE6AE7
:10E70000499FD16A4A9FDF6A4B9FAA6A4C9FDA6A87
:10E710004D9FEA6A4E9FFB6A4F9F056B509F16867E
:10E72000519FFA6A529F126B539F166B549F319BF5
:10E73000559F1F6B569F386B579F376B589FDC76E2
:10E74000599F396B5A9FEE985B9F476B5C9F436B59
:10E750005D9F496B5E9F506B5F9F596B609F546BD1
:10E76000619F5B6B629F5F6B639F616B649F786B64
:10E77000659F796B669F7F6B679F806B689F846BDB
:10E78000699F836B6A9F8D6B6B9F986B6C9F956B7A
:10E790006D9F9E6B6E9FA46B6F9FAA6B709FAB6B00
:10E7A000719FAF6B729FB26B739FB16B749FB36BB2
:10E7B000759FB76B769FBC6B779FC66B789FCB6B53
:10E7C000799FD36B7A9FDF6B7B9FEC6B7C9FEB6BAE
:10E7D0007D9FF36B7E9FEF6B809FBE9E819F086C39
:10E7E000829F136C839F146C849F1B6C859F246C89
:10E7F000869F236C879F5E6C889F556C899F626C97
:10E800008A9F6A6C8B9F826C8C9F8D6C8D9F9A6C9B
:10E810008E9F816C8F9F9B6C909F7E6C919F686C8C
:10E82000929F736C939F926C949F906C959FC46C15
:10E83000969FF16C979FD36C989FBD6C999FD76CF6
:10E840009A9FC56C9B9FDD6C9C9FAE6C9D9FB16C2D
:10E850009E9FBE6C9F9FBA6CA09FDB6CA19FEF6CCC
:10E86000A29FD96CA39FEA6CA49F1F6DA59F4D88A2
:10E87000A69F366DA79F2B6DA89F3D6DA99F386DF4
:10E88000AA9F196DAB9F356DAC9F336DAD9F126D17
:10E89000AE9F0C6DAF9F636DB09F936DB19F646D24
:10E8A000B29F5A6DB39F796DB49F596DB59F8E6DB0
:10E8B000B69F956DB79FE46FB89F856DB99FF96D51
:10E8C000BA9F156EBB9F0A6EBC9FB56DBD9FC76D8D
:10E8D000BE9FE66DBF9FB86DC09FC66DC19FEC6DBA
:10E8E000C29FDE6DC39FCC6DC49FE86DC59FD26D86
:10E8F000C69FC56DC79FFA6DC89FD96DC99FE46D4E
:10E90000CA9FD56DCB9FEA6DCC9FEE6DCD9F2D6ECE
:10E91000CE9F6E6ECF9F2E6ED09F196ED19F726E5E
:10E92000D29F5F6ED39F3E6ED49F236ED59F6B6E3A
:10E93000D69F2B6ED79F766ED89F4D6ED99F1F6E38
:10E94000DA9F436EDB9F3A6EDC9F4E6EDD9F246E36
:10E95000DE9FFF6EDF9F1D6EE09F386EE19F826E2F
:10E96000E29FAA6EE39F986EE49FC96EE59FB76E23
:10E97000E69FD36EE79FBD6EE89FAF6EE99FC46EC2
:10E98000EA9FB26EEB9FD46EEC9FD56EED9F8F6EBB
:10E99000EE9FA56EEF9FC26EF09F9F6EF19F416F3D
:10E9A000F29F116FF39F4C70F49FEC6EF59FF86E21
:10E9B000F69FFE6EF79F3F6FF89FF26EF99F316FE3
:10E9C000FA9FEF6EFB9F326FFC9FCC6E40E03E6F74
:10E9D00041E0136F42E0F76E43E0866F44E07A6FE8
:10E9E00045E0786F46E0816F47E0806F48E06F6FE9
:10E9F00049E05B6F4AE0F36F4BE06D6F4CE0826F74
:10EA00004DE07C6F4EE0586F4FE08E6F50E0916F9D
:10EA100051E0C26F52E0666F53E0B36F54E0A36FF2
:10EA200055E0A16F56E0A46F57E0B96F58E0C66F8C
:10EA300059E0AA6F5AE0DF6F5BE0D56F5CE0EC6FE6
:10EA40005DE0D46F5EE0D86F5FE0F16F60E0EE6F85
:10EA500061E0DB6F62E0097063E00B7064E0FA6F05
:10EA600065E0117066E0017067E00F7068E0FE6FAE
:10EA700069E01B706AE01A706BE0746F6CE01D70E7
:10EA80006DE018706EE01F706FE0307070E03E70E7
:10EA900071E0327072E0517073E0637074E09970ED
:10EAA00075E0927076E0AF7077E0F17078E0AC706E
:10EAB00079E0B8707AE0B3707BE0AE707CE0DF7034
:10EAC0007DE0CB707EE0DD7080E0D97081E009717F
:10EAD00082E0FD7083E01C7184E0197185E065714E
:10EAE00086E0557187E0887188E0667189E062711F
:10EAF0008AE04C718BE056718CE06C718DE08F7107
:10EB00008EE0FB718FE0847190E0957191E0A871C7
:10EB100092E0AC7193E0D77194E0B97195E0BE7169
:10EB200096E0D27197E0C97198E0D47199E0CE7106
:10EB30009AE0E0719BE0EC719CE0E7719DE0F5717B
:10EB40009EE0FC719FE0F971A0E0FF71A1E00D7201
:10EB5000A2E01072A3E01B72A4E02872A5E02D725F
:10EB6000A6E02C72A7E03072A8E03272A9E03B72F6
:10EB7000AAE03C72ABE03F72ACE04072ADE046729E
:10EB8000AEE04B72AFE05872B0E07472B1E07E72EA
:10EB9000B2E08272B3E08172B4E08772B5E0927243
:10EBA000B6E09672B7E0A272B8E0A772B9E0B972A7
:10EBB000BAE0B272BBE0C372BCE0C672BDE0C47220
:10EBC000BEE0CE72BFE0D272C0E0E272C1E0E0729D
:10EBD000C2E0E172C3E0F972C4E0F772C5E00F5021
:10EBE000C6E01773C7E00A73C8E01C73C9E0167368
:10EBF000CAE01D73CBE03473CCE02F73CDE02973F2
:10EC0000CEE02573CFE03E73D0E04E73D1E04F737A
:10EC1000D2E0D89ED3E05773D4E06A73D5E068732E
:10EC2000D6E07073D7E07873D8E07573D9E07B7362
:10EC3000DAE07A73DBE0C873DCE0B373DDE0CE7357
:10EC4000DEE0BB73DFE0C073E0E0E573E1E0EE73AC
:10EC5000E2E0DE73E3E0A274E4E00574E5E06F74E3
:10EC6000E6E02574E7E0F873E8E03274E9E03A742E
:10EC7000EAE05574EBE03F74ECE05F74EDE059744A
:10EC8000EEE04174EFE05C74F0E06974F1E0707400
:10EC9000F2E06374F3E06A74F4E07674F5E07E7495
:10ECA000F6E08B74F7E09E74F8E0A774F9E0CA749C
:10ECB000FAE0CF74FBE0D474FCE0F17340E1E0745F
:10ECC00041E1E37442E1E77443E1E97444E1EE7445
:10ECD00045E1F27446E1F07447E1F17448E1F874FB
:10ECE00049E1F7744AE104754BE103754CE10575A0
:10ECF0004DE10C754EE10E754FE10D7550E1157546
:10ED000051E1137552E11E7553E1267554E12C75DE
:10ED100055E13C7556E1447557E14D7558E14A752A
:10ED200059E149755AE15B755BE146755CE15A75DD
:10ED30005DE169755EE164755FE1677560E16B7562
:10ED400061E16D7562E1787563E1767564E1867500
:10ED500065E1877566E1747567E18A7568E18975B3
:10ED600069E182756AE194756BE19A756CE19D7554
:10ED70006DE1A5756EE1A3756FE1C27570E1B375C4
:10ED800071E1C37572E1B57573E1BD7574E1B87574
:10ED900075E1BC7576E1B17577E1CD7578E1CA753D
:10EDA00079E1D2757AE1D9757BE1E3757CE1DE75B5
:10EDB0007DE1FE757EE1FF7580E1FC7581E1017604
:10EDC00082E1F07583E1FA7584E1F27585E1F3750E
:10EDD00086E10B7687E10D7688E1097689E11F7679
:10EDE0008AE127768BE120768CE121768DE122760F
:10EDF0008EE124768FE1347690E1307691E13B76B6
:10EE000092E1477693E1487694E1467695E15C7627
:10EE100096E1587697E1617698E1627699E16876B5
:10EE20009AE169769BE16A769CE167769DE16C7672
:10EE30009EE170769FE17276A0E17676A1E1787628
:10EE4000A2E17C76A3E18076A4E18376A5E18876D1
:10EE5000A6E18B76A7E18E76A8E19676A9E1937676
:10EE6000AAE19976ABE19A76ACE1B076ADE1B47601
:10EE7000AEE1B876AFE1B976B0E1BA76B1E1C2768B
:10EE8000B2E1CD76B3E1D676B4E1D276B5E1DE7605
:10EE9000B6E1E176B7E1E576B8E1E776B9E1EA76A1
:10EEA000BAE12F86BBE1FB76BCE10877BDE10777CD
:10EEB000BEE10477BFE12977C0E12477C1E11E7785
:10EEC000C2E12577C3E12677C4E11B77C5E1377737
:10EED000C6E13877C7E14777C8E15A77C9E1687773
:10EEE000CAE16B77CBE15B77CCE16577CDE17F77EA
:10EEF000CEE17E77CFE17977D0E18E77D1E18B7764
:10EF0000D2E19177D3E1A077D4E19E77D5E1B077D4
:10EF1000D6E1B677D7E1B977D8E1BF77D9E1BC7749
:10EF2000DAE1BD77DBE1BB77DCE1C777DDE1CD7707
:10EF3000DEE1D777DFE1DA77E0E1DC77E1E1E37783
:10EF4000E2E1EE77E3E1FC77E4E10C78E5E11278C9
:10EF5000E6E12679E7E12078E8E12A79E9E14578F8
:10EF6000EAE18E78EBE17478ECE18678EDE17C788B
:10EF7000EEE19A78EFE18C78F0E1A378F1E1B578F1
:10EF8000F2E1AA78F3E1AF78F4E1D178F5E1C6785F
:10EF9000F6E1CB78F7E1D478F8E1BE78F9E1BC7816
:10EFA000FAE1C578FBE1CA78FCE1EC7840E2E77869
:10EFB00041E2DA7842E2FD7843E2F47844E207790C
:10EFC00045E2127946E2117947E2197948E22C7953
:10EFD00049E22B794AE240794BE260794CE2577979
:10EFE0004DE25F794EE25A794FE2557950E253791A
:10EFF00051E27A7952E27F7953E28A7954E29D793B
:10F0000055E2A77956E24B9F57E2AA7958E2AE79CA
:10F0100059E2B3795AE2B9795BE2BA795CE2C9792B
:10F020005DE2D5795EE2E7795FE2EC7960E2E17971
:10F0300061E2E37962E2087A63E20D7A64E2187AC7
:10F0400065E2197A66E2207A67E21F7A68E28079DF
:10F0500069E2317A6AE23B7A6BE23E7A6CE2377AB5
:10F060006DE2437A6EE2577A6FE2497A70E2617A32
:10F0700071E2627A72E2697A73E29D9F74E2707A59
:10F0800075E2797A76E27D7A77E2887A78E2977A21
:10F0900079E2957A7AE2987A7BE2967A7CE2A97AAA
:10F0A0007DE2C87A7EE2B07A80E2B67A81E2C57A01
:10F0B00082E2C47A83E2BF7A84E2839085E2C77AEF
:10F0C00086E2CA7A87E2CD7A88E2CF7A89E2D57A77
:10F0D0008AE2D37A8BE2D97A8CE2DA7A8DE2DD7A2F
:10F0E0008EE2E17A8FE2E27A90E2E67A91E2ED7ADC
:10F0F00092E2F07A93E2027B94E20F7B95E20A7B44
:10F1000096E2067B97E2337B98E2187B99E2197BC3
:10F110009AE21E7B9BE2357B9CE2287B9DE2367B5C
:10F120009EE2507B9FE27A7BA0E2047BA1E24D7BD2
:10F13000A2E20B7BA3E24C7BA4E2457BA5E2757BBC
:10F14000A6E2657BA7E2747BA8E2677BA9E2707BFD
:10F15000AAE2717BABE26C7BACE26E7BADE29D7BA5
:10F16000AEE2987BAFE29F7BB0E28D7BB1E29C7B0D
:10F17000B2E29A7BB3E28B7BB4E2927BB5E28F7B07
:10F18000B6E25D7BB7E2997BB8E2CB7BB9E2C17BAB
:10F19000BAE2CC7BBBE2CF7BBCE2B47BBDE2C67BF8
:10F1A000BEE2DD7BBFE2E97BC0E2117CC1E2147C00
:10F1B000C2E2E67BC3E2E57BC4E2607CC5E2007CA0
:10F1C000C6E2077CC7E2137CC8E2F37BC9E2F77BA7
:10F1D000CAE2177CCBE20D7CCCE2F67BCDE2237C4D
:10F1E000CEE2277CCFE22A7CD0E21F7CD1E2377CC2
:10F1F000D2E22B7CD3E23D7CD4E24C7CD5E2437C52
:10F20000D6E2547CD7E24F7CD8E2407CD9E2507CF5
:10F21000DAE2587CDBE25F7CDCE2647CDDE2567C97
:10F22000DEE2657CDFE26C7CE0E2757CE1E2837C1F
:10F23000E2E2907CE3E2A47CE4E2AD7CE5E2A27C45
:10F24000E6E2AB7CE7E2A17CE8E2A87CE9E2B37C01
:10F25000EAE2B27CEBE2B17CECE2AE7CEDE2B97CBE
:10F26000EEE2BD7CEFE2C07CF0E2C57CF1E2C27C64
:10F27000F2E2D87CF3E2D27CF4E2DC7CF5E2E27CE0
:10F28000F6E23B9BF7E2EF7CF8E2F27CF9E2F47CF9
:10F29000FAE2F67CFBE2FA7CFCE2067D40E3027DCA
:10F2A00041E31C7D42E3157D43E30A7D44E3457D54
:10F2B00045E34B7D46E32E7D47E3327D48E33F7DCA
:10F2C00049E3357D4AE3467D4BE3737D4CE3567D50
:10F2D0004DE34E7D4EE3727D4FE3687D50E36E7DDE
:10F2E00051E34F7D52E3637D53E3937D54E3897D86
:10F2F00055E35B7D56E38F7D57E37D7D58E39B7D32
:10F3000059E3BA7D5AE3AE7D5BE3A37D5CE3B57D53
:10F310005DE3C77D5EE3BD7D5FE3AB7D60E33D7E86
:10F3200061E3A27D62E3AF7D63E3DC7D64E3B87DEE
:10F3300065E39F7D66E3B07D67E3D87D68E3DD7DAF
:10F3400069E3E47D6AE3DE7D6BE3FB7D6CE3F27DE4
:10F350006DE3E17D6EE3057E6FE30A7E70E3237E5D
:10F3600071E3217E72E3127E73E3317E74E31F7ECC
:10F3700075E3097E76E30B7E77E3227E78E3467EB3
:10F3800079E3667E7AE33B7E7BE3357E7CE3397E00
:10F390007DE3437E7EE3377E80E3327E81E33A7E07
:10F3A00082E3677E83E35D7E84E3567E85E35E7E53
:10F3B00086E3597E87E35A7E88E3797E89E36A7E15
:10F3C0008AE3697E8BE37C7E8CE37B7E8DE3837EA8
:10F3D0008EE3D57D8FE37D7E90E3AE8F91E37F7EDC
:10F3E00092E3887E93E3897E94E38C7E95E3927E1C
:10F3F00096E3907E97E3937E98E3947E99E3967EDE
:10F400009AE38E7E9BE39B7E9CE39C7E9DE3387F0C
:10F410009EE33A7F9FE3457FA0E34C7FA1E34D7FCE
:10F42000A2E34E7FA3E3507FA4E3517FA5E3557F82
:10F43000A6E3547FA7E3587FA8E35F7FA9E3607F3B
:10F44000AAE3687FABE3697FACE3677FADE3787FD6
:10F45000AEE3827FAFE3867FB0E3837FB1E3887F53
:10F46000B2E3877FB3E38C7FB4E3947FB5E39E7F01
:10F47000B6E39D7FB7E39A7FB8E3A37FB9E3AF7F9D
:10F48000BAE3B27FBBE3B97FBCE3AE7FBDE3B67F37
:10F49000BEE3B87FBFE3718BC0E3C57FC1E3C67F26
:10F4A000C2E3CA7FC3E3D57FC4E3D47FC5E3E17F72
:10F4B000C6E3E67FC7E3E97FC8E3F37FC9E3F97FEB
:10F4C000CAE3DC98CBE30680CCE30480CDE30B8079
:10F4D000CEE31280CFE31880D0E31980D1E31C8003
:10F4E000D2E32180D3E32880D4E33F80D5E33B807F
:10F4F000D6E34A80D7E34680D8E35280D9E35880E8
:10F50000DAE35A80DBE35F80DCE36280DDE368807E
:10F51000DEE37380DFE37280E0E37080E1E3768016
:10F52000E2E37980E3E37D80E4E37F80E5E38480C8
:10F53000E6E38680E7E38580E8E39B80E9E3938068
:10F54000EAE39A80EBE3AD80ECE39051EDE3AC802D
:10F55000EEE3DB80EFE3E580F0E3D980F1E3DD80EB
:10F56000F2E3C480F3E3DA80F4E3D680F5E30981C3
:10F57000F6E3EF80F7E3F180F8E31B81F9E32981FB
:10F58000FAE32381FBE32F81FCE34B8140E48B967C
:10F5900041E4468142E43E8143E4538144E45181A5
:10F5A00045E4FC8046E4718147E46E8148E465816E
:10F5B00049E466814AE474814BE483814CE48881A8
:10F5C0004DE48A814EE480814FE4828150E4A08141
:10F5D00051E4958152E4A48153E4A38154E45F8112
:10F5E00055E4938156E4A98157E4B08158E4B5818C
:10F5F00059E4BE815AE4B8815BE4BD815CE4C0811A
:10F600005DE4C2815EE4BA815FE4C98160E4CD81DA
:10F6100061E4D18162E4D98163E4D88164E4C88182
:10F6200065E4DA8166E4DF8167E4E08168E4E7812C
:10F6300069E4FA816AE4FB816BE4FE816CE4018297
:10F640006DE402826EE405826FE4078270E40A8250
:10F6500071E40D8272E4108273E4168274E42982EC
:10F6600075E42B8276E4388277E4338278E4408252
:10F6700079E459827AE458827BE45D827CE45A82A0
:10F680007DE45F827EE4648280E4628281E4688259
:10F6900082E46A8283E46B8284E42E8285E4718250
:10F6A00086E4778287E4788288E47E8289E48D82AA
:10F6B0008AE492828BE4AB828CE49F828DE4BB82ED
:10F6C0008EE4AC828FE4E18290E4E38291E4DF8215
:10F6D00092E4D28293E4F48294E4F38295E4FA8291
:10F6E00096E4938397E4038398E4FB8299E4F98298
:10F6F0009AE4DE829BE406839CE4DC829DE4098339
:10F700009EE4D9829FE43583A0E43483A1E4168388
:10F71000A2E43283A3E43183A4E44083A5E43983E3
:10F72000A6E45083A7E44583A8E42F83A9E42B83B0
:10F73000AAE41783ABE41883ACE48583ADE49A8331
:10F74000AEE4AA83AFE49F83B0E4A283B1E49683DE
:10F75000B2E42383B3E48E83B4E48783B5E48A837D
:10F76000B6E47C83B7E4B583B8E47383B9E4758306
:10F77000BAE4A083BBE48983BCE4A883BDE4F4833A
:10F78000BEE41384BFE4EB83C0E4CE83C1E4FD8315
:10F79000C2E40384C3E4D883C4E40B84C5E4C18316
:10F7A000C6E4F783C7E40784C8E4E083C9E4F283CE
:10F7B000CAE40D84CBE42284CCE42084CDE4BD8370
:10F7C000CEE43884CFE40685D0E4FB83D1E46D84B5
:10F7D000D2E42A84D3E43C84D4E45A85D5E48484F6
:10F7E000D6E47784D7E46B84D8E4AD84D9E46E841E
:10F7F000DAE48284DBE46984DCE44684DDE42C849E
:10F80000DEE46F84DFE47984E0E43584E1E4CA84F3
:10F81000E2E46284E3E4B984E4E4BF84E5E49F8441
:10F82000E6E4D984E7E4CD84E8E4BB84E9E4DA845F
:10F83000EAE4D084EBE4C184ECE4C684EDE4D6844D
:10F84000EEE4A184EFE42185F0E4FF84F1E4F484A4
:10F85000F2E41785F3E41885F4E42C85F5E41F85BC
:10F86000F6E41585F7E41485F8E4FC84F9E44085B2
:10F87000FAE46385FBE45885FCE4488540E541856E
:10F8800041E5028642E54B8543E5558544E58085A3
:10F8900045E5A48546E5888547E5918548E58A855F
:10F8A00049E5A8854AE56D854BE594854CE59B8542
:10F8B0004DE5EA854EE587854FE59C8550E57785E2
:10F8C00051E57E8552E5908553E5C98554E5BA85B5
:10F8D00055E5CF8556E5B98557E5D08558E5D585F9
:10F8E00059E5DD855AE5E5855BE5DC855CE5F9856F
:10F8F0005DE50A865EE513865FE50B8660E5FE85BD
:10F9000061E5FA8562E5068663E5228664E51A8686
:10F9100065E5308666E53F8667E54D8668E5554EC8
:10F9200069E554866AE55F866BE567866CE57186F6
:10F930006DE593866EE5A3866FE5A98670E5AA86D8
:10F9400071E58B8672E58C8673E5B68674E5AF86C5
:10F9500075E5C48676E5C68677E5B08678E5C9861E
:10F9600079E523887AE5AB867BE5D4867CE5DE867F
:10F970007DE5E9867EE5EC8680E5DF8681E5DB8650
:10F9800082E5EF8683E5128784E5068785E50887AB
:10F9900086E5008787E5038788E5FB8689E511878B
:10F9A0008AE509878BE50D878CE5F9868DE50A8761
:10F9B0008EE534878FE53F8790E5378791E53B8774
:10F9C00092E5258793E5298794E51A8795E5608771
:10F9D00096E55F8797E5788798E54C8799E54E87A8
:10F9E0009AE574879BE557879CE568879DE56E8758
:10F9F0009EE559879FE55387A0E56387A1E56A8760
:10FA0000A2E50588A3E5A287A4E59F87A5E58287EF
:10FA1000A6E5AF87A7E5CB87A8E5BD87A9E5C087A1
:10FA2000AAE5D087ABE5D696ACE5AB87ADE5C48754
:10FA3000AEE5B387AFE5C787B0E5C687B1E5BB875D
:10FA4000B2E5EF87B3E5F287B4E5E087B5E50F8867
:10FA5000B6E50D88B7E5FE87B8E5F687B9E5F7871F
:10FA6000BAE50E88BBE5D287BCE51188BDE51688EE
:10FA7000BEE51588BFE52288C0E52188C1E531884B
:10FA8000C2E53688C3E53988C4E52788C5E53B88E3
:10FA9000C6E54488C7E54288C8E55288C9E5598863
:10FAA000CAE55E88CBE56288CCE56B88CDE58188C8
:10FAB000CEE57E88CFE59E88D0E57588D1E57D8846
:10FAC000D2E5B588D3E57288D4E58288D5E59788F4
:10FAD000D6E59288D7E5AE88D8E59988D9E5A28899
:10FAE000DAE58D88DBE5A488DCE5B088DDE5BF8854
:10FAF000DEE5B188DFE5C388E0E5C488E1E5D488C8
:10FB0000E2E5D888E3E5D988E4E5DD88E5E5F9882C
:10FB1000E6E50289E7E5FC88E8E5F488E9E5E888B8
:10FB2000EAE5F288EBE50489ECE50C89EDE50A8964
:10FB3000EEE51389EFE54389F0E51E89F1E52589B6
:10FB4000F2E52A89F3E52B89F4E54189F5E5448955
:10FB5000F6E53B89F7E53689F8E53889F9E54C891A
:10FB6000FAE51D89FBE56089FCE55E8940E666896A
:10FB700041E6648942E66D8943E66A8944E66F8915
:10FB800045E6748946E6778947E67E8948E68389B3
:10FB900049E688894AE68A894BE693894CE6988942
:10FBA0004DE6A1894EE6A9894FE6A68950E6AC89C3
:10FBB00051E6AF8952E6B28953E6BA8954E6BD8967
:10FBC00055E6BF8956E6C08957E6DA8958E6DC89EA
:10FBD00059E6DD895AE6E7895BE6F4895CE6F8894F
:10FBE0005DE6038A5EE6168A5FE6108A60E60C8AA6
:10FBF00061E61B8A62E61D8A63E6258A64E6368A28
:10FC000065E6418A66E65B8A67E6528A68E6468A66
:10FC100069E6488A6AE67C8A6BE66D8A6CE66C8ADD
:10FC20006DE6628A6EE6858A6FE6828A70E6848A6D
:10FC300071E6A88A72E6A18A73E6918A74E6A58ABB
:10FC400075E6A68A76E69A8A77E6A38A78E6C48A73
:10FC500079E6CD8A7AE6C28A7BE6DA8A7CE6EB8AA6
:10FC60007DE6F38A7EE6E78A80E6E48A81E6F18A29
:10FC700082E6148B83E6E08A84E6E28A85E6F78AE8
:10FC800086E6DE8A87E6DB8A88E60C8B89E6078BC8
:10FC90008AE61A8B8BE6E18A8CE6168B8DE6108B52
:10FCA0008EE6178B8FE6208B90E6338B91E6AB9731
:10FCB00092E6268B93E62B8B94E63E8B95E6288B7B
:10FCC00096E6418B97E64C8B98E64F8B99E64E8BE8
:10FCD0009AE6498B9BE6568B9CE65B8B9DE65A8B9E
:10FCE0009EE66B8B9FE65F8BA0E66C8BA1E66F8B2D
:10FCF000A2E6748BA3E67D8BA4E6808BA5E68C8BB5
:10FD0000A6E68E8BA7E6928BA8E6938BA9E6968B48
:10FD1000AAE6998BABE69A8BACE63A8CADE6418CC1
:10FD2000AEE63F8CAFE6488CB0E64C8CB1E64E8C2C
:10FD3000B2E6508CB3E6558CB4E6628CB5E66C8CBA
:10FD4000B6E6788CB7E67A8CB8E6828CB9E6898C10
:10FD5000BAE6858CBBE68A8CBCE68D8CBDE68E8CC3
:10FD6000BEE6948CBFE67C8CC0E6988CC1E61D6232
:10FD7000C2E6AD8CC3E6AA8CC4E6BD8CC5E6B28CE7
:10FD8000C6E6B38CC7E6AE8CC8E6B68CC9E6C88CAE
:10FD9000CAE6C18CCBE6E48CCCE6E38CCDE6DA8C0B
:10FDA000CEE6FD8CCFE6FA8CD0E6FB8CD1E6048D56
:10FDB000D2E6058DD3E60A8DD4E6078DD5E60F8D04
:10FDC000D6E60D8DD7E6108DD8E64E9FD9E6138D79
:10FDD000DAE6CD8CDBE6148DDCE6168DDDE6678D8C
:10FDE000DEE66D8DDFE6718DE0E6738DE1E6818DF7
:10FDF000E2E6998DE3E6C28DE4E6BE8DE5E6BA8DD6
:10FE0000E6E6CF8DE7E6DA8DE8E6D68DE9E6CC8D3D
:10FE1000EAE6DB8DEBE6CB8DECE6EA8DEDE6EB8DED
:10FE2000EEE6DF8DEFE6E38DF0E6FC8DF1E6088E81
:10FE3000F2E6098EF3E6FF8DF4E61D8EF5E61E8EE2
:10FE4000F6E6108EF7E61F8EF8E6428EF9E6358E5E
:10FE5000FAE6308EFBE6348EFCE64A8E40E7478EAB
:10FE600041E7498E42E74C8E43E7508E44E7488E87
:10FE700045E7598E46E7648E47E7608E48E72A8E4D
:10FE800049E7638E4AE7558E4BE7768E4CE7728ED4
:10FE90004DE77C8E4EE7818E4FE7878E50E7858E4B
:10FEA00051E7848E52E78B8E53E78A8E54E7938E08
:10FEB00055E7918E56E7948E57E7998E58E7AA8EAC
:10FEC00059E7A18E5AE7AC8E5BE7B08E5CE7C68E31
:10FED0005DE7B18E5EE7BE8E5FE7C58E60E7C88ED8
:10FEE00061E7CB8E62E7DB8E63E7E38E64E7FC8E2F
:10FEF00065E7FB8E66E7EB8E67E7FE8E68E70A8FA5
:10FF000069E7058F6AE7158F6BE7128F6CE7198F2A
:10FF10006DE7138F6EE71C8F6FE71F8F70E71B8FE6
:10FF200071E70C8F72E7268F73E7338F74E73B8F8F
:10FF300075E7398F76E7458F77E7428F78E73E8F11
:10FF400079E74C8F7AE7498F7BE7468F7CE74E8FC6
:10FF50007DE7578F7EE75C8F80E7628F81E7638F55
:10FF600082E7648F83E79C8F84E79F8F85E7A38F69
:10FF700086E7AD8F87E7AF8F88E7B78F89E7DA8F9E
:10FF80008AE7E58F8BE7E28F8CE7EA8F8DE7EF8FCB
:10FF90008EE787908FE7F48F90E7059091E7F98FD0
:10FFA00092E7FA8F93E7119094E7159095E72190E7
:10FFB00096E70D9097E71E9098E7169099E70B90BB
:10FFC0009AE727909BE736909CE735909DE739901C
:10FFD0009EE7F88F9FE74F90A0E75090A1E75190E0
:10FFE000A2E75290A3E70E90A4E74990A5E73E90C0
:10FFF000A6E75690A7E75890A8E75E90A9E7689013
:020000024000BC
:10000000AAE76F90ABE77690ACE7A896ADE7729061
:10001000AEE78290AFE77D90B0E78190B1E7809046
:10002000B2E78A90B3E78990B4E78F90B5E7A890DC
:10003000B6E7AF90B7E7B190B8E7B590B9E7E2900F
:10004000BAE7E490BBE74862BCE7DB90BDE702910A
:10005000BEE71291BFE71991C0E73291C1E7309135
:10006000C2E74A91C3E75691C4E75891C5E7639147
:10007000C6E76591C7E76991C8E77391C9E77291CF
:10008000CAE78B91CBE78991CCE78291CDE7A2912A
:10009000CEE7AB91CFE7AF91D0E7AA91D1E7B59189
:1000A000D2E7B491D3E7BA91D4E7C091D5E7C19133
:1000B000D6E7C991D7E7CB91D8E7D091D9E7D691C8
:1000C000DAE7DF91DBE7E191DCE7DB91DDE7FC914B
:1000D000DEE7F591DFE7F691E0E71E92E1E7FF91B9
:1000E000E2E71492E3E72C92E4E71592E5E7119238
:1000F000E6E75E92E7E75792E8E74592E9E749923B
:10010000EAE76492EBE74892ECE79592EDE73F92DD
:10011000EEE74B92EFE75092F0E79C92F1E7969270
:10012000F2E79392F3E79B92F4E75A92F5E7CF92C6
:10013000F6E7B992F7E7B792F8E7E992F9E70F9394
:10014000FAE7FA92FBE74493FCE72E9340E8199311
:1001500041E8229342E81A9343E8239344E83A9310
:1001600045E8359346E83B9347E85C9348E860935D
:1001700049E87C934AE86E934BE856934CE8B09379
:100180004DE8AC934EE8AD934FE8949350E8B993A3
:1001900051E8D69352E8D79353E8E89354E8E593AF
:1001A00055E8D89356E8C39357E8DD9358E8D093C1
:1001B00059E8C8935AE8E4935BE81A945CE814940D
:1001C0005DE813945EE803945FE8079460E8109498
:1001D00061E8369462E82B9463E8359464E82194EE
:1001E00065E83A9466E8419467E8529468E8449474
:1001F00069E85B946AE860946BE862946CE85E94EA
:100200006DE86A946EE829926FE8709470E87594CE
:1002100071E8779472E87D9473E85A9474E87C945A
:1002200075E87E9476E8819477E87F9478E8829503
:1002300079E887957AE88A957BE894957CE89695A5
:100240007DE898957EE8999580E8A09581E8A89545
:1002500082E8A79583E8AD9584E8BC9585E8BB95D1
:1002600086E8B99587E8BE9588E8CA9589E8F66F6B
:100270008AE8C3958BE8CD958CE8CC958DE8D5952B
:100280008EE8D4958FE8D69590E8DC9591E8E195D5
:1002900092E8E59593E8E29594E8219695E828960A
:1002A00096E82E9697E82F9698E8429699E84C960D
:1002B0009AE84F969BE84B969CE877969DE85C966B
:1002C0009EE85E969FE85D96A0E85F96A1E8669638
:1002D000A2E87296A3E86C96A4E88D96A5E8989695
:1002E000A6E89596A7E89796A8E8AA96A9E8A796FB
:1002F000AAE8B196ABE8B296ACE8B096ADE8B49691
:10030000AEE8B696AFE8B896B0E8B996B1E8CE9642
:10031000B2E8CB96B3E8C996B4E8CD96B5E84D8976
:10032000B6E8DC96B7E80D97B8E8D596B9E8F9963F
:10033000BAE80497BBE80697BCE80897BDE81397AE
:10034000BEE80E97BFE81197C0E80F97C1E816976F
:10035000C2E81997C3E82497C4E82A97C5E83097FC
:10036000C6E83997C7E83D97C8E83E97C9E844977B
:10037000CAE84697CBE84897CCE84297CDE849973A
:10038000CEE85C97CFE86097D0E86497D1E86697AD
:10039000D2E86897D3E8D252D4E86B97D5E8719742
:1003A000D6E87997D7E88597D8E87C97D9E88197F8
:1003B000DAE87A97DBE88697DCE88B97DDE88F97B9
:1003C000DEE89097DFE89C97E0E8A897E1E8A69739
:1003D000E2E8A397E3E8B397E4E8B497E5E8C397C6
:1003E000E6E8C697E7E8C897E8E8CB97E9E8DC973E
:1003F000EAE8ED97EBE84F9FECE8F297EDE8DF7A5B
:10040000EEE8F697EFE8F597F0E80F98F1E80C982A
:10041000F2E83898F3E82498F4E82198F5E837985A
:10042000F6E83D98F7E84698F8E84F98F9E84B98D1
:10043000FAE86B98FBE86F98FCE8709840E97198CF
:1004400041E9749842E9739843E9AA9844E9AF985E
:1004500045E9B19846E9B69847E9C49848E9C39890
:1004600049E9C6984AE9E9984BE9EB984CE90399C0
:100470004DE909994EE912994FE9149950E91899F3
:1004800051E9219952E91D9953E91E9954E924999A
:1004900055E9209956E92C9957E92E9958E93D9943
:1004A00059E93E995AE942995BE949995CE94599CC
:1004B0005DE950995EE94B995FE9519960E952997C
:1004C00061E94C9962E9559963E9979964E99899CA
:1004D00065E9A59966E9AD9967E9AE9968E9BC99BE
:1004E00069E9DF996AE9DB996BE9DD996CE9D899EB
:1004F0006DE9D1996EE9ED996FE9EE9970E9F1999D
:1005000071E9F29972E9FB9973E9F89974E9019A32
:1005100075E90F9A76E9059A77E9E29978E9199AE7
:1005200079E92B9A7AE9379A7BE9459A7CE9429AEC
:100530007DE9409A7EE9439A80E93E9A81E9559A9D
:1005400082E94D9A83E95B9A84E9579A85E95F9A33
:1005500086E9629A87E9659A88E9649A89E9699ADD
:100560008AE96B9A8BE96A9A8CE9AD9A8DE9B09A1F
:100570008EE9BC9A8FE9C09A90E9CF9A91E9D19A15
:1005800092E9D39A93E9D49A94E9DE9A95E9DF9AAD
:1005900096E9E29A97E9E39A98E9E69A99E9EF9A57
:1005A0009AE9EB9A9BE9EE9A9CE9F49A9DE9F19A13
:1005B0009EE9F79A9FE9FB9AA0E9069BA1E9189B9F
:1005C000A2E91A9BA3E91F9BA4E9229BA5E9239B0F
:1005D000A6E9259BA7E9279BA8E9289BA9E9299BD0
:1005E000AAE92A9BABE92E9BACE92F9BADE9329B94
:1005F000AEE9449BAFE9439BB0E94F9BB1E94D9B0A
:10060000B2E94E9BB3E9519BB4E9589BB5E9749BA1
:10061000B6E9939BB7E9839BB8E9919BB9E9969BAF
:10062000BAE9979BBBE99F9BBCE9A09BBDE9A89B4E
:10063000BEE9B49BBFE9C09BC0E9CA9BC1E9B99BB5
:10064000C2E9C69BC3E9CF9BC4E9D19BC5E9D29B54
:10065000C6E9E39BC7E9E29BC8E9E49BC9E9D49BEF
:10066000CAE9E19BCBE93A9CCCE9F29BCDE9F19B4D
:10067000CEE9F09BCFE9159CD0E9149CD1E9099C07
:10068000D2E9139CD3E90C9CD4E9069CD5E9089CDB
:10069000D6E9129CD7E90A9CD8E9049CD9E92E9C9A
:1006A000DAE91B9CDBE9259CDCE9249CDDE9219C43
:1006B000DEE9309CDFE9479CE0E9329CE1E9469CB9
:1006C000E2E93E9CE3E95A9CE4E9609CE5E9679C29
:1006D000E6E9769CE7E9789CE8E9E79CE9E9EC9CA7
:1006E000EAE9F09CEBE9099DECE9089DEDE9EB9C5A
:1006F000EEE9039DEFE9069DF0E92A9DF1E9269DCB
:10070000F2E9AF9DF3E9239DF4E91F9DF5E9449DCE
:10071000F6E9159DF7E9129DF8E9419DF9E93F9D3C
:10072000FAE93E9DFBE9469DFCE9489D40EA5D9D56
:1007300041EA5E9D42EA649D43EA519D44EA509D30
:1007400045EA599D46EA729D47EA899D48EA879D98
:1007500049EAAB9D4AEA6F9D4BEA7A9D4CEA9A9D25
:100760004DEAA49D4EEAA99D4FEAB29D50EAC49D70
:1007700051EAC19D52EABB9D53EAB89D54EABA9D25
:1007800055EAC69D56EACF9D57EAC29D58EAD99DC3
:1007900059EAD39D5AEAF89D5BEAE69D5CEAED9D35
:1007A0005DEAEF9D5EEAFD9D5FEA1A9E60EA1B9E90
:1007B00061EA1E9E62EA759E63EA799E64EA7D9E06
:1007C00065EA819E66EA889E67EA8B9E68EA8C9E4F
:1007D00069EA929E6AEA959E6BEA919E6CEA9D9EFA
:1007E0006DEAA59E6EEAA99E6FEAB89E70EAAA9E7F
:1007F00071EAAD9E72EA619773EACC9E74EACE9E6E
:1008000075EACF9E76EAD09E77EAD49E78EADC9E9F
:1008100079EADE9E7AEADD9E7BEAE09E7CEAE59E4E
:100820007DEAE89E7EEAEF9E80EAF49E81EAF69EEB
:1008300082EAF79E83EAF99E84EAFB9E85EAFC9EA3
:1008400086EAFD9E87EA079F88EA089F89EAB776CD
:100850008AEA159F8BEA219F8CEA2C9F8DEA3E9FA6
:100860008EEA4A9F8FEA529F90EA549F91EA639FD3
:1008700092EA5F9F93EA609F94EA619F95EA669F80
:1008800096EA679F97EA6C9F98EA6A9F99EA779F32
:100890009AEA729F9BEA769F9CEA959F9DEA9C9FAD
:1008A0009EEAA09F9FEA2F58A0EAC769A1EA599043
:1008B000A2EA6474A3EADC51A4EA997140FA7021B7
:1008C00041FA712142FA722143FA732144FA7421E8
:1008D00045FA752146FA762147FA772148FA7821B8
:1008E00049FA792155FAE4FF56FA07FF57FA02FF51
:1008F0005CFA8A7E5DFA1C895EFA48935FFA8892F8
:1009000060FADC8461FAC94F62FABB7063FA31663F
:1009100064FAC86865FAF99266FAFB6667FA455F99
:1009200068FA284E69FAE14E6AFAFC4E6BFA004FFB
:100930006CFA034F6DFA394F6EFA564F6FFA924FB9
:1009400070FA8A4F71FA9A4F72FA944F73FACD4F38
:1009500074FA405075FA225076FAFF4F77FA1E501B
:1009600078FA465079FA70507AFA42507BFA9450ED
:100970007CFAF4507DFAD8507EFA4A5180FA6451DC
:1009800081FA9D5182FABE5183FAEC5184FA1552D4
:1009900085FA9C5286FAA65287FAC05288FADB5230
:1009A00089FA00538AFA07538BFA24538CFA72534C
:1009B0008DFA93538EFAB2538FFADD5390FA0EFAF2
:1009C00091FA9C5492FA8A5493FAA95494FAFF54D7
:1009D00095FA865596FA595797FA655798FAAC578B
:1009E00099FAC8579AFAC7579BFA0FFA9CFA10FA65
:1009F0009DFA9E589EFAB2589FFA0B59A0FA535985
:100A0000A1FA5B59A2FA5D59A3FA6359A4FAA45951
:100A1000A5FABA59A6FA565BA7FAC05BA8FA2F75D1
:100A2000A9FAD85BAAFAEC5BABFA1E5CACFAA65C3E
:100A3000ADFABA5CAEFAF55CAFFA275DB0FA535D79
:100A4000B1FA11FAB2FA425DB3FA6D5DB4FAB85D6B
:100A5000B5FAB95DB6FAD05DB7FA215FB8FA345F7E
:100A6000B9FA675FBAFAB75FBBFADE5FBCFA5D60DE
:100A7000BDFA8560BEFA8A60BFFADE60C0FAD56052
:100A8000C1FA2061C2FAF260C3FA1161C4FA376197
:100A9000C5FA3061C6FA9861C7FA1362C8FAA6624D
:100AA000C9FAF563CAFA6064CBFA9D64CCFACE64E5
:100AB000CDFA4E65CEFA0066CFFA1566D0FA3B66DF
:100AC000D1FA0966D2FA2E66D3FA1E66D4FA2466E3
:100AD000D5FA6566D6FA5766D7FA5966D8FA12FA81
:100AE000D9FA7366DAFA9966DBFAA066DCFAB266BE
:100AF000DDFABF66DEFAFA66DFFA0E67E0FA29F978
:100B0000E1FA6667E2FABB67E3FA5268E4FAC067A3
:100B1000E5FA0168E6FA4468E7FACF68E8FA13FAFA
:100B2000E9FA6869EAFA14FAEBFA9869ECFAE26908
:100B3000EDFA306AEEFA6B6AEFFA466AF0FA736A17
:100B4000F1FA7E6AF2FAE26AF3FAE46AF4FAD66B30
:100B5000F5FA3F6CF6FA5C6CF7FA866CF8FA6F6C93
:100B6000F9FADA6CFAFA046DFBFA876DFCFA6F6D2C
:100B700040FB966D41FBAC6D42FBCF6D43FBF86DC6
:100B800044FBF26D45FBFC6D46FB396E47FB5C6E2A
:100B900048FB276E49FB3C6E4AFBBF6E4BFB886FE0
:100BA0004CFBB56F4DFBF56F4EFB05704FFB0770AF
:100BB00050FB287051FB857052FBAB7053FB0F71DB
:100BC00054FB047155FB5C7156FB467157FB477132
:100BD00058FB15FA59FBC1715AFBFE715BFBB172F0
:100BE0005CFBBE725DFB24735EFB16FA5FFB7773E2
:100BF00060FBBD7361FBC97362FBD67363FBE37378
:100C000064FBD27365FB077466FBF57367FB2674A0
:100C100068FB2A7469FB29746AFB2E746BFB62748F
:100C20006CFB89746DFB9F746EFB01756FFB6F75B8
:100C300070FB827671FB9C7672FB9E7673FB9B76D3
:100C400074FBA67675FB17FA76FB467777FBAF52F7
:100C500078FB217879FB4E787AFB64787BFB7A7895
:100C60007CFB30797DFB18FA7EFB19FA80FB1AFABF
:100C700081FB947982FB1BFA83FB9B7984FBD17AFD
:100C800085FBE77A86FB1CFA87FBEB7A88FB9E7B69
:100C900089FB1DFA8AFB487D8BFB5C7D8CFBB77D55
:100CA0008DFBA07D8EFBD67D8FFB527E90FB477F18
:100CB00091FBA17F92FB1EFA93FB018394FB62835D
:100CC00095FB7F8396FBC78397FBF68398FB48844D
:100CD00099FBB4849AFB53859BFB59859CFB6B85E0
:100CE0009DFB1FFA9EFBB0859FFB20FAA0FB21FA1B
:100CF000A1FB0788A2FBF588A3FB128AA4FB378A15
:100D0000A5FB798AA6FBA78AA7FBBE8AA8FBDF8A78
:100D1000A9FB22FAAAFBF68AABFB538BACFB7F8BB9
:100D2000ADFBF08CAEFBF48CAFFB128DB0FB768D7F
:100D3000B1FB23FAB2FBCF8EB3FB24FAB4FB25FA46
:100D4000B5FB6790B6FBDE90B7FB26FAB8FB1591B2
:100D5000B9FB2791BAFBDA91BBFBD791BCFBDE91C3
:100D6000BDFBED91BEFBEE91BFFBE491C0FBE591B5
:100D7000C1FB0692C2FB1092C3FB0A92C4FB3A92DB
:100D8000C5FB4092C6FB3C92C7FB4E92C8FB5992F2
:100D9000C9FB5192CAFB3992CBFB6792CCFBA7925D
:100DA000CDFB7792CEFB7892CFFBE792D0FBD79228
:100DB000D1FBD992D2FBD092D3FB27FAD4FBD592A8
:100DC000D5FBE092D6FBD392D7FB2593D8FB21939A
:100DD000D9FBFB92DAFB28FADBFB1E93DCFBFF92CC
:100DE000DDFB1D93DEFB0293DFFB7093E0FB57936B
:100DF000E1FBA493E2FBC693E3FBDE93E4FBF893F1
:100E0000E5FB3194E6FB4594E7FB4894E8FB9295BB
:100E1000E9FBDCF9EAFB29FAEBFB9D96ECFBAF96CC
:100E2000EDFB3397EEFB3B97EFFB4397F0FB4D97C2
:100E3000F1FB4F97F2FB5197F3FB5597F4FB579853
:100E4000F5FB6598F6FB2AFAF7FB2BFAF8FB2799D6
:100E5000F9FB2CFAFAFB9E99FBFB4E9AFCFBD99A04
:100E600040FCDC9A41FC759B42FC729B43FC8F9BCF
:100E700044FCB19B45FCBB9B46FC009C47FC709D21
:100E800048FC6B9D49FC2DFA4AFC199E4BFCD19EF7
:100E90000000000061001A03E0001703F8000703D8
:100EA000FF00010078010001300132010601390123
:100EB00010014A012E017901060180014D00430213
:100EC00081018201820184018401860187018701F9
:100ED00089018A018B018B018D018E018F019001A7
:100EE0009101910193019401F601960197019801F6
:100EF00098013D029B019C019D0120029F01A001E0
:100F0000A001A201A201A401A401A601A701A701B9
:100F1000A901AA01AB01AC01AC01AE01AF01AF0167
:100F2000B101B201B301B301B501B501B701B80117
:100F3000B801BA01BB01BC01BC01BE01F701C0018F
:100F4000C101C201C301C401C501C401C701C80177
:100F5000C701CA01CB01CA01CD011001DD010100A9
:100F60008E01DE011201F3010300F101F401F4012D
:100F7000F8012801220212013A020900652C3B0205
:100F80003B023D02662C3F02400241024102460202
:100F90000A015302400081018601550289018A013C
:100FA00058028F015A0290015C025D025E025F02EC
:100FB00093016102620294016402650266026702A3
:100FC000970196016A02622C6C026D026E029C010E
:100FD000700271029D01730274029F017602770212
:100FE000780279027A027B027C02642C7E027F0204
:100FF000A60181028202A90184028502860287027B
:10100000AE014402B101B20145028D028E028F028F
:1010100090029102B7017B030300FD03FE03FF036F
:10102000AC0304008603880389038A03B103110318
:10103000C2030200A303A303C4030803CC030300F9
:101040008C038E038F03D8031801F2030A00F903FF
:10105000F303F403F503F603F703F703F903FA03C5
:10106000FA033004200350041007600422018A04AC
:101070003601C1040E01CF040100C004D0044401B4
:1010800061052604000000007D1D0100632C001E88
:101090009601A01E5A01001F0806101F0606201FF9
:1010A0000806301F0806401F0606511F0700591F7B
:1010B000521F5B1F541F5D1F561F5F1F601F0806D6
:1010C000701F0E00BA1FBB1FC81FC91FCA1FCB1F2E
:1010D000DA1FDB1FF81FF91FEA1FEB1FFA1FFB1FA8
:1010E000801F0806901F0806A01F0806B01F0400F6
:1010F000B81FB91FB21FBC1FCC1F0100C31FD01FD8
:101100000206E01F0206E51F0100EC1FF21F0100AE
:10111000FC1F4E21010032217021100284210100A8
:101120008321D0241A05302C2F04602C0201672C57
:101130000601752C0201802C6401002D260841FF58
:101140001A030000443A5C534750726F6A65637437
:10115000735C4E4141544F535C56315C4F4449439C
:101160002D5245504F2D47484C2D4E4141544F5321
:101170005C6170706C69636174696F6E5C73646BE1
:101180005C65787465726E616C5C667265657274BC
:101190006F735C736F757263655C7461736B732ED0
:1011A0006300000049444C4500000000443A5C5391
:1011B0004750726F6A656374735C4E4141544F537C
:1011C0005C56315C4F4449432D5245504F2D4748A2
:1011D0004C2D4E4141544F535C6170706C6963619A
:1011E00074696F6E5C73646B5C65787465726E6154
:1011F0006C5C6672656572746F735C736F75726335
:10120000655C71756575652E63000000546D722014
:1012100053766300443A5C534750726F6A65637457
:10122000735C4E4141544F535C56315C4F444943CB
:101230002D5245504F2D47484C2D4E4141544F5350
:101240005C6170706C69636174696F6E5C73646B10
:101250005C65787465726E616C5C667265657274EB
:101260006F735C736F757263655C74696D657273BF
:101270002E630000546D725100000000443A5C532C
:101280004750726F6A656374735C4E4141544F53AB
:101290005C56315C4F4449432D5245504F2D4748D1
:1012A0004C2D4E4141544F535C6170706C696361C9
:1012B00074696F6E5C73646B5C65787465726E6183
:1012C0006C5C6672656572746F735C706F7274616A
:1012D000626C655C434D5349535C6E726635325C9B
:1012E000706F72745F636D7369732E63000000002A
:1012F0002E2E2F73646B2F6D6F64756C65732F6E5C
:101300007266782F68616C2F6E72665F7274632EDE
:1013100068000000443A5C534750726F6A6563741A
:10132000735C4E4141544F535C56315C4F444943CA
:101330002D5245504F2D47484C2D4E4141544F534F
:101340005C6170706C69636174696F6E5C73646B0F
:101350005C65787465726E616C5C667265657274EA
:101360006F735C736F757263655C706F72746162CA
:101370006C655C4D656D4D616E675C686561705F45
:10138000342E630043000000504F534958000000C2
:1013900020202020202020202068282828282020E5
:1013A000202020202020202020202020202020203D
:1013B00048101010101010101010101010101010F5
:1013C0008484848484848484848410101010101095
:1013D00010818181818181010101010101010101EE
:1013E00001010101010101010101011010101010A2
:1013F00010828282828282020202020202020202BF
:101400000202020202020202020202101010102066
:101410000007032004170201085710408000000055
:1014200084130400881404009C15040053756E0096
:101430004D6F6E0054756500576564005468750003
:101440004672690053617400000000004A616E003A
:10145000466562004D617200417072004D61790015
:101460004A756E004A756C004175670053657000DF
:101470004F6374004E6F7600446563000000000007
:10148000414D00504D000000C0150400BC15040083
:10149000BC150400BC150400BC150400BC150400F8
:1014A000BC150400BC150400BC150400BC150400E8
:1014B000FFFFFFFFFFFFFFFFFFFFFFFFFFFF00003A
:1014C000FC1404002C140400381504004C1404000F
:1014D00080140400E014040090150400EC140400CF
:1014E000256D2F25642F257900000000256120251A
:1014F00062202565202554202559000053756E640F
:101500006179004D6F6E6461790054756573646133
:1015100079005765646E657364617900546875720B
:10152000736461790046726964617900536174750E
:1015300072646179000000004A616E756172790021
:101540004665627275617279004D6172636800412F
:101550007072696C004D6179004A756E65004A755C
:101560006C79004175677573740053657074656DAF
:10157000626572004F63746F626572004E6F7665CC
:101580006D62657200446563656D6265720000009E
:1015900025483A254D3A255300000000159B0200CE
:1015A000319B02003D9B0200499B0200659B0200AB
:1015B000719B02007D9B02008B9B020000000000DB
:1015C0002E0000003031323334353637383961621D
:1015D00063646566303132333435363738394142E9
:1015E000434445461F1C1F1E1F1E1F1F1E1F1E1F7C
:1015F0001F1D1F1E1F1E1F1F1E1F1E1F6D016E01A0
:101600002100000022000000000000000000244033
:101610000000000000005940000000000088C340A6
:101620000000000084D797410080E03779C3414330
:10163000176E05B5B5B89346F5F93FE9034F384D38
:10164000321D30F94877825A3CBF737FDD4F1575E4
:10165000286E756C6C2900002D494E460000000074
:101660002D696E66000000002B494E460000000008
:101670002B696E66000000004E414E006E616E00E8
:1016800001000000000000000A000000000000004F
:101690006400000000000000E803000000000000FB
:1016A0001027000000000000A086010000000000DC
:1016B00040420F00000000008096980000000000EB
:1016C00000E1F5050000000000CA9A3B00000000A0
:1016D00000E40B540200000000E876481700000008
:1016E0000010A5D4E800000000A0724E1809000008
:1016F00000407A10F35A00000080C6A47E8D0300DB
:101700000000C16FF286230000008A5D7845630106
:10171000000064A7B3B6E00D0000E8890423C78A7F
:1017200000000000151C000004C002000CC00200F4
:1017300024C0020038C0020048C0020060C002009D
:101740000100000000000000000000000000000098
:101750000000000000000000000000000000000089
:101760000000000000000000000000000000000079
:101770000000000000000000000000000000000069
:101780000000E7030000000000000000000000006F
:101790000502050064000000000000410000A041B7
:1017A0007C000020F41D00209CE9020010000000D5
:1017B000E827002000280020640101030100000048
:1017C0006C2800208C28002001000000010000008F
:1017D0000000000000000000000000000000000009
:1017E00000000000000000000000000000000000F9
:1017F00000000000000000000000000000000000E9
:1018000000000000000000000000000000000000D8
:1018100000000000000000000000000000000000C8
:1018200000000000000000000000000000000000B8
:1018300000000000000000000000000000000000A8
:101840000000000000000000000000000000000098
:101850000000000000000000000000000000000088
:101860000000000000000000000000000000000078
:101870000000000000000000000000000000000068
:101880000000000000000000000000000000000058
:101890000000000000000000000000000000000048
:1018A0000000000000000000000000000000000038
:1018B0000000000000000000000000000000000028
:1018C0000000000000000000000000000000000018
:1018D0000000000000000000000000000000000008
:1018E000000000008DA7010059A9010019AB0100FB
:1018F000F5A601005DAD010069AD0100ADAD0100CF
:101900003DB801004DB801001DB901000100000003
:1019100003010101C00B03000000000000010000F2
:1019200050000000BC180300000000002C00002044
:10193000C8180300D0180300000000003000002089
:10194000A4180300E0180300020000003400002087
:10195000F4180300F818030002000000360000200D
:1019600014190300181903000000000038000020BB
:101970003019030038190300000000003C0000206B
:101980005019030058190300030000004000002014
:1019900068190300701903000300000048000020CC
:1019A0008819030090190300000000004400002083
:1019B000A4190300AC190300030000004900002033
:1019C00088190300C0190300000000004C0000202B
:1019D000D8190300E01903000000000050000020A7
:1019E000F0190300F8190300000000005400002063
:1019F0000C1A0300101A0300030000005800002016
:101A000068190300241A0300000000005C00002095
:101A1000381A0300401A0300010000006000002093
:101A2000541A0300581A030000000000640000204C
:101A3000681A03006C1A030003000000680000200D
:101A4000681903007C1A0300020000006A000020ED
:101A5000841A0300881A0300010000006C000020B3
:101A6000901A0300981A0300010000007000002083
:101A7000A01A0300A81A030003000000740000204D
:101A8000881903000C020020B81A030000000000AF
:101A9000CC0B0020CC1A030000000000D00B00206B
:101AA000E81A030002000000D40B0020FC1A030017
:101AB00003000000D60B00201C1B030000000000E8
:101AC000D80B0020341B030000000000DC0B0020BA
:101AD0004C1B030000000000E00B00205C1B030017
:101AE00002000000E40B00206C1B03000300000058
:101AF000E60B0020801B030003000000E70B002022
:101B0000941B030000000000E80B0020A01B030052
:101B100000000000EC0B0020AC1B030000000000E4
:101B2000F00B0020B81B030000000000F40B0020A5
:101B3000C41B030000000000F80B0020D01B0300B2
:101B400000000000FC0B0020700300200090D00378
:101B500020140400201404002014040020140400A5
:081B600020140400A44B012035
:040000030000137571
:00000001FF
